section,term,definition,example
A,[Amount] recoverable,The higher of fair value less costs to sell and value in use.,The asset's carrying amount exceeded its recoverable amount.
A,A mounts recognised (in the balance sheet and income statement),Amounts recorded in the financial statements.,The amounts recognised in the balance sheet include the deferred tax asset.
A,Accelerated depreciation allowances,Tax rules allowing faster write-down of assets.,Accelerated depreciation allowances reduce taxable profit in early years.
A,Acceptable under IFRSs,Describes an accounting treatment or presentation that complies with the requirements of International Financial Reporting Standards.,The proposed revenue recognition policy is acceptable under IFRSs and does not require any modification.
A,Accountability of management,Management's duty to account for its stewardship.,Accountability of management requires transparent reporting to owners.
A,Accounting,"The process of recording, classifying and summarising financial transactions.",Accounting provides the figures used in the annual report.
A,Accounting acquiree,The entity whose accounting is treated as the acquiree in a reverse acquisition.,"In a reverse acquisition, the legal parent is the accounting acquiree."
A,Accounting and Reporting by Retirement Benefit Plans,The standard that prescribes how retirement benefit plans report their obligations and plan assets to participants.,The plan's financial statements were prepared under the standard on Accounting and Reporting by Retirement Benefit Plans.
A,Accounting arbitrage,Exploiting differences between accounting rules to gain value.,The group used accounting arbitrage across two jurisdictions.
A,Accounting estimate,An approximation of a monetary amount when no precise measurement is possible.,The useful life of the machine is an accounting estimate.
A,Accounting for Government Grants and Disclosure of Government Assistance,Standard on accounting for government grants and related disclosures.,Government grants are recognised only when there is reasonable assurance of compliance.
A,Accounting for inventories,Measuring and reporting inventory at the lower of cost and net realisable value.,Accounting for inventories requires measuring them at the lower of cost and net realisable value.
A,Accounting for Investments in Associates,"The standard governing how an investor accounts for its significant influence investments in associates, normally using the equity method.","Under the equity method of accounting for investments in associates, the investor recognises its share of the associate's profit."
A,Accounting for revenue and associated expenses,Recognising revenue together with related expenses.,Accounting for revenue and associated expenses follows the accrual basis.
A,Accounting income,Profit measured under accounting rules rather than tax rules.,Accounting income may differ from taxable income.
A,Accounting mismatch,An inconsistency arising when related assets and liabilities are measured on different bases.,Measuring one item at fair value may create an accounting mismatch.
A,Accounting model,The framework of measurement and recognition bases an entity applies when preparing its financial statements.,The entity changed its accounting model for investment property from cost to fair value.
A,Accounting period,"Period covered by financial statements, usually one year.",The accounting period ends on 31 December each year.
A,Accounting policies,The specific principles and bases an entity applies in preparing financial statements.,The entity disclosed its accounting policies for inventories.
A,Accrual accounting assumption,"Transactions are recorded when they occur, not when cash moves.","Under the accrual basis, revenue is recognised when earned."
A,Accumulated depreciation,Total depreciation charged against an asset to date.,Accumulated depreciation is deducted from the asset's cost.
A,Accumulated profit or loss,The cumulative net earnings of an entity that have not been distributed as dividends or transferred to another reserve.,The board decided to retain the accumulated profit or loss to fund future capital expenditure.
A,Accumulating compensated absences,Paid absences that accumulate for future use.,Accumulating compensated absences are recognised as employees earn them.
A,Achieve comparability,Making financial statements comparable across entities and periods.,Uniform policies help achieve comparability between companies.
A,Acquired entity,The business or entity whose control is obtained by the acquirer.,The acquirer recognises the assets of the acquired entity at fair value.
A,Acquired goodwill,The excess of the consideration transferred over the fair value of identifiable net assets acquired in a business combination.,Acquired goodwill of 4 million was recognised and tested annually for impairment.
A,Acquired in a business combination,Asset or liability obtained through a business combination.,The patent was acquired in a business combination last year.
A,Acquiree,The business or entity that the acquirer obtains control over.,The acquiree's assets were measured at fair value.
A,Acquirer,The entity that obtains control of another entity.,The acquirer recognises the identifiable net assets at fair value.
A,Acquisition,A business combination where one entity obtains control of another.,The acquisition was accounted for using the acquisition method.
A,Acquisition date,The date on which the acquirer effectively obtains control of the acquiree in a business combination.,Consideration transferred is measured at fair value at the acquisition date.
A,Acquisition method,The method used to account for business combinations.,"Under the acquisition method, identifiable assets are measured at fair value."
A,Active market,A market where transactions occur frequently enough to provide pricing.,The shares are traded on an active market.
A,Active use,Use of an asset in the production or supply of goods and services.,The equipment is in active use in the manufacturing process.
A,Actively marketed,Describes an asset that is being actively offered for sale in its present condition at a reasonable price.,The building was actively marketed during the entire reporting period.
A,Actuarial assumptions,Demographic and financial estimates used to measure benefit obligations.,Actuarial assumptions include discount rates and mortality rates.
A,Actuarial gains and losses,Changes in the present value of a defined benefit obligation from experience adjustments.,Actuarial gains and losses arise from changes in actuarial assumptions.
A,Actuarial present value of promised retirement benefits,Present value of promised pension benefits using actuarial assumptions.,The actuarial present value of promised retirement benefits is disclosed annually.
A,Actuarial valuation,Valuation of benefit obligations using actuarial assumptions.,An actuarial valuation is performed annually for the pension plan.
A,Actuarial valuation method,A projected technique used to measure defined benefit obligations by estimating future payments and discounting them to present value.,The entity used the projected unit credit actuarial valuation method to measure its pension obligation.
A,Additional comparative information,Extra prior-period information beyond the minimum.,Additional comparative information was presented voluntarily.
A,Additional consideration,Extra payment transferred beyond the initial consideration in a transaction.,The acquirer paid additional consideration for the earn-out.
A,Additional disclosure,Supplementary information provided beyond the minimum required disclosures.,The entity provided additional disclosure about its related-party transactions.
A,Additional Exemptions for First-Time Adopters,Optional reliefs that ease the transition to IFRS for entities applying the standards for the first time.,The company used the Additional Exemptions for First-Time Adopters when measuring its pension obligation at transition.
A,Adjust for consolidation procedures,Correcting figures to remove intragroup effects before consolidation.,We must adjust for consolidation procedures before reporting.
A,Adjusted fair value,"Fair value modified to reflect specific rights, restrictions or conditions.",The adjusted fair value reflected the transfer restrictions.
A,Adjusted weighted-average shares,Weighted-average shares adjusted for dilutive potential shares.,Diluted EPS uses the adjusted weighted-average number of shares.
A,Adjusting event (after the balance sheet date),An event after the reporting date that requires adjustment.,The settlement of a court case was an adjusting event.
A,Adjusting event after the reporting period,An event occurring after the reporting date that provides evidence of conditions that existed at the end of the reporting period and requires adjustment.,A customer's bankruptcy after the year-end was an adjusting event after the reporting period because it confirmed an existing receivable impairment.
A,Adjustment,A change to a previously recorded amount.,The adjustment corrected the prior year's figures.
A,Administrative expenses,Costs of running the entity not tied to production or selling.,Administrative expenses include office salaries and rent.
A,Admission fees,Amounts charged for initial admission to a membership or service arrangement.,Admission fees are recognised as revenue when the service is provided.
A,Advance,"A payment made by a customer before goods or services are delivered, creating an obligation on the seller.","The customer paid a 10,000 advance before delivery of the equipment."
A,Adverse economic consequences,Negative financial effects arising from an event or decision.,The ruling had adverse economic consequences for the entity.
A,Adverse event,An unfavourable occurrence that may give rise to a loss or liability.,The insurer paid claims following the adverse event.
A,After-tax amount,An amount net of income tax.,The gain is reported as an after-tax amount.
A,Agency,A relationship where one party acts on behalf of another.,The agency arrangement gives the agent authority to bind the principal.
A,Aggregate,A total amount obtained by adding together individual components or items.,The note presents the aggregate of all related party transactions for the period.
A,Aggregation,Combining items into classes.,Aggregation of similar items aids understanding.
A,Aggregation criteria,Rules for grouping items that share similar characteristics for reporting.,The aggregation criteria determine how items are presented together.
A,Agreement date,The date on which the parties reach a binding agreement.,The fair values were measured as of the agreement date.
A,Agreements for the construction of real estate,Contracts to build real estate where revenue recognition depends on whether the agreement is treated as a sale of goods or a construction service.,"Under agreements for the construction of real estate, revenue may need to be recognised over time."
A,Agreements in progress,Contracts still being negotiated or not yet completed.,Revenue from agreements in progress is recognised over time.
A,Agricultural activity,Managing the biological transformation of living animals or plants for sale.,The farm's agricultural activity includes raising livestock.
A,Agricultural produce,The harvested product of a biological asset.,Agricultural produce is measured at fair value less costs to sell at harvest.
A,Agriculture,The standard covering biological assets and agricultural produce.,Agriculture addresses the accounting for biological assets.
A,Allocation,"The process of assigning a cost, revenue or amount to different periods, assets or activities.",The allocation of the purchase price to the identifiable assets acquired was completed within the measurement period.
A,Allocation method,The method used to allocate an amount.,The allocation method spreads cost over reporting periods.
A,Allowance,A contra account reducing the carrying amount of an asset.,The company recorded an allowance for doubtful debts.
A,Allowance account,A contra account recording estimated reductions in the value of a receivable.,The allowance account is deducted from gross receivables.
A,Allowed alternative treatment,An alternative accounting treatment that older standards permitted alongside the benchmark treatment.,"The company applied the allowed alternative treatment and revalued its property, plant and equipment."
A,American share option,Option that may be exercised at any time before expiry.,The American share option can be exercised any time.
A,Amortisation,Systematic allocation of the cost of an intangible asset over its useful life.,Amortisation of the patent is charged monthly.
A,Amortisation method,The method used to allocate a depreciable amount over useful life.,The straight-line amortisation method is applied to the intangible asset.
A,Amortisation period,The period over which an intangible asset is amortised.,The amortisation period reflects the asset's expected useful life.
A,Amortised cost,"The amount at which a financial asset or liability is measured after adjusting for principal repayments, accumulated amortisation and impairment.",The bond is measured at amortised cost using the effective interest method.
A,Amortised cost of a financial asset or financial liability,The amount measured using the effective interest method.,The loan is carried at amortised cost.
A,Amortising interest rate swap,A swap whose notional amount declines over its life.,The amortising interest rate swap hedged the loan repayments.
A,Amount of inventories,The carrying amount of inventory recognised in the financial statements.,The amount of inventories carried at net realisable value was disclosed.
A,Amount payable,"The monetary sum that an entity is obliged to pay, typically under a contract or liability.",The amount payable to suppliers at year end was disclosed in the notes.
A,Amount per share,Monetary value attributable to a single share.,The dividend amount per share was two liras.
A,Amounts recognised [in the statement of financial position or in the statement of comprehensive income],Monetary amounts recorded in the financial statements under applicable standards.,The note shows amounts recognised in the statement of financial position.
A,Analysis,Detailed examination of information to support decisions.,Management performed a sensitivity analysis of the cash flows.
A,Annual leave,Paid leave accruing to employees.,Annual leave is a short-term employee benefit.
A,Annual periods,Reporting periods of one year for which an entity presents its financial statements.,The entity presents financial statements for annual periods ending on 31 December.
A,Annuitant,A person receiving an annuity.,The annuitant receives annual payments for life.
A,Annuitisation,Converting a lump sum into a stream of regular payments.,Annuitisation turns the pension pot into monthly income.
A,Annuity,A series of equal payments made at regular intervals over a period.,The retiree receives a monthly annuity from the pension plan.
A,Antidilution,The effect whereby converting potential ordinary shares would increase earnings per share or reduce loss per share.,Those options were antidilutive and therefore excluded from diluted earnings per share.
A,Antidilutive,Increasing earnings per share or reducing loss per share.,Those potential shares are antidilutive and were excluded.
A,Appendix,A supplementary section attached to a standard or document.,The illustrative examples are presented in the appendix.
A,Applicability,Whether a standard or treatment applies to a situation.,The applicability of the standard depends on the entity type.
A,Application guidance,Guidance explaining how a standard is applied.,The application guidance explains how the standard is applied.
A,Application of requirements,The manner in which an entity applies the specific requirements of a standard to its transactions and balances.,The appendix provides guidance on the application of requirements relating to lease modifications.
A,Application supplement,Additional guidance supplementing a standard.,The application supplement clarifies the standard's use.
A,Applying the Restatement Approach Under IAS 29 Financial Reporting in Hyperinflationary Economies,Guidance on restating financial statements in hyperinflationary economies under IAS 29.,The entity applied the restatement approach under IAS 29.
A,Appraisal,An expert assessment of the value of an asset or liability.,An independent appraisal was obtained for the property.
A,Arm’s length transaction,"A transaction between unrelated, willing parties each acting in its own interest.",Related party disclosures confirm whether transactions were conducted on an arm's length basis.
A,Artistic-related intangible assets,Non-monetary assets arising from artistic works such as films.,Film rights are artistic-related intangible assets.
A,Asking price,The price a seller is willing to accept for an asset.,The quoted asking price was higher than the bid price.
A,Assess,To evaluate or measure something.,The entity must assess whether an indicator of impairment exists.
A,Assessing control,Evaluating whether an investor controls an investee.,"Assessing control requires evaluating power, exposure and returns."
A,Asset,A resource controlled by an entity as a result of past events from which future economic benefits are expected to flow.,The machine is recognised as an asset because it will generate future economic benefits.
A,Asset exchange transactions,Transactions exchanging one asset for another.,Asset exchange transactions are measured based on commercial substance.
A,Asset-specific performance risk,Risk that a particular asset will not perform as expected.,Asset-specific performance risk affects the fair value of the asset.
A,Assets acquired,The identifiable assets obtained by the acquirer in a business combination.,The assets acquired were measured at their acquisition-date fair values.
A,Assets held by a long-term employee benefit fund,Funds set aside in a separate long-term fund to settle employee benefit obligations.,Assets held by a long-term employee benefit fund are measured at fair value at each reporting date.
A,Assets retired from active use,Assets no longer used in operations but still held.,The plant lists assets retired from active use separately.
A,Associate,An entity over which the investor has significant influence.,The investment in the associate is accounted for using the equity method.
A,Audit report,The auditor's formal opinion on the financial statements.,The audit report gave an unmodified opinion.
A,Authorise [financial statements for issue],Formally approving financial statements for publication.,The board authorised the financial statements for issue.
A,Available-for-sale financial assets,"A former category of non-derivative financial assets designated as available for sale, measured at fair value with changes in other comprehensive income.",Gains on available-for-sale financial assets were previously recognised in other comprehensive income until disposal.
A,Award credits,Credits given to customers for future discounts.,Award credits are a separate performance obligation.
A,Corridor,A permitted range of actuarial gains and losses previously not recognised.,Actuarial gains within the corridor were deferred.
A,‘Cost of sales’ method,"A method presenting expenses analysed by function, showing cost of sales.","Under the ‘cost of sales’ method, expenses are classified by function."
B,Back-out,To reverse or eliminate an entry or an adjustment previously recognised.,The accountant had to back out the incorrect accrual before closing the period.
B,Balance sheet,"Statement showing assets, liabilities and equity at a date.",The balance sheet shows total assets of one million.
B,Balance sheet date,The date at the end of the reporting period for the statement of financial position.,Events after the balance sheet date were disclosed.
B,Balance sheet liability method,Method recognising deferred tax from balance sheet differences.,Deferred tax is calculated using the balance sheet liability method.
B,Bank,A financial institution taking deposits and lending.,Disclosures for banks address credit and liquidity risk.
B,Bank overdraft,A short-term borrowing facility that allows an entity to withdraw more money than its account balance.,The bank overdraft is repayable on demand and is presented as a current liability.
B,Bankruptcy,A legal process for insolvent entities.,Bankruptcy proceedings were disclosed as a subsequent event.
B,Bargain purchase,A business combination where consideration is below fair value of net assets.,The bargain purchase resulted in a gain for the acquirer.
B,Basic earnings per share,Profit attributable to ordinary shareholders divided by the weighted average number of shares.,The entity reported basic earnings per share of two lira.
B,Basic loan features,"Contractual terms of a debt instrument, such as interest and repayment, that are typical of a basic lending arrangement.",The instrument was assessed to have basic loan features and therefore met the solely payments of principal and interest test.
B,Basis adjustment,Adjustment to the tax base of an asset or liability.,A basis adjustment was made after the asset revaluation.
B,Basis for Conclusions,A document explaining the reasoning behind the conclusions in a standard.,The Basis for Conclusions explains why the Board rejected the alternative.
B,Basis point,One hundredth of a percentage point.,The interest rate rose by 25 basis points.
B,Bearer biological asset,Living assets held to produce goods.,"Bearer plants are accounted for as property, plant and equipment."
B,Benchmark treatment,"The preferred or reference accounting treatment allowed by a standard, used as the default approach unless an alternative is applied.",Entities should apply the benchmark treatment unless national regulations require an allowed alternative.
B,Beneficial contracts,Contracts entered into for the entity's benefit.,Beneficial contracts may be recognised in a business combination.
B,Beneficiary,A person or entity entitled to receive benefits from an arrangement.,The beneficiary receives the trust distributions.
B,Benefit,An advantage or entitlement received under a plan or contract.,Employees receive a pension benefit after retirement.
B,Benefit improvements,"Increases in the benefits of a defined benefit plan, which give rise to past service cost.",The benefit improvements granted this year increased the defined benefit obligation.
B,Benefit obligation,Present value of promised employee benefits payable.,The benefit obligation was measured at year end.
B,Benefit to users,The usefulness of financial information to primary users of financial statements.,Improved disclosures increase the benefit to users.
B,Best estimate,The most likely amount used to measure a provision.,The provision is measured at management's best estimate.
B,Bias,A tendency that distorts judgement or information.,Bias in estimates can affect the neutrality of information.
B,Bid bonds,Guarantees or bonds provided by a party to secure its performance when bidding for a contract.,The contractor lodged bid bonds to support its tender for the construction project.
B,Bid price,The price at which a buyer will purchase.,The bid price is used for short positions.
B,Bid-ask spread,The difference between the best bid and best ask price.,A narrow bid-ask spread indicates a liquid market.
B,Bifurcation methodology,An approach separating an embedded derivative from its host contract.,The bifurcation methodology was applied to the convertible bond.
B,Binding sale agreement,A legally enforceable agreement to sell an asset that commits the parties to the transaction.,"Because there was a binding sale agreement, the property was classified as held for sale."
B,Binomial,Two-outcome valuation model used for option pricing.,The binomial model valued the employee share options.
B,Biological asset,A living animal or plant within the scope of agricultural activity.,The biological asset was measured at fair value less costs to sell.
B,Biological transformation,"Growth, degeneration, production or procreation in living assets.",Biological transformation results in changes in an asset's fair value.
B,Black-Scholes-Merton formula,An option pricing model.,The Black-Scholes-Merton formula values the share option.
B,Board of directors,The governing body elected by shareholders to oversee the strategic direction and management of an entity.,The board of directors approved the annual financial statements for issue.
B,Bond,A debt security paying interest.,The bond is measured at amortised cost.
B,Bonus issue,Free shares issued to existing shareholders from reserves.,The company announced a one-for-ten bonus issue.
B,Bonus plan,An arrangement granting employees additional rewards based on performance.,The bonus plan rewards staff when annual targets are met.
B,Book of contracts,The complete set of insurance contracts an insurer manages together as a portfolio.,Management reviews the book of contracts regularly to assess insurance risk.
B,Book value,Amount at which an asset is recorded in the books.,The machine's book value is lower than its market value.
B,Borrower,The party that receives funds and is obligated to repay them.,The borrower must repay the loan with interest.
B,Borrowing Costs,Interest and other costs of borrowing funds.,Borrowing costs directly attributable to the asset are capitalised.
B,Bottom-up test,An impairment test starting at the lowest level of cash generation.,The bottom-up test assessed individual assets for impairment.
B,Brand,A marketing-related intangible asset such as a name or symbol that identifies a product and creates value for the entity.,An internally generated brand cannot be recognised as an intangible asset.
B,Build-operate-transfer,A concession model for delivering infrastructure.,"Under build-operate-transfer, the operator builds and runs the asset."
B,Business,An integrated set of activities and assets conducted for profit.,The acquirer purchased the business as a going concern.
B,Business combination involving entities orbusinesses under common control,A combination of entities all ultimately controlled by the same party.,The merger of two subsidiaries is a combination under common control.
B,Business Combinations,"The standard governing how an acquirer recognises and measures the assets, liabilities and goodwill in a combination.",The acquisition was accounted for in accordance with the standard on Business Combinations.
B,Business Combinations – Subsequent Adjustment of Fair Values and Goodwill Initially Reported,Later correction of provisional fair values and goodwill in combinations.,The standard addresses subsequent adjustment of fair values and goodwill initially reported.
B,Business Combinations- “Date of Exchange” and Fair Value of Equity Instruments,Guidance on the exchange date and fair value of equity instruments in business combinations.,The interpretation addressed the date of exchange in a business combination.
B,Business Combinations-Classification either as Acquisitions or Unitings of Interests,Classification of business combinations as acquisitions or mergers.,The combination was classified as an acquisition.
B,Business model,How an entity manages its financial assets.,The business model determines how financial assets are classified.
B,Business segment,A distinguishable component of an entity that engages in business activities earning revenues and incurring expenses.,Each business segment's results are reported separately in the segment note.
B,Business unit,A component of an entity's operations.,The business unit was reported as a separate component.
B,Buying segment,A component of an entity used as a unit for purchasing decisions.,The buying segment negotiated its own supply contracts.
B,By class of financial asset,Disaggregation of information according to categories of financial assets.,Credit risk is disclosed by class of financial asset.
B,By-product,"A secondary product produced incidentally in a joint production process, immaterial in value relative to the main product.",The by-product is measured at net realisable value and deducted from the cost of the main product.
C,Call options,Contracts giving the right to buy an asset.,Written call options are treated as liabilities.
C,Callable,A financial instrument that the issuer may redeem before maturity.,The bond is callable at the issuer's option.
C,Cap,An upper limit on an interest rate.,The loan carries a cap on the variable interest rate.
C,Capital,The resources invested in an entity.,Capital is presented within equity.
C,Capital appreciation,An increase in the value of an investment or asset over its original cost.,The investment was held primarily for capital appreciation rather than dividend income.
C,Capital approach,Maintaining capital in financial or physical terms.,The capital approach distinguishes financial and physical capital.
C,Capital asset pricing model,A model relating expected return to systematic risk.,The capital asset pricing model estimates the cost of equity.
C,Capital contribution,Resources contributed by owners in exchange for equity interests.,The parent made a capital contribution to its subsidiary.
C,Capital expenditure,Spending on acquiring or improving long-term assets that is capitalised rather than expensed.,"Capital expenditure on the new factory was recognised as property, plant and equipment."
C,Capital gain,Profit from selling a capital asset above cost.,It reported a capital gain on the land sale.
C,Capital maintenance,The concept that profit is earned only after capital is maintained.,Capital maintenance may be measured in financial or physical terms.
C,Capital maintenance adjustment,Adjustment to preserve capital in inflation accounting.,A capital maintenance adjustment was recognised in equity.
C,Capitalisation,Recording a cost as an asset.,Capitalisation of borrowing costs applies to qualifying assets.
C,Capitalisation of interest,The addition of borrowing costs directly attributable to the acquisition or construction of a qualifying asset to the cost of that asset.,Capitalisation of interest on the loan used to build the plant began once the construction started.
C,Capped interest rate,An interest rate with an upper limit.,The capped interest rate protects the borrower.
C,Capping mechanism,A feature limiting how high a rate or payment can rise.,The capping mechanism limits the interest rate on the loan.
C,Carried at cost,Measuring an asset or liability at its initial cost less adjustments.,Investments in subsidiaries are carried at cost in separate statements.
C,Carry forward,"To transfer an amount, such as a loss or balance, to a future period.",The unused tax loss may be carried forward to offset future taxable profits.
C,Carrying amount,Amount recognised in the statement of financial position.,The carrying amount of the building was revalued.
C,Cash,Currency on hand and demand deposits held by an entity.,"Cash includes notes, coins and bank deposits."
C,Cash alternative,The option to settle an award in cash instead of shares.,Employees were offered a cash alternative to the share award.
C,Cash basis,Recognising transactions when cash moves.,"Under the cash basis, revenue is recognised when cash is received."
C,Cash equivalents,"Short-term, highly liquid investments that are readily convertible to known amounts of cash and subject to insignificant risk of change in value.",Cash equivalents include treasury bills with a maturity of three months or less.
C,Cash flow,A movement of cash into or out of an entity.,The cash flow forecast covers the next twelve months.
C,Cash flow hedge,A hedge of exposure to variability in cash flows.,The forward contract was designated as a cash flow hedge.
C,Cash flow projections,Estimated future cash inflows and outflows used in valuation.,The impairment test used five-year cash flow projections.
C,Cash flow risk,The risk that the amount of future cash flows associated with a financial instrument will fluctuate.,A variable-rate loan exposes the entity to cash flow risk.
C,Cash flow statement = Statement of cash flows,Statement reporting cash inflows and outflows over a period.,The cash flow statement shows strong operating inflows.
C,Cash Flow Statements,A statement showing cash inflows and outflows during a period.,"The cash flow statement classifies flows into operating, investing and financing."
C,Cash flows,Inflows and outflows of cash and cash equivalents.,The statement of cash flows reports operating cash flows.
C,Cash generating unit,The smallest group of assets generating cash inflows.,Impairment is tested at the level of the cash generating unit.
C,Cash inflow,"An increase in cash and cash equivalents arising from operating, investing or financing activities.",The largest cash inflow during the year came from the sale of a subsidiary.
C,Cash instrument hedging,Hedging using cash instruments.,Cash instrument hedging reduces foreign exchange exposure.
C,Cash on hand,Currency and coins physically held by the entity.,Cash on hand is counted at the close of each day.
C,Cash outflow,A payment of cash that reduces an entity's cash balance.,Purchasing equipment resulted in a significant cash outflow.
C,Cash payments,Outflows of cash and cash equivalents reported by an entity during the period.,Cash payments to suppliers are classified as operating cash flows.
C,Cash price equivalent,Amount that would be paid if payment were immediate.,The asset was recorded at its cash price equivalent.
C,Cash proceeds,Cash received from a transaction or disposal.,The cash proceeds from the sale were recognised immediately.
C,Cash surrender value,The amount received on cancelling an insurance policy.,The policy's cash surrender value was recognised as an asset.
C,Cash-settled share option,A share-based payment settled in cash.,A cash-settled share option creates a liability.
C,Cash-settled share-based payment transaction,A share-based payment transaction in which the entity settles the obligation in cash based on the value of equity instruments.,The obligation under the cash-settled share-based payment transaction is measured at each reporting date.
C,Catastrophe bond,A bond that transfers catastrophe risk to investors.,The catastrophe bond transferred risk to investors.
C,Catastrophe provisions,Reserves set aside for losses from major catastrophic events.,The insurer increased its catastrophe provisions after the storm.
C,Cedant,The party that transfers a risk or asset to another.,The cedant transferred part of the risk to the reinsurer.
C,Certificates of deposit,Negotiable bank instruments representing a time deposit that can be traded before maturity.,The treasury invested surplus cash in certificates of deposit with a three-month term.
C,Cessation (of capitalisation),Point when adding costs to an asset's value stops.,Cessation of capitalisation occurred when the asset was ready.
C,Change in accounting estimate,"An adjustment to a previously recognised estimate, applied prospectively.",A change in accounting estimate is applied prospectively.
C,"Changes in Existing Decommissioning, Restoration and Similar Liabilities",Changes in provisions for decommissioning and restoration.,Changes in existing decommissioning liabilities are added to the asset cost.
C,Chief executive officer,The most senior executive of an entity.,The chief executive officer is a member of key management personnel.
C,Chief operating decision maker,The person or group responsible for allocating resources and assessing the performance of operating segments.,Operating segments are identified on the basis of reports reviewed by the chief operating decision maker.
C,Claim,A demand for payment or a right.,The claim was recognised as a provision.
C,Claims development,The pattern over time of how insurance claims are reported and settled.,Claims development tables show incurred losses by year.
C,Class A preference share,A class of shares carrying preferential rights over ordinary shares.,Class A preference shares rank ahead for dividend payments.
C,Class of assets,A grouping of assets of similar nature and use for disclosure and revaluation purposes.,Revaluations must be applied to an entire class of assets to avoid selective measurement.
C,Class of financial assets,Group of financial assets with similar characteristics.,Disclosure is required by class of financial assets.
C,Class of financial instruments,A grouping of financial instruments with similar characteristics.,Disclosures are provided by class of financial instruments.
C,"Class of property, plant and equipment",A grouping of PP&E of similar nature and use.,"Revaluation is applied to an entire class of property, plant and equipment."
C,Classification,Assigning items to categories.,Classification of financial assets depends on the business model.
C,Classification of Financial Instruments – Contingent Settlement Provisions,Guidance on how contingent settlement provisions affect whether a financial instrument is classified as a liability or equity.,The interpretation addresses the classification of financial instruments where contingent settlement provisions exist.
C,Classification of inventory,Categorising inventory items.,Classification of inventory distinguishes raw materials and finished goods.
C,Classification of rights issues,Determining whether a rights issue is debt or equity.,The classification of rights issues depends on the currency.
C,Clean-up call,An option to redeem a remaining balance when it becomes insignificant.,The issuer exercised the clean-up call on the remaining notes.
C,Close members of the family of the individual,"Family members who may be expected to influence, or be influenced by, that individual in their dealings with the entity.",Sales to close members of the family of the individual were disclosed as related party transactions.
C,Closely related,Having a strong economic connection to a transaction or party.,The two contracts are closely related and treated together.
C,Closing market prices,Quoted prices at the close of trading on a market.,The shares were valued using closing market prices.
C,Closing rate,The spot exchange rate at the reporting date.,Monetary items are translated at the closing rate.
C,Co-operative,An entity owned and controlled by its members.,A co-operative is controlled by its members rather than investors.
C,Collar,A combination of a cap and a floor that limits the range within which an interest rate or price may fluctuate.,The entity entered into an interest rate collar to limit its exposure to changes in market rates.
C,Collateral,Assets pledged to secure a loan.,The collateral secures the bank loan.
C,"Collateralised (asset, borrowing)",Backed by assets pledged as security for an obligation.,The collateralised borrowing is secured by receivables.
C,Collectability,The likelihood that amounts due will actually be collected.,Revenue is recognised only when collectability is reasonably assured.
C,Collection,The receipt of cash from customers in settlement of receivables.,Collection of overdue trade receivables improved the company's cash position.
C,Collection date,Date on which a receivable is expected to be collected.,The collection date was postponed to March.
C,Collective marks,Marks distinguishing goods of members of an association.,"Collective marks are owned by the association, not one member."
C,Collective power,Power held jointly by more than one party.,The two investors hold collective power over the entity.
C,Combined instrument,An instrument with both liability and equity components.,A convertible bond is a combined instrument.
C,Commencement,The date on which a lease or other arrangement takes effect and the related rights and obligations arise.,The lessee recognises a right-of-use asset at the commencement of the lease.
C,Commencement of the lease term,The date the lessee may use the leased asset.,The lease liability is measured at commencement of the lease term.
C,Commercial loans,Loans extended to businesses rather than individuals.,Commercial loans carry terms suited to business needs.
C,Commercial paper facilities,Arrangements enabling short-term unsecured debt issuance.,The company drew on its commercial paper facilities for working capital.
C,Commercial substance,The requirement that a transaction changes an entity's future cash flows to be recognised.,The exchange of assets lacked commercial substance because the cash flows did not change.
C,Commercially viable quantities of mineral resources,Mineral deposits extractable profitably on a commercial basis.,Exploration ceased once commercially viable quantities were confirmed.
C,Commission,A fee paid to an agent for facilitating a transaction.,The broker earned a commission on the sale.
C,Commitment,A binding agreement to perform a future act.,The entity disclosed a firm commitment for a capital purchase.
C,Commitment date,The date on which a commitment is made.,The commitment date affects the measurement of the arrangement.
C,Commitment fee,A fee charged by a lender for committing to make funds available under a loan facility.,The commitment fee is amortised over the life of the loan facility.
C,Commodity,A basic good traded in markets.,The commodity is measured at fair value.
C,Comparability,The quality allowing users to identify similarities and differences.,Comparability requires consistent accounting policies.
C,Comparability over time,The quality allowing users to compare an entity's statements across periods.,Consistent policies improve comparability over time.
C,Comparable interim period,The corresponding interim period of the prior year presented for comparison in interim financial statements.,The half-year results were presented alongside the comparable interim period of the previous year.
C,Comparative balance sheet,Balance sheet presented alongside a prior period's figures.,The comparative balance sheet covers the previous year.
C,Comparative information,Prior-period amounts presented alongside current-period figures.,Comparative information was restated for consistency.
C,Comparative statement of financial position,A balance sheet presented with the prior period for comparison.,A comparative statement of financial position is presented for the prior year.
C,Compensated absences,Paid leave such as vacation or sick leave.,Compensated absences are recognised when employees render service.
C,Compensation,"Amounts payable to employees or third parties, or received as redress for a loss or damage.",The entity received compensation from its insurer for the fire damage to the warehouse.
C,Competitive harm exemption,An exemption from disclosure that would harm competitiveness.,The entity applied the competitive harm exemption to segment data.
C,Complementary assets,Assets that together create benefits greater than in isolation.,The software and hardware are complementary assets.
C,Complete set of financial statements,"The full statements required, including balance sheet, profit or loss, and notes.",The entity presented a complete set of financial statements.
C,Completeness,The property that financial information includes all transactions and events necessary for users' understanding.,The auditor assessed the completeness of the recorded liabilities.
C,Compliance with International Accounting Standards,Conforming financial statements to international accounting standards.,The notes confirm compliance with International Accounting Standards.
C,Component,A part of an item that is accounted for separately.,A significant component of the asset was replaced.
C,Component of an entity,Operations whose activities can be distinguished operationally.,A discontinued component of the entity was reported separately.
C,Components of equity,The separate parts making up equity.,Share capital and reserves are components of equity.
C,Compound financial instrument,"A non-derivative financial instrument that contains both a liability and an equity component, such as a convertible bond.",The convertible bond is a compound financial instrument split into a liability and an equity component.
C,Compound financial instruments,Instruments with both equity and liability components.,Compound financial instruments are split into their components.
C,Compound instrument,A financial instrument containing both liability and equity components.,A convertible bond is a compound instrument.
C,Concentration of (credit etc) risk,Exposure to a single counterparty or similar risks grouped together.,The entity disclosed its concentration of credit risk by customer.
C,Confidence level,The probability that the actual outcome will fall within a stated range in actuarial or risk measurements.,The actuary used a 95% confidence level when estimating the provision.
C,Configuration of the cash flows,Character of cash flows tied to a transferred asset.,The configuration of the cash flows affected the accounting treatment.
C,Consensus,General agreement among parties on a particular matter.,The committee reached a consensus on the interpretation.
C,Consequential amendment,An amendment made as a result of another change.,A consequential amendment was made to the related standard.
C,Consideration,What is given in exchange for something.,The consideration transferred was measured at fair value.
C,Consistency – Alternative Methods,"The accounting principle requiring an entity to apply the same method consistently from period to period, including when using alternative methods.","Consistency requires that once an alternative method is chosen, it is applied consistently in subsequent periods."
C,Consistency – Capitalisation of Borrowing Costs,Applying the same accounting policy consistently.,Consistency in capitalising borrowing costs is expected.
C,Consistency – Different Cost Formulas for Inventories,Requiring consistent use of inventory cost formulas across periods.,The guidance addresses consistency of different cost formulas for inventories.
C,Consolidated and Separate Financial Statements,Standards governing group and standalone financial statement presentation.,Consolidated and separate financial statements follow different measurement rules.
C,Consolidated balance sheet,"A statement presenting the assets, liabilities and equity of a parent and its subsidiaries as a single entity.",The consolidated balance sheet combines the parent and all its subsidiaries.
C,Consolidated financial statements,Group statements combining parent and subsidiaries as one entity.,The group prepares consolidated financial statements annually.
C,Consolidated Financial Statements and Accounting for Investments in Subsidiaries,Standards governing group financial statements and subsidiary investments.,Consolidated financial statements present the group as a single entity.
C,Consolidated group,A parent and its subsidiaries presented as one entity.,The consolidated group includes all controlled subsidiaries.
C,Consolidated statement of financial position,A group balance sheet combining parent and subsidiaries.,The consolidated statement of financial position eliminates intragroup balances.
C,Consolidation,The process of combining the financial statements of a parent and its subsidiaries into a single set of financial statements.,Consolidation is required for all subsidiaries controlled by the parent entity.
C,Consolidation adjustments,Adjustments made when consolidating statements.,Consolidation adjustments eliminate intragroup profits.
C,Consolidation and Equity Method – Potential Voting Rights and Allocation of Ownership Interests,Guidance on potential voting rights and ownership interest allocation.,Potential voting rights affect consolidation and the equity method.
C,Consolidation purposes,The objectives served by combining a parent and its subsidiaries.,Uniform accounting policies are applied for consolidation purposes.
C,Consolidation—special purpose entities,Guidance on when an entity must consolidate a special purpose entity it controls.,"Under the rules on consolidation of special purpose entities, the fund was included in the group accounts."
C,Construction contract,Contract for building assets over a agreed period.,Revenue on the construction contract is recognised over time.
C,Construction Contracts,Contracts specifically negotiated for the construction of an asset.,Revenue from construction contracts is recognised by stage of completion.
C,Construction or upgrade services,Services that build or improve infrastructure assets.,Revenue from construction or upgrade services is recognised over time.
C,Constructive obligation,An obligation arising from established practice or policy.,A constructive obligation may arise from a published policy.
C,Consumer price index,A measure of the average change over time in the prices paid by consumers for a basket of goods and services.,The economy was considered hyperinflationary because the cumulative consumer price index exceeded 100 per cent over three years.
C,Contingency,A condition whose outcome is uncertain.,The contingency was disclosed but not recognised.
C,Contingent asset,"A possible asset arising from past events, confirmed only by future events.",The contingent asset is disclosed but not recognised.
C,Contingent consideration,Additional consideration payable depending on future events or performance.,Contingent consideration is measured at fair value at acquisition date.
C,Contingent consideration arrangement,An agreement to pay additional consideration in a business combination if specified future events occur.,The contingent consideration arrangement required the acquirer to pay more if profit targets were met.
C,Contingent liability,Possible obligation depending on uncertain future events.,A contingent liability was disclosed but not recognised.
C,Contingent rent,Lease payments that vary based on future conditions.,Contingent rent depends on the tenant's sales volume.
C,Contingent settlement provision,A provision whose settlement depends on future events.,A contingent settlement provision was recognised for the guarantee.
C,Contingent share agreement,An agreement to issue shares contingent on conditions.,The contingent share agreement depends on future profits.
C,Contingently issuable ordinary shares,"Ordinary shares that an entity may be required to issue upon the satisfaction of certain conditions, included in diluted EPS calculations.",Contingently issuable ordinary shares are included in the diluted earnings per share calculation when the conditions are met.
C,Contingently issuable shares,Shares issuable only if certain conditions are met.,Contingently issuable shares are included in diluted EPS when conditions are met.
C,Continuing involvement,Ongoing exposure to transferred assets retained by the transferor.,The transferor retained continuing involvement in the receivables.
C,Continuing involvement approach,A method measuring retained interests after transferring a financial asset.,The continuing involvement approach was applied to the transferred receivables.
C,Continuing operations,The operations of an entity that are not discontinued and are presented separately in the income statement.,Profit from continuing operations rose despite the disposal of the retail division.
C,Contract,Agreement creating enforceable rights and obligations between parties.,The contract was signed by both parties in June.
C,Contract-based intangible assets,Intangible assets arising from contractual or legal rights.,Licences are contract-based intangible assets.
C,Contracts that may be settled in (ordinary) shares or cash,Contracts giving the entity or holder a choice of shares or cash.,Contracts settled in shares or cash are treated as compound instruments.
C,Contractual arrangement,An arrangement governed by a contract.,The service is provided under a contractual arrangement.
C,Contractual cash flows,"The cash flows specified by the terms of a contract, used to assess whether a financial asset meets the solely payments of principal and interest test.",The business model is assessed based on how the contractual cash flows are collected.
C,Contractual completion,The date contractual obligations are fulfilled.,Revenue may be recognised on contractual completion.
C,Contractual maturity analysis,Analysis of when financial liabilities fall due under contracts.,The contractual maturity analysis shows cash flows by period.
C,Contractual obligation,A duty enforceable by law arising from a contract.,The entity had a contractual obligation to deliver the goods.
C,Contractual right to receive the cash flows,A legal entitlement arising from a contract to receive the cash flows of a financial asset.,The entity transferred its contractual right to receive the cash flows to the factor.
C,Contractual rights,Enforceable rights arising from a contract.,Goodwill includes certain contractual rights.
C,Contractual terms and conditions,The stated provisions governing rights and obligations of a contract.,The instrument's classification depends on its contractual terms and conditions.
C,Contractual-legal criterion,Criterion identifying an intangible asset by legal or contractual rights.,The contractual-legal criterion supported recognising the intangible asset.
C,Contractually linked instruments,Instruments whose cash flows are linked by contract.,Contractually linked instruments are assessed as a group.
C,Contributed equity,The amount of capital contributed by shareholders in exchange for shares in the entity.,Contributed equity increased following the issue of new shares to existing shareholders.
C,Contribution,A payment into a plan or by owners.,The contribution to the pension plan was paid annually.
C,Contributor,A party that provides assets or funding to an arrangement.,Each contributor receives benefits proportionate to its share.
C,Control,The power to govern an entity's financial and operating policies for benefits.,The parent has control over its subsidiary.
C,Control (of an asset),The power to obtain the economic benefits from an asset and to restrict others' access to those benefits.,The lessee obtained control of the asset and recognised a right-of-use asset.
C,Control (of an enterprise),Power to govern financial and operating policies of an entity.,Control of the enterprise was obtained in October.
C,Control (of an entity),The power to govern financial and operating policies for benefits.,The parent obtained control of the subsidiary in March.
C,Control number,Number evidencing the residual effect of potential ordinary shares.,The control number confirms the diluted loss per share position.
C,Controlled entity,An entity controlled by another entity.,A controlled entity is consolidated by its parent.
C,Convenience translation,"The translation of financial statements into another currency solely for the convenience of readers, without restating in accordance with standards.",The convenience translation of the financial statements was prepared using the closing exchange rate.
C,Convergence,Aligning national and international standards.,Convergence aims to harmonise accounting standards globally.
C,Conversion factor,The ratio used to convert a convertible instrument into shares.,The conversion factor determines shares per bond.
C,Conversion option,A right to convert one financial instrument into another.,The conversion option is an embedded derivative in the bond.
C,Convertible bonds,Bonds that may be converted by the holder into a fixed number of the issuer's ordinary shares.,The convertible bonds were split into a liability component and an equity component.
C,Convertible debt,Debt exchangeable into equity shares of the issuer.,The convertible debt was split into liability and equity.
C,Convertible instruments,Financial instruments that may be converted into equity shares.,Convertible instruments are split into liability and equity components.
C,Convertible preference share,A preference share convertible into ordinary shares.,Convertible preference shares are included in diluted EPS.
C,Copyright,A legal right over creative works.,The copyright was recognised as an intangible asset.
C,Core goodwill,The portion of goodwill that represents the expected synergies and going concern element of an acquired business.,Core goodwill represents the expected synergies from combining the two businesses.
C,Corporate assets,Assets that serve the entity as a whole.,Corporate assets are allocated when testing groups of units.
C,Cost,The amount of resources sacrificed to acquire an asset.,The asset is measured at cost on initial recognition.
C,Cost formula,A technique such as FIFO or weighted average assigning inventory costs.,The entity applies the weighted average cost formula to inventory.
C,Cost method,"A measurement method that records assets at their acquisition cost, used for certain investments and for inventory under specific rules.","Under the cost method, the subsidiary investment was carried at its original purchase price."
C,Cost model,Accounting policy carrying assets at cost less depreciation.,The entity applies the cost model to its buildings.
C,Cost of an acquisition,The consideration paid to obtain control of another entity.,The cost of an acquisition includes cash and equity issued.
C,Cost of an asset acquired in exchange or part exchange for dissimilar asset,Cost measured at fair value when assets of different nature are exchanged.,The cost of an asset exchanged for a dissimilar asset is its fair value.
C,Cost of an asset acquired in exchange or part exchange for similar asset,Cost when assets of a similar nature are exchanged.,"For similar assets, the cost is the carrying amount of the asset given up."
C,Cost of an investment,"The amount paid or the fair value of consideration given to acquire an investment, including directly attributable transaction costs in some cases.",The cost of an investment in a subsidiary includes the fair value of the consideration transferred.
C,"Cost of an investment in a subsidiary, jointly controlled entity or associate",The cost of an investment in another entity.,The cost of the investment is measured at the fair value of the consideration.
C,Cost of conversion,Costs incurred to convert materials into finished goods.,Cost of conversion includes direct labour and overheads.
C,Cost of inventories,"The total cost of purchase, conversion, and other costs of inventory.",The cost of inventories includes conversion costs.
C,Cost of inventories of a service provider,"The costs a service provider recognises for inventories, mainly labour and other costs directly related to providing the service.","For the consultancy, the cost of inventories of a service provider consisted primarily of direct staff time."
C,Cost of purchase,Price paid plus directly attributable acquisition expenditures.,Inventory was measured at cost of purchase.
C,Cost plus contract,A contract where the contractor is reimbursed costs plus a fee.,"Under a cost plus contract, allowable costs are reimbursed."
C,Cost plus method,A transfer pricing method adding a mark-up to costs.,"Under the cost plus method, a mark-up is added to the supplier's costs."
C,Cost recovery approach,Recognising revenue only up to recoverable costs.,The cost recovery approach recognises revenue to the extent of costs.
C,Cost-based measurement,"A measurement approach that records an item at its historical cost, adjusted for depreciation, amortisation or impairment.",Investment property held for own use is subject to cost-based measurement under the chosen model.
C,Costs of conversion,Costs of converting materials into finished goods.,Costs of conversion include labour and overheads.
C,Costs of disposal,Incremental costs directly attributable to disposing of an asset.,Costs of disposal are deducted from fair value.
C,Costs of Modifying Existing Software,Expenditures incurred to alter or upgrade already-acquired software.,Costs of modifying existing software were capitalised.
C,Costs to sell,"The incremental costs directly attributable to the disposal of an asset, excluding finance costs and income tax.",The asset was written down to fair value less costs to sell.
C,Counterparty,Other party to a financial instrument or transaction.,The counterparty failed to settle the derivative.
C,Country of domicile,The country where an entity has its registered or principal office.,The entity disclosed its country of domicile in the notes.
C,Country of incorporation or residence,The country where an entity is incorporated or resident.,The country of incorporation determines the applicable tax rules.
C,Coupon,The interest payment on a bond.,The bond pays a fixed annual coupon.
C,Create or enlarge an accounting mismatch,"To cause or worsen a situation in which the recognition and measurement of related items are inconsistent, giving rise to measurement or recognition inconsistency.",An entity may use fair value option only if it eliminates or significantly reduces an accounting mismatch.
C,Credit derivative default product,A derivative protecting against default.,The credit derivative transfers default risk.
C,Credit enhancements,Arrangements that improve the credit quality of an obligation.,Credit enhancements reduce the risk borne by investors.
C,Credit exposures,The amounts at risk of loss from counterparty default.,Credit exposures are monitored against approved limits.
C,Credit facilities,Arrangements under which an entity may borrow funds from a lender up to an agreed limit.,The company secured additional credit facilities to fund its expansion.
C,Credit insurance contract,Insurance protecting against customer default on receivables.,The company holds a credit insurance contract on exports.
C,Credit quality,An assessment of the creditworthiness of a financial asset or counterparty.,The entity disclosed the credit quality of its receivables.
C,Credit risk,The risk that a counterparty fails to meet its obligations.,The entity disclosed its maximum exposure to credit risk.
C,Credit spread,The yield difference reflecting credit risk.,A wider credit spread increases the discount rate.
C,Creditors,Parties that have provided credit to an entity and to whom the entity owes money.,The financial statements provide useful information to existing and potential creditors.
C,Creditworthiness,The ability to repay debt.,The lender assessed the borrower's creditworthiness.
C,Criteria for recognising,Conditions that must be met before an item is recorded.,The criteria for recognising a provision include a present obligation.
C,Cross-reference,A pointer linking information presented in different parts of the statements.,The note contains a cross-reference to the balance sheet.
C,CTDs,The cumulative exchange differences arising on translating the financial statements of a foreign operation.,"On disposal of the foreign subsidiary, the accumulated CTDs were reclassified to profit or loss."
C,Cumulative additional depreciation,Total extra depreciation charged since an asset's revaluation.,Cumulative additional depreciation was transferred to retained earnings.
C,Cumulative interest accreted,Total interest accumulated on a financial instrument to date.,The cumulative interest accreted increased the carrying amount.
C,Cumulative preference dividends,Unpaid preference dividends that accumulate.,Cumulative preference dividends are deducted from profit for EPS.
C,Cumulative translation differences,Exchange differences accumulated in equity.,Cumulative translation differences are reclassified on disposal.
C,Currency risk,The risk that the fair value or future cash flows of a financial instrument will fluctuate because of changes in foreign exchange rates.,The entity discloses its currency risk exposure by currency and maturity.
C,Currency translation,Converting amounts into another currency.,Currency translation uses the closing rate for assets.
C,Currency units,The monetary units in which amounts are measured and presented.,Amounts are expressed in currency units of the reporting entity.
C,Current asset,An asset expected to be realised within the normal operating cycle.,Inventory is classified as a current asset.
C,Current cost,The amount of cash or cash equivalents that would have to be paid to acquire an asset at the present time.,The current cost of replacing the machinery was far higher than its historical cost.
C,Current cost approach,Measurement using the current cost to replace an asset.,The current cost approach reflects today's replacement prices.
C,Current investment,An investment expected to be realised within one year.,The current investment is measured at fair value.
C,Current liabilities,Obligations expected to be settled within twelve months.,Trade payables are presented under current liabilities.
C,Current offer price,The current quoted price of an instrument.,The fair value was based on the current offer price.
C,Current service cost,The increase in the present value of a defined benefit obligation resulting from employee service in the current period.,Current service cost is recognised immediately in profit or loss.
C,Current tax,Tax payable for the current period.,Current tax is measured using enacted tax rates.
C,Curtailment,A significant reduction in the scope of a defined benefit plan.,The plan curtailment reduced future benefit obligations.
C,Cushions,"Excess amounts providing protection, such as subordinated tranches absorbing losses.",Subordinated tranches act as cushions against losses.
C,Customer list,An intangible asset representing information about customers that is often recognised in a business combination.,The customer list acquired in the combination was recognised as an intangible asset.
C,Customer Loyalty Programmes,Schemes awarding customers credits for future goods or services.,The airline's Customer Loyalty Programmes grant redeemable miles.
C,Customer relationship intangible assets,Intangible assets arising from relationships with existing customers.,Customer relationship intangible assets were recognised in the acquisition.
D,Database,An organised collection of data treated as an intangible asset.,The acquired database was recognised as an intangible asset.
D,Date of acquisition,The date control of the acquiree is obtained.,Goodwill is measured at the date of acquisition.
D,Date of exchange,The date on which an exchange of assets or an acquisition transaction is recognised and measured.,The fair value of the asset was determined at the date of exchange.
D,Date of transition to IFRS,The start of the first IFRS reporting period.,The date of transition to IFRS determines the opening statement.
D,Dealing securities,Securities held for trading purposes by the entity.,Dealing securities are measured at fair value.
D,Death benefit,An amount paid to beneficiaries upon the death of a member.,The plan provides a death benefit to the participant's family.
D,Debt,An obligation to transfer economic resources to another party as a result of past events.,Total debt increased after the company issued new bonds.
D,Debt for equity swaps,Transactions exchanging debt obligations for equity shares.,The restructuring included several debt for equity swaps.
D,Debt instrument,A financial instrument representing an obligation to pay.,A debt instrument may be measured at amortised cost.
D,Debt securities,Financial instruments representing a creditor relationship.,Debt securities are classified based on the business model.
D,Debt-to-adjusted capital ratio,A ratio of debt to adjusted capital.,The debt-to-adjusted capital ratio measures financial leverage.
D,Debt-to-equity ratio,"A financial ratio measuring total liabilities against shareholders' equity, indicating financial leverage and risk.",The entity's debt-to-equity ratio remained within the covenant limits agreed with its lender.
D,Decision tree,A structured guide for making decisions.,A decision tree helps classify financial instruments.
D,Decision-useful information,Information that helps users make economic decisions.,Financial statements should provide decision-useful information.
D,Decommissioning,The process of removing an asset from service and restoring the site.,A provision was recognised for decommissioning the plant.
D,Decommissioning costs,Costs expected to be incurred in dismantling or restoring a site at the end of an asset's useful life.,A provision for decommissioning costs was recognised when the plant was constructed.
D,Decommissioning funds,Restricted assets set aside for future dismantling costs.,Decommissioning funds are held in a separate account.
D,Decommissioning obligations,Obligations to dismantle and restore a site after use.,Decommissioning obligations are recognised as a provision.
D,"Decommissioning, Restoration and Environmental Rehabilitation Funds",Funds set aside for decommissioning and environmental restoration.,Contributions to decommissioning funds are recognised as an asset.
D,Deductible temporary difference,A difference that reduces future taxable amounts.,A deductible temporary difference gives rise to a deferred tax asset.
D,Deemed cost,"An amount used as a substitute for cost, such as fair value at the date of transition, on first-time adoption of IFRSs.","On first-time adoption, the entity elected fair value at transition date as deemed cost for its property."
D,Defer,To postpone recognition.,The entity may defer recognition in limited cases.
D,Deferral method,An approach that spreads an item over future periods.,"Under the deferral method, the grant is recognised over time."
D,Deferred acquisition costs,Insurance acquisition costs recognised as an asset and amortised over time.,Deferred acquisition costs are amortised over the policy period.
D,Deferred income,A liability arising from payments received before the related revenue is earned.,The subscription fees received in advance were recorded as deferred income.
D,Deferred policy acquisition costs,Insurer's acquisition costs deferred and amortised over policy term.,Deferred policy acquisition costs are amortised over the contract.
D,Deferred tax,Tax payable or recoverable in future periods from temporary differences.,Deferred tax arises from temporary differences.
D,Deferred tax assets,Tax recoverable in future periods from deductible differences.,A deferred tax asset is recognised to the extent recovery is probable.
D,Deferred tax income,Tax income recognised from deferred tax.,Deferred tax income arose from the reversal of a temporary difference.
D,Deferred tax liabilities,Amounts of income tax payable in future periods in respect of taxable temporary differences.,Deferred tax liabilities arise from the temporary differences between the carrying amount and the tax base of assets.
D,Deficit balance,A negative balance.,The plan had a deficit balance at year-end.
D,Defined benefit liability,The present value of promised retirement benefits less plan assets.,The defined benefit liability increased due to lower discount rates.
D,Defined benefit obligation,The present value of promised retirement benefits owed to employees.,The defined benefit obligation was discounted using a market rate.
D,Defined benefit obligation (present value of),The present value of expected future benefit payments required to settle employee service earned to date.,The actuary calculated the present value of the defined benefit obligation at the year end.
D,Defined benefit plan,Post-employment plan promising specified benefits on retirement.,The defined benefit plan showed a large deficit.
D,Defined benefit plans,Post-employment plans where benefits are defined by a formula.,The defined benefit plan obligation is actuarially measured.
D,Defined contribution plans,Pension plans where the employer pays fixed contributions.,"Under defined contribution plans, the employer's obligation is limited to contributions."
D,Demand amount,An amount payable on demand.,The loan's demand amount is repayable immediately.
D,Demand deposits,Deposits that the depositor may withdraw at any time without prior notice.,Demand deposits are classified as current liabilities because they are repayable on call.
D,Demand feature,A feature allowing the holder to demand redemption.,A demand feature may cause liability classification.
D,Demerger,The separation of a division into a distinct entity.,The demerger created two separately listed companies.
D,Demonstrably committed,Being bound by a formal plan with no realistic possibility of withdrawal.,The entity was demonstrably committed to the restructuring plan.
D,Deposit account,A bank account holding funds on which interest is earned for a fixed term.,Surplus cash was placed in a one-year deposit account.
D,Deposit accounting,Method treating insurance contracts like financial deposits.,Deposit accounting applies to these short-duration contracts.
D,Deposit component,The saving element embedded in an insurance contract.,The deposit component is separated from the insurance element.
D,Depreciable amount,Cost of an asset less its residual value.,The depreciable amount is allocated over the useful life.
D,Depreciable assets,Assets subject to depreciation.,Depreciable assets are written down over their useful lives.
D,Depreciable replacement cost approach,A valuation approach that estimates the current replacement cost of an asset and deducts accumulated depreciation and impairment.,The valuer applied the depreciable replacement cost approach to estimate the plant's fair value.
D,Depreciation,Allocating a tangible asset's cost over its life.,Depreciation is charged on a straight-line basis.
D,Depreciation methods,Techniques for allocating the depreciable amount of an asset over time.,Depreciation methods include straight-line and reducing balance.
D,Derecognise (a financial instrument),Removing a financial instrument from the statement of financial position.,The entity derecognised the financial asset upon transfer.
D,Derecognition,The removal of a previously recognised asset or liability from the statement of financial position.,Derecognition of the trade receivable followed the transfer of substantially all risks and rewards.
D,Derivative,Financial instrument whose value derives from an underlying.,The derivative is measured at fair value.
D,Derivative assets,Financial assets whose value derives from an underlying item.,Derivative assets are measured at fair value through profit or loss.
D,Derivative features,Characteristics causing an instrument to behave like a derivative.,The host contract's derivative features required separate accounting.
D,Derivative financial instruments,Instruments whose value derives from an underlying item.,Derivative financial instruments are measured at fair value.
D,Derivative liabilities,Financial liabilities whose value changes in response to an underlying variable and are typically measured at fair value.,The derivative liabilities arising from the interest rate swap are measured at fair value through profit or loss.
D,Designated and effective hedging instrument,An instrument formally designated and effective for hedging.,The designated and effective hedging instrument offsets the risk.
D,Designation as at fair value through profit or loss,Choosing to measure a financial instrument at fair value through profit or loss.,The entity used designation as at fair value through profit or loss.
D,Determination of cost,The process of establishing the cost amount of an item.,The determination of cost follows the applicable cost formula.
D,Determining Whether an Arrangement Contains a Lease,The guidance used to assess whether a contract conveys the right to use an asset in return for payment.,"Under the guidance on Determining Whether an Arrangement Contains a Lease, the contract was treated as a lease."
D,Development,Application of research findings to produce new or improved products.,Development costs were capitalised this year.
D,Development costs,Costs incurred to develop products or processes that may be capitalised.,Development costs were capitalised as an intangible asset.
D,Diluted earnings per share,EPS adjusted for the effect of all dilutive potential shares.,Diluted earnings per share reflects the convertible bond.
D,Dilution,A reduction in earnings per share from potential shares.,The convertible bonds caused a dilution of EPS.
D,Dilutive effect,The reduction in earnings per share that would occur if potential ordinary shares were converted into ordinary shares.,The share options have a dilutive effect on basic earnings per share.
D,Dilutive potential ordinary shares,Potential shares that reduce earnings per share.,Dilutive potential ordinary shares reduce basic EPS.
D,Diminishing balance method,A depreciation method applying a fixed rate to the reducing carrying amount.,The diminishing balance method charges higher depreciation early.
D,Direct insurance contract,An insurance contract that is not a reinsurance contract.,A direct insurance contract covers the policyholder's own risk.
D,Direct labour,The cost of workers directly involved in producing goods or delivering services.,Direct labour and materials are included in the cost of the finished goods.
D,Direct method of reporting cash flows from operating activities,Reporting operating cash flows by major gross cash classes.,The entity uses the direct method of reporting cash flows from operating activities.
D,Direct operating expenses,Expenses directly attributable to operating an investment property.,Direct operating expenses are disclosed separately.
D,Directly attributable,Costs that can be traced to a specific asset or transaction.,Only directly attributable costs are capitalised.
D,Directors,Members of the governing board of an entity.,Directors are considered key management personnel.
D,Disaggregated information,Information broken down into its component parts or categories to provide more detail to users of financial statements.,Disaggregated information about classes of assets helps users assess the entity's risk exposure.
D,Disclose,To present information in the financial statements.,Entities must disclose related party transactions.
D,Disclosure,Presentation of information in notes to financial statements.,The standard requires extensive disclosure of related parties.
D,Disclosure and presentation,Requirements governing how information is shown and explained in statements.,The standard sets out disclosure and presentation requirements.
D,Disclosure approach,A method of presenting information in the notes rather than in the primary financial statements.,The board chose a disclosure approach instead of recognising the item in the accounts.
D,Disclosure of government assistance,Revealing the nature and amounts of government grants received.,Disclosure of government assistance is required in the notes.
D,Disclosure requirement,A rule requiring information to be presented in the financial statements.,The disclosure requirement applies to all material items.
D,Disclosure – Service Concession Arrangements,Disclosure requirements for service concession arrangements.,Disclosures for service concession arrangements include the concession term.
D,Disclosures in the Financial Statements of Banks and Similar Financial Institutions,Disclosure requirements for banks and similar institutions.,The standard requires specific disclosures by banks.
D,Discontinued (operations),A component of an entity that has been disposed of or is classified as held for sale and represents a separate major line of business.,The results of the discontinued operation are presented separately in the statement of profit or loss.
D,Discontinued operation,A component disposed of or held for sale.,The discontinued operation is presented separately.
D,Discontinuing operation,A component disposed of or classified as held for sale.,The discontinuing operation is presented separately.
D,Discount rate,The rate used to convert future cash flows to present value.,A pre-tax discount rate was applied to the projections.
D,Discounted basis,A measurement that brings future cash flows to present value using a discount rate.,The insurer measured its liabilities on a discounted basis to reflect the time value of money.
D,Discounted basis (on a),Measured by discounting future cash flows to present value.,The provision was recognised on a discounted basis.
D,Discounted cash flow projections,Estimated future cash flows reduced to present value.,The recoverable amount was based on discounted cash flow projections.
D,Discounting,Reducing a future amount to its present value.,The provision was measured by discounting future cash outflows.
D,Discretionary participation feature,A contractual right to share in profits.,The discretionary participation feature entitles policyholders to bonuses.
D,Disposal consideration,The amount received or receivable in exchange for disposing of an asset or a business.,The gain on disposal was measured as the disposal consideration less the carrying amount.
D,Disposal group,Assets and liabilities to be disposed of together.,The disposal group is measured at the lower of carrying amount and fair value less costs.
D,Disposal plan,A formal plan to sell or otherwise dispose of an asset.,A disposal plan was approved by the board.
D,Disposal transaction,A transaction in which an asset or business is sold or otherwise disposed of.,The disposal transaction resulted in a gain on sale.
D,Dissenting opinion,A formal statement by a board member who disagrees with a standard or decision.,Two board members attached a dissenting opinion to the new standard.
D,Distributions of Non-Cash Assets to Owners,Transferring assets other than cash to owners as dividends.,The interpretation covers distributions of non-cash assets to owners.
D,Dividend yield,Annual dividend per share divided by the share price.,The dividend yield was used as an input in the valuation.
D,Dividends,Distributions of profit to shareholders.,Dividends declared after the reporting date are not recognised as a liability.
D,Domain name,A registered internet address.,The domain name is recognised as an intangible asset.
D,Doubtful debts,Receivables for which full collection is uncertain and which are therefore assessed for impairment.,A provision was recognised for doubtful debts based on the ageing of trade receivables.
D,Downstream transactions,Transactions from a parent to its subsidiary.,Downstream transactions are eliminated on consolidation.
D,Dual listed corporation,A company whose shares are listed on more than one exchange.,The dual listed corporation reports under two regulators.
D,Dual trigger contract,An insurance contract payable only on a specified uncertain future event.,The dual trigger contract may be accounted for as a derivative.
E,Earlier application is encouraged,"A statement in a standard allowing, and encouraging, entities to apply it before its mandatory effective date.",The standard states that earlier application is encouraged but not required.
E,Earnings,Net profit of an entity for a reporting period.,Earnings rose sharply in the fourth quarter.
E,Earnings contingency,Additional consideration payable if specified earnings targets are met.,The earnings contingency is payable over two years.
E,Earnings per share,Profit attributable to each ordinary share.,Basic earnings per share is disclosed on the income statement.
E,Earnings Per Share – Financial Instruments and Other Contracts That May Be Settled in Shares,Interpretation on EPS and share-settleable instruments.,The interpretation addresses instruments that may be settled in shares.
E,Earnings – diluted,"The earnings figure used in diluted earnings per share, adjusted for the effects of all dilutive potential ordinary shares.",Diluted earnings per share was calculated using diluted earnings and the diluted weighted average share count.
E,Economic benefits,Benefits flowing from an asset.,Economic benefits include revenue from using the asset.
E,Economic characteristics and risks,Features and risks of a contract used to test embedded derivatives.,The host contract's economic characteristics and risks were assessed.
E,Economic decision-making needs of users,The informational requirements of those making resource allocation decisions.,Financial statements should meet users' economic decision-making needs.
E,Economic life,"The period over which an asset is expected to be economically usable, or the number of units expected to be produced from it.",The useful life of the leased asset did not exceed its economic life.
E,Effect of assumed conversions,Impact on earnings per share of hypothetically converted instruments.,The effect of assumed conversions increased the diluted share count.
E,Effective date,The date from which a standard or amendment must be applied.,The amendment's effective date is 1 January 2025.
E,Effective interest method,Method allocating interest over the life of a financial instrument.,The bond is measured using the effective interest method.
E,Effective interest rate,The rate that exactly discounts future cash flows.,The effective interest rate includes transaction fees.
E,Effects of Changes in Foreign Exchange Rates,The standard that prescribes how to translate foreign currency transactions and foreign operations into the presentation currency.,The standard on the effects of changes in foreign exchange rates governs how exchange differences are recognised.
E,Elements of cost of exploration and evaluation assets,The components making up exploration and evaluation asset cost.,Elements of cost include acquisition and exploration costs.
E,Eligibility conditions,Requirements that must be satisfied to use a particular treatment.,The hedge met all the eligibility conditions.
E,Eligible for capitalisation,Qualifying for recognition as an asset rather than an expense.,Borrowing costs were eligible for capitalisation.
E,Eligible hedged items,"Assets, liabilities or forecast transactions that qualify for hedge accounting.",The firm commitment to buy steel was an eligible hedged item.
E,Elimination of Unrealised Profits and Losses on Transactions with Associates,Removing intragroup unrealised gains from associate transactions.,The standard requires elimination of unrealised profits and losses on transactions with associates.
E,Embedded derivative,A derivative component included within a host contract.,The embedded derivative was separated from the host contract.
E,Embedded prepayment penalties,Penalty terms included within a host contract.,Embedded prepayment penalties were separated from the host contract.
E,Employee benefits,All forms of consideration given to employees.,"Employee benefits include wages, pensions and share options."
E,Employee share ownership plan,"An arrangement under which employees acquire shares in the entity, often as a form of remuneration.",The employee share ownership plan gives staff the right to acquire shares at a discount.
E,Employee share purchase plan,A plan allowing employees to buy shares.,The employee share purchase plan encourages share ownership.
E,Employee turnover rates,The rate at which employees leave and are replaced.,Employee turnover rates affect estimated share-based payments.
E,Employees and others providing similar services,Individuals rendering personal services to an entity under its direction.,Share-based payments apply to employees and others providing similar services.
E,Employer payroll taxes and insurance contributions,Taxes and social security contributions an employer pays on behalf of its employees.,Employer payroll taxes and insurance contributions are recognised as part of employee benefit expense.
E,Enactment,Formal passing of tax law making it substantively effective.,Deferred tax was measured after the new law's enactment.
E,End of reporting period,The final date of the period covered by financial statements.,Assets were measured at the end of the reporting period.
E,End of the reporting period,The last day of the period covered by the financial statements.,Events after the end of the reporting period are evaluated for adjustment.
E,Enforcement of covenants,Applying contractual conditions against a borrower.,Enforcement of covenants allows the lender to demand repayment.
E,Enhanced disclosure,Additional or more detailed disclosures required to provide users with a better understanding of an entity's transactions and risks.,Enhanced disclosure requirements apply to entities that use fair value measurements.
E,Enterprise,An entity engaged in business.,The enterprise prepares general purpose financial statements.
E,Enterprises whose shares are (not) publicly traded,Entities distinguished by whether their shares trade publicly.,The standard applies to enterprises whose shares are not publicly traded.
E,Entities whose debt or equity securities are publicly traded,Entities with securities listed or traded in a public market.,Such standards apply to entities whose debt or equity securities are publicly traded.
E,Entity,Any distinguishable economic unit that prepares financial statements.,The reporting entity presents consolidated financial statements for the group.
E,Entity-specific value,Value of an asset to the specific entity holding it.,Entity-specific value may differ from fair value.
E,Environmental obligations,"Duties to prevent, reduce or remedy environmental damage.",Environmental obligations were recognised as a provision.
E,Equal prominence,Presenting all financial statements with equal emphasis.,All statements are presented with equal prominence.
E,Equalisation provisions,Provisions smoothing insurance claims over time.,Equalisation provisions are not permitted in some jurisdictions.
E,Equity,The residual interest in the assets of an entity after deducting all of its liabilities.,Total equity increased as a result of the profit for the year and the share issue.
E,Equity accounting method – recognition of losses,Recognising losses under the equity method.,Recognition of losses under the equity method is limited to the investment.
E,Equity balances,The components and amounts making up shareholders' equity.,Equity balances include share capital and retained earnings.
E,Equity capital,Funds contributed by owners as opposed to borrowed capital.,Equity capital provides a buffer against losses.
E,Equity compensation benefits(=stock (=share) compensation benefits),Benefits granted to employees in the form of the entity's own equity instruments.,The equity compensation benefits were measured at the fair value of the shares granted.
E,Equity compensation plans (=share (=stock) compensation plans),Arrangements paying employees in shares or share options.,Equity compensation plans were approved by shareholders.
E,Equity component,The portion of a compound instrument classified as equity.,The equity component is measured at the residual amount.
E,Equity holders,The owners of an entity's equity instruments.,Profit attributable to equity holders of the parent is disclosed.
E,Equity index,An index tracking share prices.,The return is linked to an equity index.
E,Equity instrument,Any contract that evidences a residual interest in the assets of an entity after deducting all of its liabilities.,Ordinary shares are an example of an equity instrument issued by the entity.
E,Equity instrument granted,An equity instrument issued under a share-based payment.,The fair value of the equity instrument granted is measured at grant date.
E,Equity interests,Ownership stakes in an entity represented by shares.,The group holds equity interests in several associates.
E,Equity issue,The issuance of shares to raise capital.,The equity issue raised additional funds for expansion.
E,Equity method,A method of accounting for investments in associates under which the investment is adjusted for the investor's share of profits.,The 30% interest in the associate was accounted for using the equity method.
E,Equity securities,Financial instruments representing ownership in an entity.,Equity securities are measured at fair value.
E,Equity – costs of an equity transaction,Incremental costs directly attributable to issuing or acquiring equity instruments.,Transaction costs of issuing new shares are deducted from equity.
E,Equity-settled share-based payment transaction,A transaction settled by issuing equity instruments.,"In an equity-settled share-based payment, the expense is credited to equity."
E,Estimated costs,Costs estimated for the future.,Estimated costs to complete are reviewed each period.
E,Estimated future cash flows,Projected cash flows used in valuation and impairment testing to determine recoverable amounts.,The recoverable amount was based on the estimated future cash flows discounted to their present value.
E,European share option,An option exercisable only at maturity.,A European share option can be exercised only at expiry.
E,Evaluating the Substance of Transactions Involving the Legal Form of a Lease,Assessing whether a transaction is a lease based on its substance.,We evaluated the substance of the transaction despite its legal form.
E,Event-driven fair value measurements,Fair value measurements triggered by specific events rather than periodic reporting.,Event-driven fair value measurements were required after the restructuring.
E,Events After the Balance Sheet Date,Events occurring between the reporting date and the date the financial statements are authorised for issue.,"Under the standard on Events After the Balance Sheet Date, the fire was treated as an adjusting event."
E,Events after the reporting period,Events occurring between the reporting date and authorization of financial statements.,Events after the reporting period required an adjustment to the year-end figures.
E,Events occurring after the balance sheet date,Favourable or unfavourable events arising between the reporting date and authorisation of statements.,Management assessed events after the balance sheet date before finalising the accounts.
E,Eventual recipients,The parties who ultimately receive goods or services.,Eventual recipients of share-based payments are identified in the grant.
E,Evidence of impairment,Objective evidence that an asset is impaired.,Evidence of impairment triggers a write-down.
E,Exchange difference,The difference resulting from translating a given number of units of one currency into another currency at different exchange rates.,The exchange difference on translating the foreign subsidiary was recognised in other comprehensive income.
E,Exchange of assets,Swapping one asset for another.,An exchange of assets is measured at fair value if it has commercial substance.
E,Exchange rate,Rate at which one currency is exchanged for another.,The exchange rate moved sharply against us last quarter.
E,Exchange transaction,A transaction in which two parties exchange assets or services.,The exchange transaction swapped one property for another.
E,Executory contract,A contract under which neither party has yet performed any of its obligations.,The executory contract was not recognised until either party performed.
E,Exemptions,Reliefs from applying certain requirements of a standard or framework.,The standard grants several exemptions for first-time adopters.
E,Exercise date,The date on which an option or warrant may be exercised.,The exercise date of the share options falls in March.
E,Exercise of rights,"Using a right, such as a share option.",The exercise of rights resulted in the issue of new shares.
E,Exercise price,The price at which an option can be exercised.,The exercise price was set below the market price.
E,Existing liability,A present obligation arising from a past event that is expected to result in an outflow of resources.,A provision is recognised only when an existing liability is probable at the reporting date.
E,Expected value,A probability-weighted average of possible outcomes.,The expected value of the provision was calculated from possible outcomes.
E,Expenditure,Outflow of resources or incurrence of liabilities.,Capital expenditure rose significantly this year.
E,Expenses,"Decreases in economic benefits during the period, usually as outflows.",Operating expenses rose sharply in the fourth quarter.
E,Experience account,A notional account used to track the difference between actual experience and assumptions in insurance accounting.,Actuarial gains recorded in the experience account reflected better than expected mortality.
E,Experience adjustments,Differences between actuarial assumptions and what actually occurred.,Experience adjustments reduced the defined benefit obligation this year.
E,Expiry date,The date on which a contract or option ceases to be valid.,The option lapsed without being exercised by its expiry date.
E,Explicit and unreserved statement of compliance,A statement that financial statements comply fully with IFRS.,An explicit and unreserved statement of compliance with IFRSs is required.
E,Exploration and evaluation assets,Assets arising from mineral exploration.,Exploration and evaluation assets are tested for impairment.
E,Exploration and evaluation expenditures,Costs incurred in the search for mineral resources and the determination of technical feasibility and commercial viability.,Exploration and evaluation expenditures are recognised as assets pending the determination of commercial viability.
E,Exploration for and Evaluation of Mineral Resources,The standard on mineral exploration and evaluation assets.,The standard addresses exploration and evaluation expenditures.
E,Exposure draft,Proposed standard published for public comment.,The board issued an exposure draft on revenue recognition.
E,Expropriation of major assets,Government seizure of significant assets from an entity.,The expropriation of major assets caused a large impairment loss.
E,Extinguishing Financial Liabilities with Equity Instruments,The guidance on accounting for the settlement of a financial liability by issuing the debtor's own equity instruments.,"Under the interpretation on Extinguishing Financial Liabilities with Equity Instruments, the gain was recognised in profit or loss."
E,Extraordinary items,Gains or losses clearly distinct from ordinary business activities.,IFRS no longer permits the separate presentation of extraordinary items.
E,Face (of financial statements or notes),The main body where financial statements or notes are presented.,The disclosures are presented on the face of the financial statements.
E,Fair presentation,Faithful representation of transactions in the financial statements.,Fair presentation requires faithful representation of the entity's position.
E,Fair value,The price to sell an asset in an orderly transaction.,Fair value is measured using market participant assumptions.
E,Fair value gains and losses,Gains or losses arising from remeasuring an asset or liability to its fair value at the reporting date.,Fair value gains and losses on the trading portfolio are recognised in profit or loss.
E,Fair value hedge,A hedge of changes in fair value.,A fair value hedge offsets changes in the hedged item's value.
E,Fair value less costs to sell,Fair value of an asset minus disposal costs.,The machine was measured at fair value less costs to sell.
E,Fair value measurement,The price received to sell an asset in an orderly transaction.,Fair value measurement of the building used recent market data.
E,Fair value model,A measurement approach under which investment property is carried at fair value with changes recognised in profit or loss.,The company applies the fair value model to all of its investment property.
E,Faithful representation,Information that faithfully depicts what it purports to represent.,"Faithful representation requires complete, neutral and error-free information."
E,Fees,Charges paid for services or membership.,The entity paid annual fees to the stock exchange.
E,Fellow subsidiary,A subsidiary of the same parent as another entity.,The fellow subsidiary is consolidated within the same group.
E,Fidelity bonds,Insurance against employee dishonesty.,Fidelity bonds cover losses from employee fraud.
E,Fiduciary activities,"Activities in which an entity holds or manages assets on behalf of others, without recognising those assets as its own.",Assets held in fiduciary activities are not recognised in the entity's statement of financial position.
E,Fiduciary capacity,Acting on behalf of others.,The bank acts in a fiduciary capacity for its clients.
E,FIFO,"Inventory costing method: first in, first out.","Under FIFO, the oldest inventory is sold first."
E,FIFO formula,Cost formula assuming the earliest inventory items are sold first.,The FIFO formula was applied to value the closing inventory.
E,Finance lease,A lease that transfers substantially all the risks and rewards of ownership to the lessee.,The equipment was recognised as a finance lease because ownership transferred at the end of the term.
E,Finance lease obligations,Liabilities arising from leases that transfer substantially all ownership risks.,Finance lease obligations are split between current and non-current portions.
E,Financial asset,"Any asset that is cash, an equity instrument, or a contractual right to receive cash.",Trade receivables are recognised as a financial asset.
E,Financial asset or financial liability at fair value through profit or loss,Instrument measured at fair value with changes in profit or loss.,The derivative is classified at fair value through profit or loss.
E,Financial asset or liability held for trading,Instruments held to profit from short-term movements.,Financial assets held for trading are measured at fair value through profit or loss.
E,Financial assets acquired at a discount that reflects incurred credit losses,"Financial assets purchased at a price that already reflects incurred credit losses, for which interest income is calculated on the credit-adjusted effective rate.","For financial assets acquired at a discount that reflects incurred credit losses, interest income is recognised using the credit-adjusted effective interest rate."
E,Financial capital,Capital measured in money terms.,Financial capital is maintained in nominal monetary units.
E,Financial conglomerate,Group dominated by financial activities across sectors.,The financial conglomerate spans banking and insurance.
E,Financial guarantee,A contract requiring the issuer to pay if a debtor defaults.,The parent issued a financial guarantee for the subsidiary's loan.
E,Financial guarantee contract,A contract requiring the issuer to make payments if a specified debtor fails to meet its obligations.,The parent's financial guarantee contract over the subsidiary's loan was disclosed as a contingent liability.
E,Financial institution,Entity providing financial services such as banking or insurance.,The financial institution disclosed its exposure to credit risk.
E,Financial instruments,Contracts that create a financial asset for one party and a liability or equity for another.,Derivatives are financial instruments measured at fair value.
E,Financial instruments puttable at fair value,Instruments giving the holder a right to put them back at fair value.,Puttable instruments may be classified as equity in limited cases.
E,Financial Instruments: Disclosure and Presentation,Standard on disclosure and presentation of instruments.,This standard addresses how financial instruments are presented.
E,Financial Instruments: Disclosures,The standard that requires entities to disclose information about the significance of financial instruments and the nature and extent of related risks.,The entity complied with the disclosure requirements of Financial Instruments: Disclosures.
E,Financial Instruments: Presentation,The standard on presenting financial instruments.,This standard governs the presentation of financial instruments.
E,Financial Instruments: Recognition and Measurement,IAS 39 standard on financial instruments accounting.,IAS 39 covers recognition and measurement of financial instruments.
E,Financial liability,A contractual obligation to deliver cash or another financial asset.,The bond is classified as a financial liability.
E,Financial liability at fair value through profit or loss,A financial liability initially and subsequently measured at fair value with changes recognised in profit or loss.,The trading bonds were designated as financial liabilities at fair value through profit or loss.
E,Financial performance,The results of an entity's operations measured through income and expenses.,The statement of comprehensive income presents financial performance.
E,Financial position,"The economic resources, obligations, and equity of an entity at a point in time.","The statement of financial position reports assets, liabilities and equity."
E,Financial reporting,Reporting an entity's financial position and performance.,The objective of financial reporting is to provide useful information.
E,Financial Reporting in Hyperinflationary Economies,Standard requiring restatement under hyperinflation.,Entities apply restatement in hyperinflationary economies.
E,Financial Reporting of Interests in Joint Ventures,The standard governing how a venturer reports its interests in jointly controlled entities and other joint arrangements.,The standard on the financial reporting of interests in joint ventures permits proportionate consolidation or the equity method.
E,Financial review,A review of an entity's financial position.,The financial review discusses the entity's performance.
E,Financial risk,Risk of loss from financial price movements.,Financial risk includes currency and interest rate exposure.
E,Financial service fees,Fees charged for managing or arranging financial assets.,Financial service fees were recognised as revenue over time.
E,Financial statements,"Structured representations of an entity's financial position and performance, including notes.",The financial statements were authorised for issue on 20 March.
E,Financial year-to-date basis,Reporting results accumulated from the start of the financial year.,Interim reports are prepared on a financial year-to-date basis.
E,Financing activities,Activities that change the size and composition of contributed equity and borrowings.,Proceeds from bank loans are classified as financing activities.
E,Financing device,An arrangement whose substance is a financing transaction.,The arrangement was assessed as a financing device in substance.
E,Finder’s fees,Fees paid to an intermediary.,The finder's fees were expensed as incurred.
E,Finished good,A completed product that has passed through the production process and is ready for sale.,Finished goods are measured at the lower of cost and net realisable value.
E,Firm commitment,A binding agreement for a future transaction.,A firm commitment to buy inventory is disclosed.
E,Firm purchase commitment,Binding agreement to buy goods at fixed terms.,The firm purchase commitment was hedged against price changes.
E,Firm sales contracts,Binding agreements to sell goods on fixed terms.,The firm sales contracts locked in prices for next year.
E,First IFRS financial statements,The first annual financial statements in which an entity adopts IFRS with an explicit statement of compliance.,The company presented its first IFRS financial statements for the year ended 31 December.
E,First IFRS reporting period,The earliest period for which an entity presents full IFRS financial statements.,The first IFRS reporting period required restating comparative figures.
E,"First-in, first-out",An inventory cost formula assuming the earliest items acquired are sold first.,"The company values its inventory using the first-in, first-out method."
E,First-time adopter,An entity presenting IFRS financial statements for the first time.,A first-time adopter applies IFRS 1 on transition.
E,First-time adoption,Adopting IFRS for the first time.,First-time adoption requires retrospective application.
E,First-time Adoption of International Financial Reporting Standards,The standard that sets out the procedures an entity must follow when it adopts IFRSs for the first time.,"On first-time adoption of International Financial Reporting Standards, the entity prepared an opening IFRS statement of financial position."
E,First-time application,Applying IFRS for the first time.,First-time application requires an opening IFRS statement.
E,First-time Application of IASs as the Primary Basis of Accounting,Guidance for entities adopting IASs as their primary accounting basis.,First-time application requires restating comparative figures.
E,Fixed asset,A long-term tangible asset used in operations.,The new machine is recorded as a fixed asset.
E,Fixed coupon rate,A contractual interest rate on a bond that remains constant over its life.,The bond pays a fixed coupon rate of 5% per annum.
E,Fixed price contract,A contract where the price is set and does not vary.,The fixed price contract exposed the builder to cost overruns.
E,Fixed production overheads,Indirect production costs that remain relatively constant regardless of output volume.,Fixed production overheads are allocated based on normal capacity.
E,Flat yield curve,A yield curve with similar rates across maturities.,"Under a flat yield curve, short and long rates are similar."
E,Floating rate,An interest or exchange rate that varies.,The loan bears a floating rate linked to market rates.
E,Floor,"A lower limit on an interest rate or price, below which it cannot fall, often used in hedging arrangements.",The interest rate floor protected the entity against a fall in market rates below the agreed level.
E,For consolidation purposes,For the purpose of preparing consolidated statements.,Uniform accounting policies are used for consolidation purposes.
E,Forecast,Prediction of future financial results or conditions.,Management prepared a forecast of next year's sales.
E,Forecast transaction,An expected but not yet committed future transaction.,The forecast transaction was hedged with a forward contract.
E,Foreign currency,A currency other than the functional currency of the reporting entity.,Transactions in a foreign currency are translated at the spot rate on the transaction date.
E,Foreign currency borrowing,Debt denominated in a currency other than the entity's functional currency.,Foreign currency borrowing created exchange differences on translation.
E,Foreign currency derivative,A derivative whose cash flows are driven by foreign exchange rates.,The group entered a foreign currency derivative to hedge its exports.
E,Foreign currency derivatives,Derivatives whose value depends on foreign exchange rates.,Foreign currency derivatives were used to hedge the exposure.
E,Foreign currency exchange prices,Prices expressed in a foreign currency.,Foreign currency exchange prices were used for translation.
E,Foreign currency transaction,A transaction denominated in a currency other than the entity's functional currency.,A foreign currency transaction is initially recorded using the spot exchange rate at the date of the transaction.
E,Foreign currency translation reserve (FCTR),A reserve holding translation differences.,The foreign currency translation reserve accumulates exchange differences.
E,Foreign entity,Subsidiary or operation located in another country.,The foreign entity's assets are translated at closing rates.
E,Foreign exchange contract,An agreement to exchange currencies at a set rate.,The company signed a foreign exchange contract to fix the rate.
E,Foreign exchange differences,Gains or losses arising from translating amounts denominated in one currency into another.,Foreign exchange differences on the euro loan were recognised in profit or loss.
E,Foreign exchange rates,Rates at which one currency can be exchanged for another.,Foreign exchange rates at the reporting date are used for translation.
E,Foreign Exchange – Capitalisation of Losses Resulting from Severe Currency Devaluations,Accounting treatment allowing certain exchange losses from severe devaluations to be capitalised.,The entity applied the rules on capitalisation of losses from severe currency devaluations.
E,Foreign operation,A subsidiary or branch operating in a different country.,Assets of a foreign operation are translated at the closing rate.
E,Forgivable loans,Loans the lender may forgive.,A forgivable loan is treated as a grant when forgiven.
E,Former subsidiary,An entity that was previously controlled by the parent but is no longer a subsidiary.,The retained interest in the former subsidiary is measured at fair value at the date control is lost.
E,Forward contract,A contract to buy or sell at a future date.,The forward contract fixes the exchange rate.
E,Forward coupon rate,Interest rate implied by forward rates for a future period.,The forward coupon rate was used to value the swap.
E,Forward purchase contract,A contract to buy an asset at a future date and price.,The forward purchase contract secured the raw material supply.
E,Forward repurchase agreement,An arrangement to sell a security now and repurchase it at a specified future date and price.,The securities sold under a forward repurchase agreement remained on the balance sheet.
E,Framework,The conceptual basis guiding the development and application of standards.,The Framework underpins the preparation of financial statements.
E,Framework for the Preparation and Presentation of Financial Statements,The conceptual framework setting out the concepts underlying financial statement preparation.,The Framework guides the selection of accounting policies.
E,Franchise fee,A fee paid for the right to use a franchisor's system.,The initial franchise fee is recognised as revenue when earned.
E,Frozen credit spread method,A method holding the credit spread constant.,The frozen credit spread method keeps the spread fixed at inception.
E,Full fair value,"The fair value of the entire interest in an acquiree, used to measure goodwill including the non-controlling interest.","Goodwill was measured using the full fair value of the acquiree, including the non-controlling interest."
E,Fully proportionate (pro rata) share of the cash flows,A proportionate share of cash flows.,The investor receives a fully proportionate share of the cash flows.
E,Function of expense,Expense presentation grouped by function such as cost of sales.,The statement presents expenses by function of expense.
E,Functional currency,The currency of the primary economic environment where the entity operates.,The functional currency of the Turkish subsidiary is the lira.
E,Fundamental errors,Errors of such significance that the financial statements of prior periods can no longer be considered reliable.,The prior period fundamental errors were corrected by restating the comparative figures.
E,Fundamental Errors and Changes in Accounting Policies,Topic covering corrections of material errors and changes in accounting policies.,Fundamental errors are corrected retrospectively under the standard.
E,Funded amount,The amount of assets set aside to fund an obligation.,The funded amount exceeded the present value of the obligation.
E,Funding,Providing resources to finance an activity or obligation.,The plan's funding status is disclosed annually.
E,Funding (of post-employment benefits),Contributions made to finance benefit plans.,Funding of post-employment benefits reduces the plan deficit.
E,Funding (of retirement benefits),The process of setting aside assets in a fund to meet future retirement benefit obligations.,The funding of retirement benefits is arranged through a separately administered pension fund.
E,Future cash flow,Cash expected in future periods.,The asset's value in use is based on future cash flows.
E,Future economic benefit,Potential to generate cash flows or other benefits.,An asset embodies a future economic benefit.
E,Futures contract,A standardised contract to buy or sell at a future date.,The futures contract traded on an organised exchange.
G,GAAP,The set of accounting rules and conventions an entity follows in a given jurisdiction.,The reconciliation from previous GAAP to IFRS was presented in the notes.
G,Gain on disposal,Profit recognized when an asset is sold above its carrying amount.,A gain on disposal was recorded for the sale of the subsidiary.
G,Gains,Increases in economic benefits not arising from contributions by owners.,The revaluation resulted in gains recognised in other comprehensive income.
G,General purchasing power approach,Restating amounts using a general price index.,"Under the general purchasing power approach, accounts are restated for inflation."
G,General purpose financial statements,Statements prepared for a broad range of users.,General purpose financial statements meet the needs of most users.
G,General recognition principle,The fundamental principle that items are recognised when they meet the definition of an element and the related recognition criteria.,"Under the general recognition principle, an asset is recognised when it is probable that future economic benefits will flow to the entity."
G,Geographical segments,Segments based on geography.,Revenue is disclosed by geographical segments.
G,Going concern,Assumption that the entity will continue operating.,The financial statements were prepared on a going concern basis.
G,Goodwill,An asset representing future benefits from a business combination.,Goodwill arose from the acquisition of the smaller rival.
G,Governing board,The body responsible for the oversight and strategic direction of an organisation.,The governing board approved the annual financial statements.
G,Governing body,The group responsible for overseeing an entity or organization.,The governing body approved the annual financial statements.
G,Governing charter,The legal document establishing an entity's constitution and rules.,The company's governing charter restricts the transfer of shares.
G,Government,"Government, government agencies and similar bodies.",Government grants are recognised when received or receivable.
G,Government assistance,Government action providing an economic benefit.,Government assistance is disclosed even if it is not a grant.
G,Government Assistance – No Specific Relation to Operating Activities,"Government assistance granted without conditions tied to the operating activities of the entity, which may warrant disclosure.",The standard addresses government assistance with no specific relation to operating activities.
G,Government Grants,Assistance from government in the form of transfers.,Government grants are recognised when the conditions are met.
G,Government guarantee,Government's promise to cover an entity's obligations.,The loan was backed by a government guarantee.
G,Government-related entity,An entity controlled or significantly influenced by government.,The utility is a government-related entity.
G,Grant date,The date on which an entity and its employees reach a mutual understanding of the terms of a share-based payment.,The fair value of the options was measured at the grant date.
G,Grantor,The party that grants a service concession right to an operator.,The grantor retains control over the infrastructure asset.
G,Grants related to assets,Government grants whose primary condition is acquiring long-term assets.,Grants related to assets are recognised as deferred income.
G,Grants related to income,Government grants other than those related to assets.,Grants related to income are recognised in profit or loss over the periods.
G,Gross investment in the lease,Total lease payments plus unguaranteed residual value.,The gross investment in the lease equals the total lease payments.
G,Gross margin,"The difference between revenue and the cost of sales, representing the profit before operating expenses.",The gross margin improved due to lower raw material costs and higher selling prices.
G,Gross profit,Revenue less cost of sales.,Gross profit is disclosed before operating expenses.
G,Group,Parent and all its subsidiaries together.,The group reported consolidated revenue of ten million.
G,Group administration (employee benefit) plans,Benefit plans administered collectively for a group of entities.,The group administration plans covered all subsidiaries' staff.
G,Group and Treasury Share Transactions,Guidance on share-based payment arrangements involving group entities and treasury shares.,"Under the interpretation on Group and Treasury Share Transactions, the group recharged the share-based payment cost."
G,Group Cash-Settled Share-Based Payment Transactions,Share-based payments settled in cash within a group of entities.,Group cash-settled share-based payment transactions require careful attribution.
G,Group insurance contract,An insurance policy covering a group of persons under a single contract.,The employer provided a group insurance contract to its staff.
G,Group of assets,A set of assets assessed together for impairment.,The group of assets was tested for impairment as a unit.
G,Group of biological assets,Similar biological assets grouped together.,A group of biological assets is measured at fair value.
G,Group of similar financial assets,A portfolio of financial assets with similar credit risk characteristics that are assessed collectively for impairment.,Impairment of a group of similar financial assets was assessed on a collective basis.
G,Grouping of assets,Combining assets for assessment.,Grouping of assets is used for impairment testing.
G,Guarantee,Promise to answer for another party's obligation.,The parent issued a guarantee for the subsidiary's debt.
G,Guarantee amount,The maximum amount payable by an entity under a guarantee.,The guarantee amount was disclosed in the notes.
G,Guarantee fund,A fund established to protect policyholders or depositors if an institution becomes insolvent.,Contributions to the guarantee fund were recognised as an expense of the period.
G,Guaranteed benefits,Benefits promised to employees regardless of the plan's asset performance.,Guaranteed benefits must be discounted to their present value.
G,Guaranteed element,A component of a contract guaranteeing a minimum return or benefit.,The guaranteed element is separated and measured separately.
G,Guaranteed residual value,A residual value guaranteed by the lessee or a third party.,The guaranteed residual value affects the finance lease classification.
G,Guarantor,A party that guarantees an obligation.,The guarantor is liable if the borrower defaults.
H,Harmonise,The process of aligning national accounting standards with international standards to reduce differences.,The regulator launched a project to harmonise local accounting rules with IFRSs.
H,Harvest,The detachment of produce from a biological asset.,Harvest marks the point at which agricultural produce is measured.
H,Hedge accounting,Matching gains and losses of hedged items and instruments.,Hedge accounting reduces volatility in reported earnings.
H,Hedge effectiveness,The degree to which a hedging instrument offsets the hedged risk.,Hedge effectiveness was tested at each reporting date.
H,Hedged item,"An asset, liability, firm commitment, forecast transaction or net investment exposed to a risk being hedged.",The forecast purchase of copper was designated as a hedged item.
H,Hedges of a Net Investment in a Foreign Operation,Hedging translation exposure arising from net investment in foreign operations.,Hedges of a net investment in a foreign operation are recognized in equity.
H,Hedging,Designating a derivative to offset changes in fair value or cash flows.,The company applied hedge accounting to its interest rate swaps.
H,Hedging instrument,A derivative or instrument used to offset a hedged risk.,The forward contract is designated as a hedging instrument.
H,Hedging relationship,The pairing of a hedged item and a hedging instrument.,The hedging relationship must be formally designated.
H,Hedging reserve,A component of equity that accumulates the effective portion of gains and losses on hedging instruments.,The effective portion of the cash flow hedge was recognised in the hedging reserve.
H,Held for resale,Assets held for sale rather than for use.,Assets held for resale are classified as current.
H,Held for sale,Asset available for immediate sale in present condition.,The building was classified as held for sale.
H,Held for trading,Financial assets acquired mainly for short-term profit from price changes.,The shares are classified as held for trading.
H,Held-to-maturity investment,A non-derivative financial asset with fixed payments and maturity that the entity intends and is able to hold to maturity.,The government bonds were classified as held-to-maturity investments and carried at amortised cost.
H,Higher level parent entity,A parent that controls the reporting entity indirectly through another parent.,The higher level parent entity prepares consolidated financial statements.
H,Highly probable,"More likely than probable, with a forecast transaction expected to occur.",The forecast sale is considered highly probable.
H,Hire-purchase contract,A contract to hire an asset with an option to purchase.,A hire-purchase contract may transfer substantially all risks and rewards.
H,Historical cost,Measurement at the original transaction cost.,Property is measured at historical cost less depreciation.
H,Historical loss experience,Past data on credit losses used to estimate expected credit losses on financial assets.,Expected credit losses were estimated using historical loss experience adjusted for current conditions.
H,Historical summaries,Summaries of prior-period financial data.,Historical summaries are often presented in annual reports.
H,Historical waste,Waste arising from products sold in past periods.,The provision covers historical waste from old products.
H,Holding company,A company that controls other companies through ownership.,The holding company owns three operating subsidiaries.
H,Host contract,The non-derivative contract that contains an embedded derivative.,The embedded derivative was separated from its host contract and measured at fair value.
H,Host instrument,The non-derivative contract in which an embedded derivative resides.,The host instrument is a debt contract with an embedded derivative.
H,Hybrid contract,A contract containing a non-derivative host and an embedded derivative.,The embedded derivative in the hybrid contract was separated.
H,Hybrid instrument,An instrument containing both a host contract and a derivative.,The hybrid instrument's embedded derivative was measured separately.
H,Hyperinflation,Very high and persistent inflation.,Hyperinflation requires restating the financial statements.
H,Hyperinflationary economies,Economies with cumulative inflation rates so high that financial statements must be restated in terms of the measuring unit current at the reporting date.,Financial statements of entities operating in hyperinflationary economies must be restated for changes in purchasing power.
I,discontinuing operation),The first public announcement relating to a discontinuing operation.,The entity made its first public announcement regarding the discontinuing operation.
I,IAS,International Accounting Standard issued by the IASB.,IAS 2 governs the accounting for inventories.
I,"IAS 19- The Limit on a Defined Benefit Asset, Minimum Funding Requirements and Their Interaction",Interpretation limiting a defined benefit asset and minimum funding requirements.,The entity applied the interpretation on the limit of a defined benefit asset.
I,IASC,The predecessor body of the IASB that issued the original International Accounting Standards.,The IASC issued the standards that later became known as IFRS.
I,IASC Foundation Constitution,The founding document governing the IASC Foundation's objectives and structure.,The IASC Foundation Constitution sets out the trustees' responsibilities.
I,IASCF,The foundation that oversees the IASB and IFRS standard-setting.,The IASCF was restructured and later renamed the IFRS Foundation.
I,Identifiability,Being separable or arising from legal or contractual rights.,Identifiability is required to recognise an intangible asset.
I,Identifiable,Capable of being separately identified.,An identifiable asset can be separated or arises from rights.
I,Identifiable asset,An asset that can be separated from the entity or arises from contractual or legal rights and is measured separately in a business combination.,"In a business combination, only identifiable assets acquired are recognised separately from goodwill."
I,IFAC,The International Federation of Accountants.,IFAC develops international standards for accountants.
I,IFRIC,Committee issuing interpretations of IFRS standards.,The IFRIC issued an interpretation on service concessions.
I,IFRS,International Financial Reporting Standards issued by the IASB.,The group prepares its statements under IFRS.
I,IFRS 2- Group and Treasury Share transactions,The part of IFRS 2 that deals with share-based payment transactions within a group and involving treasury shares.,IFRS 2 requirements on Group and Treasury Share transactions governed the recharge between the parent and its subsidiary.
I,IFRS-compliant,Prepared in accordance with International Financial Reporting Standards.,The statements are IFRS-compliant in all material respects.
I,Illustrative example,A non-mandatory example showing how a standard may be applied.,The illustrative example clarified the disclosure requirement.
I,Impairment,A decline in an asset's recoverable amount below carrying amount.,An impairment loss was recognised on the equipment.
I,Impairment loss,The excess of carrying amount over recoverable amount.,The impairment loss was recognised in profit or loss.
I,Impairment of assets,"A reduction in the recoverable amount of an asset below its carrying amount, requiring a write-down.",An impairment loss was recognised because the asset's carrying amount exceeded its recoverable amount.
I,Impairment test,Testing whether an asset's value has declined.,The impairment test compared recoverable and carrying amounts.
I,Implementation guidance,Non-mandatory guidance helping entities apply a standard.,The implementation guidance explains how to apply the standard.
I,Import duties,Taxes levied on goods entering a country.,Import duties increased the cost of the equipment.
I,Impracticability exemption,A relief from applying a requirement when an entity cannot do so after making every reasonable effort.,The entity applied the impracticability exemption and did not restate the earlier period.
I,Impracticable,Applying a requirement is not feasible despite every reasonable effort.,Retrospective application was impracticable due to missing records.
I,Improvements to IFRSs,Periodic amendments made to clarify or correct IFRS standards.,Improvements to IFRSs were issued as a single omnibus document.
I,Imputed rate of interest,The rate that discounts a transaction to its fair value.,The imputed rate of interest was used to measure the deferred consideration.
I,In the money,An option whose exercise price is favourable.,The option is in the money when the share price exceeds the strike.
I,In-substance defeasance,"A transaction in which an entity places assets in an irrevocable trust to satisfy a debt, without legally extinguishing the liability.","Under in-substance defeasance, the liability is not legally extinguished and therefore remains on the balance sheet."
I,Incentives,Benefits encouraging certain behaviour.,Sales incentives are recognised as a reduction of revenue.
I,Inception of the lease,Date the lease agreement commences.,The lease was classified at the inception of the lease.
I,Incidental income,Minor income from transactions outside the main business.,Incidental income from scrap sales was immaterial.
I,Incidental operations,Activities carried out while an asset is being developed that are not necessary to its construction.,Income from incidental operations was deducted from the cost of the asset under construction.
I,Income,"Increases in economic benefits that increase equity, excluding contributions.",Income is recognized when performance obligations are satisfied.
I,Income approach,A valuation technique converting future amounts into a single present value.,The income approach was used to measure the fair value.
I,Income statement = Statement of income,The statement presenting an entity's income and expenses.,Revenue and expenses are presented in the income statement.
I,Income statement liability method,A method recognising deferred tax through the income statement.,The income statement liability method focuses on the income statement.
I,Income Tax,"The standard that prescribes the accounting treatment for income taxes, including current and deferred tax.",Income Tax requires entities to account for the current and future tax consequences of transactions.
I,Income tax expense,The total tax expense for a period.,Income tax expense includes current and deferred tax.
I,Income Taxes,IAS 12 standard covering accounting for income taxes.,IAS 12 Income Taxes deals with deferred tax.
I,Income Taxes – Changes in the Tax Status of an Enterprise or Its Shareholders,Guidance on accounting when an entity's or shareholders' tax status changes.,The interpretation addresses changes in the tax status of an enterprise.
I,Income Taxes – Recovery of Revalued Non- Depreciable Assets,Guidance on deferred tax when a non-depreciable asset is revalued and recovered through sale.,"Under the interpretation on Income Taxes, the deferred tax on the revalued land was measured using the tax rate for disposals."
I,Increasing rate preference shares,Preference shares whose dividend rate rises over time.,Increasing rate preference shares are classified as a financial liability.
I,Incremental borrowing rate of interest (lessee’s),The rate a lessee would pay to borrow funds on similar terms.,The lessee used its incremental borrowing rate to discount lease payments.
I,Incremental costs,Costs that would not have arisen without the transaction.,Incremental costs directly attributable to the contract are capitalised.
I,Incremental share,Additional shares assumed to be issued.,Incremental shares are used in diluted EPS.
I,Indemnification assets,Assets recognised by an acquirer to reflect an indemnification received from the seller for the outcome of a contingency.,The acquirer recognised an indemnification asset for the seller's promise to reimburse a contingent liability.
I,Indication of an impairment,A signal that an asset may be impaired.,A decline in market value is an indication of impairment.
I,Indicator [of impairment],Sign suggesting an asset may be impaired.,A falling market price is an indicator of impairment.
I,Indirect method of reporting cash flows from operating activities,Reporting operating cash flows by adjusting profit for non-cash items.,The indirect method starts with net profit and adjusts for non-cash items.
I,Individual asset,A single asset assessed on its own rather than as part of a group.,Impairment is assessed for each individual asset unless it does not generate independent cash flows.
I,Individual financial statements,Statements presented by a parent without consolidating its subsidiaries.,Individual financial statements show investments at cost or fair value.
I,Induced conversion,A conversion of convertible debt encouraged by additional consideration.,The issuer offered an inducement to encourage early conversion.
I,Industry segments,Distinct components of an entity based on products or services.,The entity reported results by industry segments.
I,Inflation,A general rise in the price level.,Inflation reduces the purchasing power of money.
I,Information Reflecting the Effects of Changing Prices,Supplementary information presented to reflect the effects of changing prices on an entity's financial position and performance.,"In hyperinflationary economies, entities present information reflecting the effects of changing prices."
I,Initial classification,Classification at initial recognition.,Initial classification determines subsequent measurement.
I,Initial direct costs,Costs directly attributable to negotiating and arranging a lease.,Initial direct costs are added to the right-of-use asset.
I,Initial disclosure event (for a,The first event triggering disclosure about discontinued operations.,The initial disclosure event occurred when the disposal was approved.
I,Initial measurement,The amount at which an asset or liability is first recognised in the financial statements.,The initial measurement of the asset was its fair value plus transaction costs.
I,Initial public offering,The first sale of a company's shares to the public.,The initial public offering raised significant new capital.
I,Initial recognition,The first time an item is recorded in the financial statements.,Assets are measured at cost on initial recognition.
I,Instrument-by-instrument approach,Assessing instruments individually to determine classification.,Classification was assessed on an instrument-by-instrument basis.
I,Insurable interest,A financial interest in the subject of insurance.,An insurable interest is required for a valid insurance contract.
I,Insurance agency commissions,Fees earned by an insurance agent for placing insurance contracts with insurers.,Insurance agency commissions are recognised as revenue when the related insurance contract is placed.
I,Insurance assets,Assets arising from insurance contracts.,Insurance assets are measured under the insurance standard.
I,Insurance company,Entity issuing insurance contracts to policyholders.,The insurance company reported strong underwriting profits.
I,Insurance contract,A contract under which one party accepts significant insurance risk.,The insurance contract transferred risk from the policyholder.
I,Insurance contracts,Contracts under which the insurer accepts significant insurance risk from the policyholder.,The insurer applied the standard on Insurance Contracts to all policies in force.
I,Insurance enterprise,An entity that assumes and manages insurance risks.,The insurance enterprise applies specific disclosure requirements.
I,Insurance liability,The net contractual obligation of an insurer under insurance contracts.,The insurer recognised an insurance liability for outstanding claims.
I,Insurance obligations,Obligations arising from insurance contracts.,Insurance obligations are measured using current estimates.
I,Insurance risk,Risk transferred under an insurance contract.,Insurance risk arises from uncertainty over insured events.
I,Insurance swaps,Financial arrangements in which parties exchange insurance-related cash flows or risks.,The entity used insurance swaps to transfer a portion of its underwriting risk to another counterparty.
I,Insured event,An event covered by an insurance contract.,Losses from the insured event are covered by the insurer.
I,Insurer,Party that issues an insurance contract.,The insurer bears the risk under the contract.
I,Intangible asset,An identifiable non-monetary asset without physical substance.,The patent is recognised as an intangible asset.
I,Intangible Assets,"Identifiable non-monetary assets without physical substance, such as patents and licences.",The acquired patent was recognised as an intangible asset and amortised over ten years.
I,Intangible Assets – Web Site Costs,Guidance on when website development costs may be capitalized.,Intangible assets – web site costs clarify which expenses qualify for capitalization.
I,Integral foreign operation,A foreign operation that is an extension of the reporting entity's activities.,The foreign branch is treated as an integral foreign operation.
I,Interest,The cost of using borrowed money.,Interest expense is recognised using the effective interest method.
I,Interest cost (for an employee benefit plan),The increase in benefit obligation due to passage of time.,Interest cost reflects the unwinding of the discount.
I,Interest rate implicit in a lease,The discount rate that makes the present value of the lease payments plus the unguaranteed residual value equal to the fair value of the leased asset.,The lessee used the interest rate implicit in the lease to measure the lease liability.
I,Interest rate implicit in the lease,The rate that discounts lease payments to the asset's value.,The interest rate implicit in the lease discounts the lease payments.
I,Interest rate risk,Risk that interest rate changes affect financial position.,Floating-rate debt exposes the firm to interest rate risk.
I,Interest rate strip,A hedging instrument combining a cap and a floor on rates.,The interest rate strip limited exposure to rate movements.
I,Interest rate swap,"A derivative in which two parties exchange interest payment streams, typically fixed for floating.",The company entered into an interest rate swap to hedge its variable-rate debt.
I,Interest-only strip,A right to receive only interest cash flows from a transferred asset.,The retained interest-only strip is measured at fair value.
I,Interest-only strip receivable,A right to receive only the interest cash flows from a financial asset.,The entity retained an interest-only strip receivable on the securitisation.
I,Interests in Joint Ventures,An entity's ownership interests in joint ventures.,Interests in joint ventures are accounted for using the equity method.
I,Interim financial report,A report for a period shorter than a full year.,An interim financial report covers a six-month period.
I,Interim Financial Reporting,The standard that prescribes the minimum content of an interim financial report and the recognition and measurement principles for interim periods.,Interim Financial Reporting requires entities to present a condensed set of financial statements.
I,Interim financial reporting and impairment,Impairment considerations in interim reporting.,Interim financial reporting and impairment apply the same principles as annual reporting.
I,Interim financial statements,Financial statements for a period shorter than a full year.,The company published interim financial statements for the half year.
I,Interim period,A financial reporting period shorter than a full financial year.,The interim period covered the first six months.
I,Intermediate or ultimate parent entity,A parent entity that is itself a subsidiary of another parent or that sits at the top of the group.,The intermediate or ultimate parent entity must also prepare consolidated financial statements.
I,Internal rate of return,The discount rate that makes the net present value zero.,The internal rate of return determines the effective interest rate.
I,Internal risk transfer,Transfer of risk between business units within the same entity.,Internal risk transfer is eliminated on consolidation.
I,Internally generated,Created within the entity rather than acquired.,Internally generated brands are not recognised as intangible assets.
I,Internally generated goodwill,"Goodwill created internally, which is not recognised.",Internally generated goodwill is not recognised as an asset.
I,International Accounting Standard,A standard issued by the International Accounting Standards Board's predecessor that prescribes accounting treatments for particular transactions.,International Accounting Standard 2 deals with the measurement of inventories.
I,International Accounting Standards Committee,The predecessor body of the IASB.,The IASC issued the original International Accounting Standards.
I,International Accounting Standards Committee Foundation,Body overseeing the IASC and IASB.,The IASC Foundation appointed new trustees.
I,International Federation Of Accountants,The global organisation representing the accountancy profession.,IFAC issues standards on ethics and auditing.
I,International Financial Reporting Interpretations Committee,The body that issued interpretations on how to apply IFRS to specific issues.,The International Financial Reporting Interpretations Committee issued guidance on the accounting treatment.
I,International Financial Reporting Standard,Standards issued by the IASB for global financial reporting.,Each International Financial Reporting Standard sets out specific requirements.
I,Intragroup,Occurring between entities within the same group.,Intragroup balances are eliminated in the consolidated statements.
I,Intragroup payment arrangement,An arrangement for payment within a group of entities.,The intragroup payment arrangement is eliminated on consolidation.
I,Intragroup transaction,Transactions between entities in the same group.,Intragroup transactions are eliminated on consolidation.
I,Intrinsic value,"The difference between the fair value of a share and the exercise price of an option, being the amount that would be gained on immediate exercise.",The intrinsic value of the share option is measured as the excess of the share price over the exercise price.
I,Introduction of the Euro,The adoption of the euro currency.,The introduction of the Euro affected currency translation.
I,Inventories,Assets held for sale or in production.,Inventories are measured at the lower of cost and net realisable value.
I,Inverse floating interest rate,An interest rate that moves opposite to the reference rate.,The note pays an inverse floating interest rate as rates fall.
I,Investee,An entity in which another entity holds an ownership interest.,The investor holds significant influence over the investee.
I,Investing activities,Cash flows from acquiring and disposing of long-term assets.,Investing activities include purchases of property and equipment.
I,Investment,An asset held to increase wealth through income or appreciation.,The company made a long-term investment in a subsidiary.
I,Investment contract,A contract providing a return based on an investment.,Investment contracts are measured at fair value at inception.
I,Investment enterprise,An entity whose business is making investments.,An investment enterprise measures investments at fair value.
I,Investment entity,An entity that obtains funds from investors to provide them with investment management services and measures its investments at fair value through profit or loss.,An investment entity does not consolidate its controlled investees but measures them at fair value.
I,Investment grade,A credit rating indicating low default risk.,The bonds are rated investment grade.
I,Investment performance,Return achieved on an investment over a period.,Investment performance is reported to policyholders annually.
I,Investment property,Property held to earn rentals or for capital appreciation.,The office block is held as investment property.
I,Investment retained,The interest in a former subsidiary that a parent continues to hold after losing control.,The investment retained was remeasured at fair value when control was lost.
I,Investment securities,Financial assets held to earn returns rather than for trading.,Investment securities are classified by their contractual cash flows.
I,Investment tax credits,Tax incentives granted to encourage capital investment.,Investment tax credits reduced the entity's tax expense.
I,Investment-linked insurance funds,Insurance funds whose value is linked to investments.,Assets held in investment-linked insurance funds are measured at fair value.
I,Investments in Associates,The standard on accounting for associates.,Investments in associates are accounted for using the equity method.
I,Investor,"A party that holds an interest in another entity, such as through shares, and is entitled to returns from that investment.",The investor assessed whether it had significant influence over the associate.
I,Investor in a joint venture,A party with an interest in a joint venture.,The investor in a joint venture uses the equity method.
I,Investor-owned entity,Entity owned by investors rather than policyholders.,Investor-owned entities report profits for shareholders.
I,Involuntary liquidation,Winding up of a company ordered by a court or regulator.,The bank faced involuntary liquidation after the collapse.
I,Irrevocable commitments,Binding obligations that cannot be cancelled or withdrawn by the entity.,Irrevocable commitments to purchase raw materials were disclosed in the notes.
I,Issued capital,The amount of share capital actually issued to shareholders.,Issued capital is presented separately from share premium.
I,Issued shares,Shares that have been allocated and paid for by shareholders.,Issued shares are recorded at their nominal value.
I,Issuing entity,The entity that issues equity instruments to holders.,The issuing entity recognised the preference shares as equity.
I,Item,A single element of the financial statements.,"Each item is classified as asset, liability, income or expense."
I,Item by item basis,An approach in which each individual item is considered separately rather than in aggregate.,The entity assessed its financial assets for impairment on an item by item basis.
I,Item of inventory,A single unit or category of inventory.,Each item of inventory is measured at the lower of cost and net realisable value.
J-L,Joint control,Contractually shared control of an arrangement.,The two parties exercise joint control over the venture.
J-L,Joint venture,A joint arrangement where parties share control and net assets.,The two firms formed a joint venture for the project.
J-L,Joint working group,A group formed by two or more bodies to work together on a common project or standard.,The joint working group was set up to align the two frameworks.
J-L,Jointly Controlled Entities – Non-Monetary Contributions by Venturers,Guidance on non-monetary contributions made by venturers to jointly controlled entities.,Non-monetary contributions by venturers require careful gain recognition.
J-L,Jointly controlled entity,An entity whose strategic decisions require unanimous consent of the venturers.,Profits of the jointly controlled entity are shared equally.
J-L,Jurisdiction,A legal territory with its own rules and courts.,Tax rates are applied based on the relevant jurisdiction.
J-L,Key management personnel,Those with authority for planning and control.,Key management personnel compensation is disclosed.
J-L,Larger financial asset,"The financial asset of greater value in a comparison, relevant when allocating or measuring assets.",The fair value adjustment was allocated to the larger financial asset in the portfolio.
J-L,"Last-in, first-out",An inventory costing method.,"Last-in, first-out is not permitted under IFRS."
J-L,Lease,Contract conveying the right to use an asset.,The lease term is five years without renewal option.
J-L,Lease term,The non-cancellable period during which a lessee may use an asset.,The lease term was extended by an optional renewal period.
J-L,Leaseback,A transaction in which the seller of an asset leases it back from the buyer.,The sale and leaseback arrangement resulted in a right-of-use asset.
J-L,Leased assets,Assets recognized by a lessee or lessor under a finance lease.,Leased assets are depreciated over the shorter of lease term or useful life.
J-L,Leasehold interest,The lessee's interest in a leased asset under a lease agreement.,The leasehold interest was classified as an asset.
J-L,Leases,Contracts transferring the right to use an asset for a period.,Leases are recognised as a right-of-use asset and a lease liability.
J-L,Legal entity,An entity recognised as such by law.,A legal entity may be separate from the reporting entity.
J-L,Legal merger,A combination in which two or more entities are legally merged into a single entity.,"Following the legal merger, the surviving entity assumed all the assets and liabilities of the merged company."
J-L,Legal obligation,An obligation arising from law.,A legal obligation may require recognising a provision.
J-L,Legal parent,Entity that controls another through ownership.,The legal parent controls two subsidiaries.
J-L,Legal release,Legal discharge of a debt or obligation.,The legal release of the guarantee removed the liability.
J-L,Legal rights,Enforceable entitlements recognised or disclosed in the financial statements.,The entity had legal rights to offset the two balances.
J-L,Legal subsidiary,The entity legally designated as subsidiary in a reverse acquisition.,The legal subsidiary is treated as the accounting acquirer.
J-L,Legally enforceable right,A right that can be enforced in a court of law.,Offsetting requires a legally enforceable right of set-off.
J-L,Legislative requirement,A requirement imposed by law.,A legislative requirement created a present obligation.
J-L,Lender,A party that provides funds as a loan.,The lender assesses the borrower's credit risk.
J-L,Lessee,The party that obtains the right to use an underlying asset for a period of time in exchange for consideration.,The lessee recognises a lease liability and a right-of-use asset at the commencement date.
J-L,Lessee’s incremental borrowing rate of interest,The rate a lessee would pay to borrow.,The lessee's incremental borrowing rate discounts lease payments.
J-L,Lessor,Party that provides an asset under a lease.,The lessor recognised a finance lease receivable.
J-L,Letters of credit,Bank documents guaranteeing payment to a seller.,The exporter required letters of credit for the shipment.
J-L,Level of serviceability,The standard of performance or capacity an asset must maintain to be considered usable.,The maintenance provision keeps the aircraft at the required level of serviceability.
J-L,Leverage,The use of debt to increase the potential return on equity.,High leverage increases the entity's financial risk.
J-L,Leveraged written option,A written option whose payoff increases more than proportionally to the underlying.,The leveraged written option increased the entity's exposure.
J-L,Liabilities Arising from Participating in a Specific Market – Waste Electrical and Electronic Equipment,Obligations from participating in a market for WEEE.,Liabilities arise from participating in the WEEE market.
J-L,Liabilities assumed,Obligations taken over in a transaction.,Liabilities assumed are measured at fair value in a business combination.
J-L,Liability,"A present obligation of the entity arising from past events, the settlement of which is expected to result in an outflow of resources.",The trade payable is recognised as a liability because the entity has a present obligation to pay.
J-L,Liability adequacy test,A test of whether liabilities are adequate.,The liability adequacy test ensures insurance liabilities are sufficient.
J-L,Liability component,Debt portion of a compound financial instrument.,The liability component was measured at present value.
J-L,Liability issue,The issuance of debt instruments to raise funds.,The liability issue raised funds for expansion.
J-L,Licence fee,A payment made for the right to use intellectual property or operate under a permit.,The licence fee was recognised as revenue over the licence period.
J-L,Licensing agreement,A contract granting rights to use intellectual property or technology.,The licensing agreement provides for royalty payments.
J-L,Life-contingent annuity,An annuity whose payments depend on the survival of the annuitant.,The insurer priced the life-contingent annuity using mortality assumptions.
J-L,LIFO,"Last-in, first-out inventory costing method.",LIFO is not permitted under IFRS.
J-L,Like transactions and events in similar circumstances,Comparable transactions treated consistently.,Like transactions in similar circumstances are treated consistently.
J-L,Limited Exemption from Comparative IFRS 7 Disclosures for First-time Adopters,An amendment providing first-time adopters a limited exemption from presenting comparative IFRS 7 disclosures.,The limited exemption from comparative IFRS 7 disclosures for first-time adopters reduces the burden of transition.
J-L,Line item,A single line presented in a statement.,Each line item is presented separately.
J-L,Line of business,Distinct segment or area of commercial activity.,Results are reported by line of business.
J-L,Liquid assets,Cash and assets easily convertible into cash.,The company held sufficient liquid assets to meet payments.
J-L,Liquidity,The availability of cash and the ability of an entity to meet its short-term obligations.,The company maintained sufficient liquidity to meet its obligations as they fell due.
J-L,Liquidity presentation,Presentation of assets and liabilities by their nearness to cash.,The bank adopts liquidity presentation in its balance sheet.
J-L,Liquidity risk,The risk that an entity will struggle to meet its financial obligations.,The entity monitors liquidity risk through maturity analysis.
J-L,Litigation settlements,Amounts agreed to settle legal disputes.,Litigation settlements were recognised as a provision.
J-L,Loan,Funds provided that must be repaid.,The loan is measured at amortised cost.
J-L,Loan asset,A financial asset arising from the lending of money to a borrower.,The loan asset is measured at amortised cost using the effective interest method.
J-L,Loan commitment,A commitment to provide a loan.,The loan commitment fee is recognised over the commitment period.
J-L,Loan sub-participation,Agreement transferring part of a loan's risk and return.,The bank entered a loan sub-participation with another lender.
J-L,Loans and advances,Amounts lent by a bank to its customers.,Loans and advances to customers grew during the year.
J-L,Loans and receivables,Non-derivative financial assets with fixed or determinable payments that are not quoted in an active market.,Trade receivables were classified as loans and receivables under the old standard.
J-L,Loans and receivables originated by the enterprise,Non-derivative financial assets created by providing money or goods.,Loans and receivables originated by the enterprise are measured at amortized cost.
J-L,Loans payable,Liabilities arising from borrowed funds that must be repaid.,Loans payable are classified as non-current liabilities.
J-L,Loans payable in default,Loans in breach of their terms and repayable on demand.,Loans payable in default are classified as current liabilities.
J-L,Long-term employee benefits,Benefits payable beyond twelve months.,Long-term employee benefits include long-service leave.
J-L,Long-term investment,"An investment intended to be held for more than one year, not expected to be converted into cash in the short term.",Long-term investments are presented separately from current assets in the statement of financial position.
J-L,Look through,Assessing the substance behind a structure.,A look through approach assesses the underlying assets.
J-L,Look through approach,Basing treatment on underlying substance rather than legal form.,The look through approach is used for financial conglomerates.
J-L,Loss event,An event that causes an actual credit loss.,A loss event was identified on the defaulted loan.
J-L,Loss of control,The event in which a parent no longer has control over a former subsidiary.,The loss of control triggered the derecognition of the subsidiary's assets and liabilities.
J-L,Loss per share,The net loss attributable to each ordinary share.,The entity reported a loss per share for the period.
J-L,Loss recognition test,A test to determine whether an insurance contract is onerous.,A loss recognition test is performed for each insurance portfolio.
J-L,Loss sharing arrangement,An agreement to share losses between parties.,"Under the loss sharing arrangement, losses are borne proportionately."
J-L,Losses,Decreases in economic benefits.,Losses are recognised in profit or loss.
J-L,Lower level parent,A parent entity that is itself a subsidiary of another parent higher up the group structure.,The lower level parent prepares consolidated financial statements for its own group within the wider structure.
M-N,Majority interest,Ownership of more than half the voting rights.,Majority interest gives the parent control.
M-N,Managed on a contractual yield basis,Assets managed to achieve returns set by contract.,The portfolio is managed on a contractual yield basis.
M-N,Management,The people responsible for directing and controlling an entity.,Management is responsible for preparing the financial statements.
M-N,Management approach,An approach that bases segment reporting on the information used internally by management.,"Under the management approach, segments were reported as reviewed by the chief operating decision maker."
M-N,Management commentary,Narrative explanation of financial results accompanying the statements.,The management commentary explains key performance drivers.
M-N,Management intentions,Management's stated plans for holding or disposing of an asset.,The classification depended on management intentions.
M-N,Margin,The difference between revenue and cost of sales.,The gross margin improved following cost reductions.
M-N,Market condition,A condition related to market prices.,A market condition affects the fair value of a share option.
M-N,Market price,The price at which an asset or liability could be bought or sold in an active market.,The market price of the listed shares was used to determine their fair value.
M-N,Market rate of interest,The prevailing interest rate in the market.,The loan was granted at the market rate of interest.
M-N,Market risk,Risk of loss from market price movements.,Market risk arises from commodity price fluctuations.
M-N,Market value,The price at which an asset could be traded in the market.,The market value of the land rose sharply.
M-N,Marketable,Describes an asset that can be readily bought or sold in a market.,The marketable securities were measured at fair value at the reporting date.
M-N,Marketing-related intangible assets,"Intangible assets used in marketing, such as trademarks and brand names.",Marketing-related intangible assets include trademarks and internet domains.
M-N,Mask works,Intellectual property rights protecting semiconductor chip designs.,Mask works are recognised as intangible assets.
M-N,Master netting arrangement,An agreement allowing offsetting of multiple contracts on default.,A master netting arrangement allows offset on default.
M-N,Matching of costs with revenues,Recognising expenses with the related revenue.,Matching of costs with revenues recognises expenses in the same period.
M-N,Material,"Information is material if omitting, misstating or obscuring it could influence the decisions that users make.",The omission of the disclosure was not material to the users of the financial statements.
M-N,Material adjustments,Adjustments significant enough to matter.,Material adjustments were made to the prior period figures.
M-N,Material errors,Errors significant enough to affect users' decisions.,Material errors in prior statements were corrected retrospectively.
M-N,Material omissions,Failures to include information significant enough to affect decisions.,Material omissions in the notes led to a restatement.
M-N,Materiality,The threshold at which information could influence the economic decisions of users of financial statements.,The omission was not considered material to the financial statements as a whole.
M-N,Matrix approach Matrix presentation,Presenting information across two dimensions in a grid format.,The matrix presentation discloses risk by type and by category.
M-N,Matrix form of organisation,An organisational structure where staff report to more than one manager.,The group operates in a matrix form of organisation.
M-N,Maturity,The date an instrument becomes due for settlement.,The bond's maturity is ten years from issue.
M-N,Maturity value,The amount payable at maturity.,The bond was redeemed at its maturity value.
M-N,Measured at fair value through other comprehensive income,A measurement category for financial assets whose fair value changes are recognised in other comprehensive income rather than profit or loss.,The debt instrument is measured at fair value through other comprehensive income because it is held within a business model of hold to collect and sell.
M-N,Measurement,Determining the monetary amount of an item.,Measurement of the provision used the best estimate.
M-N,Measurement bases,Methods used to determine amounts in financial statements.,The standard lists several measurement bases.
M-N,Measurement date,The date at which an asset or liability is measured.,The measurement date for the plan assets was year end.
M-N,Measurement of change,The determination of the amount of change in an item that must be recognised or disclosed.,The measurement of change in the fair value of the liability was recognised in profit or loss.
M-N,Measurement or recognition inconsistency,An accounting mismatch between related assets and liabilities.,The derivative was held to remove a measurement or recognition inconsistency.
M-N,Measuring interim income tax expense,Calculating income tax for interim periods using the estimated annual effective rate.,Measuring interim income tax expense requires an estimated annual rate.
M-N,Membership fees,Fees paid to join or remain in an organisation.,Membership fees are recognised as revenue over the membership period.
M-N,Members’ shares,Equity held by members of a co-operative.,Members' shares may be classified as equity or liability.
M-N,Members’ Shares in Co-operative Entities and Similar Instruments,An interpretation addressing whether members' shares in co-operative entities should be classified as liabilities or equity.,The interpretation on members' shares in co-operative entities determines when such shares are classified as equity.
M-N,Merchandise,Goods held for resale.,Merchandise is reported within inventory.
M-N,Merger,Combination of two entities into one.,The merger created the largest bank in the region.
M-N,Method of accounting,The approach used to recognise and measure transactions.,The company changed its method of accounting for leases.
M-N,Mid-market price,The price midway between the bid price and the asking price of a financial instrument.,The shares were measured using the mid-market price at the reporting date.
M-N,Minerals and mineral products,Extracted natural resources and products derived from them.,Inventory of minerals and mineral products is measured at net realizable value.
M-N,Minimum funding contributions,Required contributions set by law or regulation to fund a plan.,The entity paid minimum funding contributions to the pension plan.
M-N,Minimum funding requirement,A legal minimum contribution required for a benefit plan.,The minimum funding requirement increased the plan liability.
M-N,Minimum lease payments,Payments required over the lease term.,Minimum lease payments are discounted in lease accounting.
M-N,Minority interest,"The portion of equity in a subsidiary not attributable, directly or indirectly, to the parent entity.",Minority interest is presented within equity in the consolidated statement of financial position.
M-N,Mismatch,A mismatch between assets and liabilities.,The mismatch between maturities creates risk.
M-N,Misstatement,Difference between reported and required amounts.,The auditor identified a misstatement in revenue.
M-N,Mitigating device,An instrument or action that reduces risk exposure.,The derivative served as a mitigating device for currency risk.
M-N,Mixed attribute approach,An accounting approach under which different measurement bases are applied to different items.,"The standard uses a mixed attribute approach, measuring some assets at cost and others at fair value."
M-N,Monetary asset,An asset representing money or a claim to fixed amounts of money.,Cash and trade receivables are monetary assets.
M-N,Monetary items,Units of currency held and assets and liabilities to be received or paid in fixed amounts.,Monetary items are translated at the closing exchange rate.
M-N,Monetary items (monetary assets; monetary financial assets and financial liabilities; monetary financial instruments),Assets and liabilities to be received or paid in fixed money units.,Monetary items are retranslated at the closing rate.
M-N,Monitor compliance,Watching adherence to rules or covenants.,The entity monitors compliance with loan covenants.
M-N,Mortality risk,"The risk that actual mortality rates differ from those expected, affecting the measurement of insurance or benefit obligations.",The insurer's mortality risk was assessed using recent actuarial tables.
M-N,Multi-employer (benefit) plans,Benefit plans shared by several employers.,Multi-employer plans pool the assets of several employers.
M-N,Multi-employer plans (for an employee benefit plan),Plan pooling contributions from several unrelated employers.,Multi-employer plans spread risk across participating employers.
M-N,Multiple arrangements,Several separate contracts entered into at or near the same time.,The multiple arrangements were assessed as a single transaction.
M-N,Multiple embedded derivatives,Two or more embedded derivatives contained in a single host contract.,"When a contract contains multiple embedded derivatives, they may be treated as a single compound derivative."
M-N,Mutual cooperative entity,An entity owned and controlled by its members for mutual benefit.,The mutual cooperative entity distributes surpluses among its members.
M-N,Mutual entity,An entity whose owners receive dividends or returns rather than equity shares.,A mutual entity provides its members with membership rights.
M-N,Mutual fund,A pooled investment vehicle owned by its investors.,Units in the mutual fund are measured at fair value.
M-N,Mutual insurance company,An insurer owned by its policyholders.,A mutual insurance company is owned by its policyholders.
M-N,National requirements,Local legal or regulatory requirements that an entity must comply with in addition to international standards.,"Where national requirements differ from IFRSs, the entity discloses the nature of the differences."
M-N,Nature of expense method,Presenting expenses by their nature.,The nature of expense method groups expenses by type.
M-N,Negative goodwill,Gain when acquisition cost is below fair value acquired.,The bargain purchase produced negative goodwill.
M-N,Negotiable paper,A transferable financial instrument that can be endorsed to another party.,The negotiable paper was endorsed to the bank.
M-N,Net assets,"The amount by which total assets exceed total liabilities, equivalent to equity.",Net assets increased following the profitable year.
M-N,Net assets available for benefits,Plan assets less liabilities available to pay employee benefits.,Net assets available for benefits grew over the reporting period.
M-N,Net basis,Presentation of assets and liabilities at their net amount.,The liability was settled on a net basis.
M-N,Net cash-settled option,An option settled in cash equal to the net gain.,The net cash-settled option is classified as a liability.
M-N,Net disposal proceeds,Proceeds from disposal less disposal costs.,Net disposal proceeds reduce the gain or loss on disposal.
M-N,Net exchange differences,The net amount of gains and losses arising from translating foreign currency amounts at different exchange rates.,Net exchange differences are recognised in other comprehensive income and accumulated in a separate component of equity.
M-N,Net identifiable assets,Identifiable assets less liabilities acquired.,Goodwill is the excess of consideration over net identifiable assets.
M-N,Net income,Profit remaining after all expenses and taxes.,Net income increased by twelve percent this year.
M-N,Net investment hedge,A hedge of currency exposure in a net investment abroad.,The group used a net investment hedge for its overseas subsidiary.
M-N,Net investment in a foreign entity,The amount of the reporting entity's interest in the net assets of a foreign operation.,The intercompany loan formed part of the net investment in a foreign entity.
M-N,Net investment in a foreign operation,The reporting entity's net share of a foreign operation's net assets.,Exchange differences on a net investment in a foreign operation go to equity.
M-N,Net investment in a lease,The gross investment in a lease discounted at the implicit interest rate.,The net investment in a lease equals gross investment less unearned finance income.
M-N,Net loss,Total expenses exceeding total income for a period.,The entity reported a net loss for the year.
M-N,Net monetary position,The difference between monetary assets and liabilities.,The net monetary position gives rise to a gain in inflation.
M-N,Net position,The difference between the total assets and total liabilities of a given exposure or category.,The entity's net position in foreign currency was disclosed in the risk management note.
M-N,Net profit,Profit after all expenses and taxes.,Net profit for the year increased by ten percent.
M-N,Net profit or loss [for the period],Bottom-line result of the reporting period.,Net profit or loss is presented on the income statement.
M-N,"Net Profit or Loss for the Period, Fundamental Errors and Changes in Accounting Policies","Guidance on reporting period profit, fundamental errors and policy changes.",The standard addressed net profit and changes in accounting policies.
M-N,Net realisable value,The estimated selling price less the estimated costs of completion and the costs to make the sale.,Inventory was written down to net realisable value because it had become obsolete.
M-N,Net selling price,Fair value less costs to sell an asset.,The net selling price was lower than the asset's carrying amount.
M-N,Net settlement = Settle net,Settlement of a contract by paying or receiving only the net gain or loss.,The derivatives allowed net settlement without physical delivery.
M-N,Neutrality,Freedom from bias in financial information.,Neutrality supports faithful representation of the results.
M-N,Newly acquired asset,An asset recently obtained.,A newly acquired asset is measured at fair value at acquisition.
M-N,Next most senior parent,The parent entity that is next in the group hierarchy above a lower level parent.,The next most senior parent is required to prepare consolidated financial statements that include the whole group.
M-N,Non- adjusting event [after the balance sheet date],An event after the reporting date not requiring adjustment.,A decline in market value after year-end is a non-adjusting event.
M-N,Non-adjusting event after the reporting period,Event after period-end that does not change reported figures.,A fire after year-end is a non-adjusting event after the reporting period.
M-N,Non-bank financial service firm,A financial institution that is not a licensed bank.,The lessor is a non-bank financial service firm.
M-N,Non-cancellable lease,A lease that cannot be terminated by the lessee without incurring a penalty.,The minimum lease payments under the non-cancellable lease were discounted to present value.
M-N,Non-cash assets,Assets other than cash and cash equivalents.,Non-cash assets were contributed to the joint venture.
M-N,Non-cash collateral,Assets other than cash pledged as security for an obligation.,Non-cash collateral must be measured at fair value.
M-N,Non-cash items,Income or expenses not involving cash movements.,Depreciation is a non-cash item added back in the cash flow statement.
M-N,Non-cash transactions,Transactions that do not involve cash movements.,Non-cash transactions are excluded from the cash flow statement.
M-N,Non-controlling interest,"The equity in a subsidiary not attributable, directly or indirectly, to a parent.",Non-controlling interests are presented separately within equity in the consolidated financial statements.
M-N,Non-controlling interests,Equity in a subsidiary not owned by the parent.,Non-controlling interests are presented within equity.
M-N,Non-coterminous year-ends,Different reporting period ends within a group.,Non-coterminous year-ends require adjusting for significant transactions.
M-N,Non-current assets,Assets expected to be realised beyond twelve months.,"Non-current assets include property, plant and equipment."
M-N,Non-current assets (or disposal groups) as held for distribution to owners,Assets expected to be distributed to owners in their capacity as owners rather than sold.,The subsidiary's assets were classified as non-current assets held for distribution to owners.
M-N,Non-current Assets Held for Sale and Discontinued Operations,Classification and presentation of assets held for sale and discontinued operations.,Non-current assets held for sale are measured at the lower of carrying amount and fair value less costs to sell.
M-N,Non-current liabilities,Obligations expected to be settled after more than twelve months.,Non-current liabilities are presented separately from current ones.
M-N,Non-depreciable assets,"Assets not subject to depreciation, such as land.",Land is a non-depreciable asset.
M-N,Non-derivative,An instrument that is not a derivative.,A non-derivative contract is classified separately.
M-N,Non-derivative contract,A contract whose value does not depend on an underlying variable in the manner of a derivative instrument.,The ordinary share purchase contract is a non-derivative contract classified as an equity instrument.
M-N,Non-discretionary,Not subject to discretion.,The levy is a non-discretionary payment.
M-N,Non-discretionary employee profit- sharing plan,Plan requiring fixed contributions regardless of management choice.,The non-discretionary plan obliges the firm to pay bonuses.
M-N,Non-financial assets,Assets such as inventory and equipment rather than financial instruments.,Inventory is a non-financial asset.
M-N,Non-linearities,Effects in a sensitivity analysis where a change in one variable does not produce a proportional change in the outcome.,The sensitivity analysis disclosed non-linearities in the relationship between the variables.
M-N,Non-marketable securities,Securities that are not traded on an active market.,Non-marketable securities are valued using valuation techniques.
M-N,Non-monetary asset,An asset not representing a fixed or determinable amount of money.,"Property, plant and equipment is a non-monetary asset."
M-N,Non-monetary government grants,Grants received as assets rather than cash.,Non-monetary government grants are measured at fair value.
M-N,Non-owner changes in equity,Changes in equity from transactions other than with owners.,Comprehensive income reflects non-owner changes in equity.
M-N,Non-puttable ordinary shares,Ordinary shares that do not give the holder the right to require the issuer to repurchase them for cash.,Non-puttable ordinary shares are classified as equity because the holder cannot require redemption.
M-N,Non-reciprocal distributions of assets,Distributions made without receiving consideration.,Non-reciprocal distributions of assets reduce equity.
M-N,Non-redeemable,Not subject to repayment or redemption by the holder.,The preference shares are non-redeemable.
M-N,Non-refundable purchase taxes,Taxes on purchases that cannot be recovered from tax authorities.,Non-refundable purchase taxes form part of the asset's cost.
M-N,Normal capacity of production facilities,The production level the facility is expected to achieve on average over a number of periods.,Fixed overheads were allocated based on the normal capacity of the production facilities.
M-N,Not-for-profit organizations,Entities whose objective is not to generate profit for owners.,Not-for-profit organizations report on their service performance.
M-N,Notes (receivable/payable),Written promises to pay a sum of money at a future date.,The entity signed a note payable to the bank.
M-N,Notional amount,The face amount underlying a derivative contract.,The notional amount of the swap was 10 million.
O,Objective,Free from bias; also a goal or aim.,The information should be objective and free from bias.
O,Obligating event,A past event that creates a present legal or constructive obligation for which a provision must be recognised.,The environmental damage constituted an obligating event requiring recognition of a provision.
O,Obligation,A duty or responsibility to act or pay.,A present obligation is required to recognise a provision.
O,Obligations for removal and restoration,Duties to dismantle assets and restore sites.,The company recognised obligations for removal and restoration.
O,Observable (benchmark) interest rate,An interest rate directly observable in the market.,The observable interest rate was used to discount cash flows.
O,Observable markets,Markets for which price information is readily available to participants.,Fair value was determined from prices in observable markets.
O,Observed (benchmark) interest rate,A market interest rate observed for similar instruments.,The fair value was estimated using the observed benchmark interest rate.
O,Observed market price,A quoted price taken directly from an active market.,Fair value was based on the observed market price.
O,Obsolescence,Loss of usefulness due to technological or market change.,Obsolescence reduced the asset's recoverable amount.
O,Obtaining or losing control,Gaining or losing power over an entity.,Losing control results in deconsolidation.
O,Offer price,The price at which a party offers to buy or sell a financial instrument or asset.,The offer price is used when measuring the fair value of a liability in the principal market.
O,Offset,Presenting an asset and liability net.,Financial assets and liabilities are offset when the criteria are met.
O,Offsetting,Presenting assets and liabilities net in the statements.,Offsetting is permitted only when required or allowed.
O,One-step approach,A method recognising a gain or loss in a single step.,The one-step approach simplified the accounting treatment.
O,One-way reclassification,A change in the classification of a financial asset that is permitted in only one direction.,The standard allowed a one-way reclassification of the instrument out of the trading category.
O,Onerous contract,A contract where unavoidable costs exceed expected economic benefits.,A provision is recognized for the onerous contract.
O,Onerous minimum funding requirements,Funding obligations that create a liability because they are burdensome.,Onerous minimum funding requirements gave rise to an additional liability.
O,Ongoing access,Continuous right to use an asset or facility.,Ongoing access to the infrastructure is provided under the arrangement.
O,Opening balance,The balance at the beginning of a period.,The opening balance agrees with the prior period's closing balance.
O,Opening IFRS balance sheet,"The statement of financial position prepared at the date of transition to IFRSs, being the starting point for first-time adoption.",The opening IFRS balance sheet was prepared by recognising and measuring all assets and liabilities in accordance with IFRSs.
O,Opening IFRS statement of financial position,The first IFRS balance sheet at transition.,The opening IFRS statement of financial position is prepared at the transition date.
O,Operating activities,Principal revenue-producing activities of the entity.,Cash from operating activities remained positive.
O,Operating cycle,The time between acquiring materials and receiving cash from customers.,The operating cycle of the retailer is short.
O,Operating decisions,Decisions relating to the day-to-day use of resources in running an entity's business.,Operating decisions about the plant are made by the segment's management.
O,Operating lease,A lease that does not transfer substantially all ownership risks and rewards.,Operating lease payments are recognized as an expense on a straight-line basis.
O,Operating Leases—Incentives,Lease incentives received or receivable under an operating lease.,The entity recognized operating lease incentives over the lease term.
O,Operating Segments,Components reported separately based on internal reporting.,Operating segments are identified based on the chief operating decision maker's reports.
O,Operator,A party that operates a facility or service.,The operator recognises revenue under the concession agreement.
O,Option,"A contract that gives the holder the right, but not the obligation, to buy or sell an asset at a specified price.",The holder of the call option may purchase the shares at the agreed exercise price.
O,Option contract,A contract granting a right to buy or sell.,The option contract gives the holder the right to buy shares.
O,Option pricing model,Model used to estimate the fair value of an option.,The entity used an option pricing model to value the share options.
O,"Options, warrants and their equivalents",Contracts giving the holder the right to buy shares.,"The entity issued options, warrants and their equivalents to investors."
O,Ordinary activities,"The regular business activities of an entity, excluding unusual or non-recurring items.",The gain arose from ordinary activities and was included in operating profit.
O,Ordinary course of business,Normal day-to-day business activities carried out on arm's length terms.,The sale was made in the ordinary course of business.
O,Ordinary equity holders,Owners of ordinary shares in an entity.,Profits are distributed to ordinary equity holders as dividends.
O,Ordinary share,A basic equity instrument carrying voting rights.,Ordinary shares rank after preference shares on liquidation.
O,Original asset,The asset before modification or exchange.,The original asset's carrying amount affects the exchange.
O,Original cost,"The amount originally paid to acquire an asset, before any adjustments.",The original cost of the building was based on the purchase price plus transaction costs.
O,Originate and hold’ business model,A model where assets are held to collect cash flows.,"Under the originate and hold business model, assets are measured at amortised cost."
O,Originated loan approach,Method treating loans the entity originated itself for disclosure purposes.,"Under the originated loan approach, only loans the bank granted are included."
O,Originated loans and receivables,Loans and receivables created by the entity itself.,Originated loans and receivables are measured at amortised cost.
O,Origination costs,"Costs directly attributable to originating a financial instrument, such as a loan.",Loan origination costs are amortised over the life of the loan using the effective interest method.
O,Originator of the financial asset,Entity that creates a financial asset by transferring goods or services.,The bank was the originator of the financial asset.
O,Other components of equity,Equity items other than share capital and retained earnings.,Other components of equity include the revaluation surplus.
O,Other comprehensive income,Income and expenses not recognised in profit or loss.,Actuarial gains are presented in other comprehensive income.
O,Other long-term employee benefits,Long-term benefits other than pensions.,Other long-term employee benefits require actuarial measurement.
O,Other price risk,The risk that the fair value or future cash flows of a financial instrument will fluctuate because of changes in market prices other than those arising from interest or currency risk.,Other price risk arises from changes in the market price of the equity instruments held.
O,Out of the money,An option with an unfavourable exercise price.,The option is out of the money when the strike exceeds the share price.
O,Outreach programme,Activities to inform and consult stakeholders about a project.,The board launched an outreach programme before revising the standard.
O,Outright sale,An unconditional sale transferring ownership completely and permanently.,The asset was transferred through an outright sale.
O,Outsourcing arrangements,Agreements under which an entity contracts with a third party to perform activities on its behalf.,"Under the outsourcing arrangements, the service provider handles the payroll function."
O,Outsourcing provider,External party performing services previously handled in-house.,The outsourcing provider handles our payroll processing.
O,Over-the-counter market,Market where securities trade directly between parties off exchange.,The shares are traded on the over-the-counter market.
O,Overheads,Indirect costs of running a business.,Production overheads are allocated to inventory.
O,Own credit risk,The risk of an entity's own default.,Own credit risk affects the fair value of liabilities.
O,Owner,"A holder of an ownership interest in an entity, such as a shareholder.",Transactions with owners in their capacity as owners are recorded directly in equity.
O,Owner changes in equity,Equity changes from transactions with owners.,Owner changes in equity include dividends and share issues.
O,Owner-occupied property,"Property held by its owner for operations, not for rental.",Owner-occupied property is accounted for under IAS 16.
O,Owners,Holders of instruments classified as equity in the entity.,Distributions to owners are recognised directly in equity.
O,Ownership interest,The proportion of an entity's equity held by an investor.,The entity acquired a 25% ownership interest in the joint venture.
O,Owners’ equity,Residual interest in the assets after deducting all liabilities.,Owners' equity increased after the profitable year.
P,Paid in capital,Capital contributed by shareholders in exchange for shares.,The company reported paid in capital of one million.
P,Parent,An entity that controls one or more other entities.,The parent prepares consolidated financial statements.
P,Parent-subsidiary relationship,A control relationship between entities.,The parent-subsidiary relationship triggers consolidation.
P,Partial disposal,The sale of a portion of an entity's interest in a subsidiary or investment without losing control or significant influence.,The partial disposal of the subsidiary's shares did not result in a loss of control.
P,Partially-owned subsidiary,A subsidiary not wholly owned by the parent.,A partially-owned subsidiary gives rise to non-controlling interests.
P,Participants [in a pension plan],Members entitled to benefits under a pension plan.,All participants in the pension plan receive annual statements.
P,Participating equity instruments,Equity instruments entitled to share in profits.,Participating equity instruments receive a share of distributable profits.
P,Pass-through arrangement,A contract in which an entity collects amounts on behalf of third parties and remits them without recognising them as its own revenue.,The utility acted as agent under a pass-through arrangement and recorded only the net fee as revenue.
P,Past business combination,Combination that occurred in an earlier reporting period.,The goodwill arose from a past business combination.
P,Past due,Payment not made by its contractual due date.,The receivable was past due by thirty days.
P,Past event,An event that has already occurred and creates an obligation.,A past event gave rise to a present obligation.
P,Past service cost,Change in benefit obligation for past service.,Past service cost is recognised when the plan is amended.
P,Payables,Amounts owed by an entity to its suppliers or other parties for goods or services received.,Trade payables are presented as current liabilities if payable within twelve months.
P,Pension,Retirement income paid to a person.,The pension is paid monthly after retirement.
P,Pension liability,Present obligation to pay future retirement benefits to employees.,The company recognised a pension liability in its statement of financial position.
P,Pension scheme,Arrangement providing post-employment benefits to employees.,The company operates a defined benefit pension scheme.
P,Percentage of completion method,A revenue recognition method under which income is recognised according to the stage of completion of a contract.,Revenue on the long-term construction contract was recognised using the percentage of completion method.
P,Performance,Degree to which an entity achieves its financial objectives.,The company's performance improved in the second quarter.
P,Performance (=Financial performance),Extent to which an entity achieves its financial results.,Financial performance is measured by profit and returns.
P,Performance conditions,Conditions requiring specified performance for an award to vest.,Share awards vest subject to performance conditions.
P,Period of service,The period an employee provides service.,Benefits accrue over the period of service.
P,Period-certain annuity,"An annuity that guarantees payments for a fixed number of periods, regardless of whether the recipient survives.",A period-certain annuity was purchased to provide income for a fixed ten-year term.
P,Period-specific effects,Effects limited to a specific period.,Period-specific effects are not extrapolated to other periods.
P,Perpetual debt instruments,Debt instruments with no fixed maturity date.,Perpetual debt instruments pay interest indefinitely but never repay principal.
P,Persistency bonus,Bonus paid for policy renewals or continued participation.,Policyholders received a persistency bonus for renewing their contracts.
P,Personnel,"The employees of an entity, whose costs and benefits are recognised in the financial statements.",Personnel costs increased as the company expanded its workforce.
P,Phantom shares,Cash-settled awards valued by reference to the share price.,Phantom shares give employees a cash bonus tied to share price.
P,Physical capital,Capital viewed as the physical productive capacity of an entity.,Physical capital is measured in units of production capacity.
P,Plan assets (of an employee benefit plan),Assets held by a fund to meet employee benefit obligations.,Plan assets are measured at fair value at the reporting date.
P,Plan commitment date,The date on which a plan is committed.,The plan commitment date determines the accounting.
P,Plan to sell the controlling interest in a subsidiary,"A formal plan to dispose of a controlling interest in a subsidiary, which may trigger classification as held for sale.",A plan to sell the controlling interest in a subsidiary requires the assets to be presented as held for sale.
P,Pledged as collateral,Provided as security for a loan.,The building was pledged as collateral for the loan.
P,Policyholder,Person or entity that holds an insurance contract.,The policyholder may surrender the contract at any time.
P,Pooling of interest method,Old method combining entities without recognising goodwill.,The pooling of interest method was applied to the business combination.
P,Portfolio,A group of financial assets or liabilities managed together to achieve a common objective.,The derivatives are managed as part of a portfolio of interest rate exposures.
P,Portfolio Hedge of Interest Rate Risk,Hedge of interest rate risk on a portfolio of items.,The bank applied a portfolio hedge of interest rate risk.
P,Portfolio transfer,Transfer of a group of insurance contracts or assets.,The insurer completed a portfolio transfer of its policies.
P,Post-employment benefit plans,Plans providing benefits after employment ends.,Post-employment benefit plans are classified as defined contribution or defined benefit.
P,Post-employment benefits,Benefits payable after employment ends.,Post-employment benefits include pensions and lump sums.
P,Post-tax profit or loss,The profit or loss of an entity after deducting income tax expense.,Profit or loss from discontinued operations is presented on a post-tax basis.
P,Post-vesting transfer restriction,A restriction on transferring shares after vesting.,The post-vesting transfer restriction affects the option's fair value.
P,Potential ordinary share,Instrument that may entitle its holder to ordinary shares.,Convertible bonds are potential ordinary shares in diluted EPS.
P,Potential voting rights,Rights to obtain voting power if currently exercisable.,Potential voting rights are considered when assessing control.
P,Practical ability to sell the asset,The capacity of an entity to dispose of an asset in its present condition without undue delay.,Classification as held for sale required the entity to have the practical ability to sell the asset.
P,Pre-combination,Period or amounts existing before the business combination date.,Pre-combination revenues were restated in the consolidated accounts.
P,Preface to International Financial Reporting Interpretations Committee,Introductory document explaining the Interpretations Committee's role and authority.,The preface describes the Interpretations Committee's objectives.
P,Preface to International Financial Reporting Standards,Introductory document setting out the purpose of IFRS.,The Preface explains the objectives and scope of IFRSs.
P,Preference dividend,Dividend paid on preference shares.,The preference dividend has priority over ordinary dividends.
P,Preference share,A share that carries a preferential right to dividends or repayment of capital before ordinary shares.,The preference shares are classified as a liability because they are mandatorily redeemable.
P,Premium,An amount paid above the basic price.,The share premium is recognised in equity.
P,Preparation and Presentation of Financial Statements,"Title of IAS 1, setting requirements for financial statements.",IAS 1 Preparation and Presentation of Financial Statements applies to all entities.
P,Preparers,Those who prepare the financial statements of an entity.,Preparers must apply the standards consistently across periods.
P,Prepayment risk,"The risk that borrowers repay loans earlier than expected, reducing interest income.",The mortgage portfolio exposed the bank to prepayment risk.
P,Prepayments,Amounts paid in advance for goods or services not yet received.,Prepayments are shown as a current asset.
P,Prepayments of future contributions,Early payments of contributions due in future periods.,The entity made prepayments of future contributions to the plan.
P,Present obligation,An existing duty arising from a past event.,A provision requires a present obligation at the reporting date.
P,Present value,The discounted value of future cash flows.,The provision is measured at the present value of expected outflows.
P,Present value of a defined benefit obligation,The discounted value of expected future benefit payments required to settle a defined benefit obligation.,The present value of a defined benefit obligation is measured using actuarial assumptions at the reporting date.
P,Presentation,How items are displayed in the statements.,Presentation of financial statements follows the standard.
P,Presentation currency,Currency in which the financial statements are presented.,The group's presentation currency is the US dollar.
P,Presentation of Financial Statements,Standard setting out how financial statements are presented.,IAS 1 Presentation of Financial Statements governs the format.
P,Previous GAAP,The accounting framework an entity applied immediately before adopting IFRS.,The reconciliation from previous GAAP to IFRS identified several adjustments to equity.
P,Price earnings ratios,Market price per share divided by earnings per share.,Investors compared the price earnings ratios of both firms.
P,Price index,Statistical measure tracking changes in prices of goods.,The contract is linked to a consumer price index.
P,Price risk,The risk that market prices will change unfavourably.,The entity is exposed to commodity price risk.
P,Primary basis of accounting,The foundation principles of accounting.,Accrual and going concern are primary bases of accounting.
P,Primary economic environment,"The economic environment in which an entity primarily generates and expends cash, determining its functional currency.",The functional currency is the currency of the primary economic environment in which the entity operates.
P,Primary financial instruments,Instruments other than derivatives.,Primary financial instruments include loans and shares.
P,Primary objective,Main goal that a standard or framework aims to achieve.,The primary objective of IFRS 9 is to improve financial instrument accounting.
P,Primary reporting format,The main basis on which segment information is presented.,Business segments were identified as the primary reporting format.
P,Principal amount,"The face amount of a debt instrument on which interest is calculated, excluding interest itself.",The principal amount of the loan is repayable in ten equal instalments.
P,Principal-only strip,Security receiving only principal repayments from underlying assets.,The principal-only strip pays no interest until maturity.
P,Principles-based approach,Accounting approach relying on broad principles rather than detailed rules.,IFRS adopts a principles-based approach to standard setting.
P,Prior period error,An omission or misstatement in prior period financial statements.,The prior period error was corrected retrospectively.
P,Private entity,An entity whose securities are not publicly traded.,A private entity may use a simplified reporting framework.
P,Privatisation,The transfer of ownership of a state-owned entity to the private sector.,The privatisation of the state-owned enterprise was accounted for as a sale by the government.
P,Pro forma,A hypothetical or preliminary presentation.,Pro forma figures illustrate the effect of a transaction.
P,Pro rata basis,Allocation in proportion to each party's share.,Costs were allocated on a pro rata basis to each segment.
P,Pro rata share of the net assets,Proportional portion of net assets attributable to the holder.,The minority holds a pro rata share of the net assets.
P,Probability recognition criterion,The condition that an item is recognised only if it is probable that economic benefits will flow to or from the entity.,The provision met the probability recognition criterion and was recorded in the accounts.
P,Probable,More likely than not to occur.,A provision is recognised when an outflow is probable.
P,Probable maximum loss,Largest insurance loss considered likely under normal conditions.,The probable maximum loss was estimated by actuaries.
P,Product warranty obligations,Obligations to repair or replace products under warranty.,Product warranty obligations are recognised as a provision on sale.
P,Production overheads,Indirect costs of production.,Production overheads are allocated to inventory.
P,Production process,The series of activities by which raw materials are converted into finished goods.,Normal capacity is used to determine the fixed overhead allocated during the production process.
P,Profit,Income exceeding expenses.,Profit for the period is reported in the income statement.
P,Profit after tax,Net earnings remaining after deducting income tax expense.,Profit after tax rose to five million euros.
P,Profit allowance,An allowance deducted from profit for expected losses.,A profit allowance was recognised for anticipated future losses.
P,Profit before tax,The profit earned by an entity before deducting income tax expense.,Profit before tax for the year was 12 million.
P,Profit or loss,Total income less expenses for a reporting period.,Gains were recognised in profit or loss.
P,Profit sharing,Arrangement distributing profits among employees or partners.,The company operates an employee profit sharing plan.
P,Progress billing,Invoicing based on the stage of completion of work.,Progress billings are offset against contract assets.
P,Progress payment,Payments made as work progresses.,Progress payments are recognised against the contract asset.
P,Prohibitions,Restrictions that prevent an entity from applying a particular accounting treatment or option.,The standard sets out prohibitions on changing accounting policies retrospectively without justification.
P,Projected unit credit method,An actuarial method for defined benefit plans.,The projected unit credit method allocates benefits to periods of service.
P,Promissory notes,Written promise to pay a stated sum at a future date.,The company issued promissory notes to secure short-term funding.
P,Property interest,A right or interest in a property.,The party holds a property interest in the leased building.
P,Property revaluation,The restatement of property to fair value under the revaluation model.,The property revaluation increased the carrying amount of the building and created a revaluation surplus.
P,"Property, plant and equipment",Tangible assets held for use in producing goods or services.,"Machinery is classified as property, plant and equipment."
P,"Property, Plant and Equipment – Compensation for the Impairment or Loss of Items",Compensation received for impaired or lost property and equipment.,Compensation for loss of items is recognized in profit or loss.
P,"Property, Plant and Equipment – Major Inspection or Overhaul Costs",Costs of major inspections recognised as part of an asset.,Major inspection costs are capitalised when they meet recognition criteria.
P,Proportionate consolidation,Consolidating a proportionate share of assets and liabilities.,Proportionate consolidation is no longer common for joint ventures.
P,Proportionate interest,A share of the results or net assets of an arrangement corresponding to the entity's ownership percentage.,"Under proportionate consolidation, the venturer recognised its proportionate interest in the joint venture's assets."
P,Proposed improvements,Suggested amendments to standards.,The proposed improvements were exposed for comment.
P,Prospective application,Applying a change only to events after the change date.,The new policy was applied prospectively from January.
P,Provision,A liability of uncertain timing or amount.,A provision was recognised for the warranty obligations.
P,Provisional value,A temporary amount recognised in a business combination when the fair value of an asset or liability is not yet final.,The provisional value of the acquired intangible was adjusted within the measurement period.
P,"Provisions, Contingent Liabilities and Contingent Assets",Standard governing recognition of provisions and contingencies.,"IAS 37 covers provisions, contingent liabilities and contingent assets."
P,Proxy,Person or document authorized to act for another.,Shareholders may vote by proxy at the meeting.
P,Prudence,Caution in making judgements under uncertainty.,Prudence supports neutral treatment of uncertain estimates.
P,Prudential supervisors,Regulators overseeing financial stability.,Prudential supervisors require banks to hold sufficient capital.
P,Public accountability,"The responsibility of an entity to be accountable to the public for the resources entrusted to it, a criterion for IFRS application.",Public accountability is one of the criteria that determines whether an entity must apply IFRSs.
P,Public entity,An entity whose securities are publicly traded.,A public entity must apply full IFRS.
P,Public sector,Government-controlled entities providing public services.,Public sector entities may apply IPSAS instead of IFRS.
P,Public securities markets,Markets where securities are publicly traded.,The shares are quoted on public securities markets.
P,Public-to-private’ service concession arrangement,An arrangement in which a government grants a private operator the right to provide public services.,The toll road was operated under a public-to-private service concession arrangement.
P,Publicly quoted entity,Entity whose securities are traded on a public market.,A publicly quoted entity must file quarterly reports.
P,Publish what you pay campaign,Campaign urging companies to disclose payments to governments.,The publish what you pay campaign promotes extractive industry transparency.
P,Published price,A quoted price available in an active market.,The published price was used to determine fair value.
P,Purchase consideration,What the acquirer pays in a business combination.,Purchase consideration may include contingent payments.
P,Purchase method,A method of accounting for a business combination in which the acquirer recognises the identifiable assets and liabilities at fair value.,"Under the purchase method, the cost of the combination is allocated to the identifiable assets acquired."
P,Purchase price,The price paid to acquire something.,The purchase price was allocated to the assets acquired.
P,Purchased option hedging instrument,Option bought to offset exposure in a hedging relationship.,A purchased option hedging instrument caps the entity's downside risk.
P,Purchased options,Option contracts acquired by the entity as a holder.,Purchased options were held to hedge price risk.
P,Put option,"A contract giving the holder the right, but not the obligation, to sell an asset at a set price.",The non-controlling interest held a put option that could require the group to buy its shares.
P,Puttable,Instrument allowing the holder to require redemption.,Puttable shares are classified as financial liabilities.
P,Puttable Financial Instruments and Obligations Arising on Liquidation,Instruments giving holders a right to put them back.,Puttable instruments may require the issuer to repurchase shares.
P,Puttable instrument,An instrument allowing the holder to require redemption.,A puttable instrument may be classified as equity under strict conditions.
Q-R,Qualify for recognition/derecognition,Meeting the criteria to recognise or remove an item.,The asset must qualify for recognition before it is recorded.
Q-R,Qualifying asset,"An asset that necessarily takes a substantial period of time to get ready for its intended use or sale, for which borrowing costs may be capitalised.",Borrowing costs are capitalised to the extent they relate to the acquisition of a qualifying asset.
Q-R,Qualifying insurance policy,A policy meeting specified criteria.,The qualifying insurance policy supports the retirement benefit.
Q-R,Qualitative characteristics,Attributes that make financial information useful to users.,Relevance and faithful representation are fundamental qualitative characteristics.
Q-R,Quantitative disclosures,Numerical information disclosed in the financial statements.,Quantitative disclosures about credit risk were provided.
Q-R,Quoted equity instrument,An equity instrument for which published market prices are available.,Fair value of the quoted equity instrument was based on the closing market price.
Q-R,Quoted market price,Price available in an active market for the asset.,The fair value equals the quoted market price.
Q-R,Rated and unrated credit exposures,Credit exposures classified by whether they carry a rating.,The bank disclosed its rated and unrated credit exposures.
Q-R,Reacquired rights,Rights reacquired by the acquirer in a business combination.,Reacquired rights are recognised separately from goodwill.
Q-R,Reacquisition provision,A provision relating to the reacquisition of an item.,The reacquisition provision affects the contract's measurement.
Q-R,Readily obtainable assets,Assets that can be purchased in the market as an alternative to constructing or developing them.,The cost of a self-constructed asset does not exceed the cost of readily obtainable assets of equivalent quality.
Q-R,Realisable value,The amount obtainable on sale.,Inventory is measured at the lower of cost and realisable value.
Q-R,Reasonable estimate,Estimate based on adequate information and sound judgement.,The provision was based on a reasonable estimate of future costs.
Q-R,Reasonably possible,More than remote but less than likely to occur.,"A loss was assessed as reasonably possible, not probable."
Q-R,Reassessment,A review of a previous judgement or measurement to determine whether it remains appropriate.,A reassessment of the lease term was required after the renewal option was exercised.
Q-R,Reassessment of Embedded Derivatives,Standard requiring review whether an embedded derivative must be separated.,IFRIC 9 addresses the reassessment of embedded derivatives.
Q-R,Rebates,Amounts returned to a customer after a purchase.,The entity recognized rebates as a reduction of revenue.
Q-R,Rebuttable presumption,An assumption accepted unless evidence disproves it.,There is a rebuttable presumption that the acquirer is the former owner.
Q-R,Receivables,Amounts owed to an entity by customers or others.,Receivables are measured at amortised cost less impairment.
Q-R,Reclassification adjustments,Amounts reclassified from other comprehensive income to profit or loss in the current period.,Reclassification adjustments are disclosed separately to avoid double counting items of other comprehensive income.
Q-R,Reclassification date,The date on which an item is reclassified.,The reclassification date marks the change in measurement.
Q-R,Recognised financial instruments,Financial instruments recorded in the statement of financial position.,Only recognised financial instruments appear in the balance sheet.
Q-R,Recognition,Incorporating an item into the financial statements.,Recognition of the asset occurred when control transferred.
Q-R,Recognition as an expense,The treatment of a cost as an expense in profit or loss rather than as an asset.,Research costs were recognised as an expense when incurred.
Q-R,Recognition criteria,Conditions required to record an item in the financial statements.,The asset met the recognition criteria.
Q-R,Reconciliation,Process of making two sets of figures consistent.,The reconciliation explains differences between the two balances.
Q-R,Recourse loan,A loan for which the lender has recourse to the borrower.,The recourse loan was recognised as a financial liability.
Q-R,Recoverability,The ability to recover a carrying amount.,The recoverability of the asset was questioned.
Q-R,Recoverable,"Capable of being recovered through future use or sale, as opposed to being written off.",The asset's carrying amount was reduced to its recoverable amount.
Q-R,Recoverable amount,The higher of fair value less costs and value in use.,The recoverable amount exceeded the carrying amount.
Q-R,Recycling,Transferring amounts in other comprehensive income to profit or loss.,Recycling of gains on disposal is permitted for some items.
Q-R,Redemption,Repayment or cancellation of an instrument by the issuer.,The bonds are subject to redemption at the option of the issuer.
Q-R,Redemption amount,The amount payable to the holder when a financial instrument is redeemed.,The redemption amount of the preference shares was disclosed in the notes.
Q-R,Redemption price,Amount paid to redeem a security at or before maturity.,The redemption price was set at par value.
Q-R,Redemption prohibition,Restriction preventing an entity from redeeming its instruments.,A redemption prohibition applied to the preference shares.
Q-R,Refinancing,Replacing an existing debt with new financing.,Refinancing completed before year-end allowed non-current classification.
Q-R,Reformatted,Restructured for a new presentation.,The comparative figures were reformatted for consistency.
Q-R,Reformatted (IAS),A standard that has been restructured or reissued in a new format without changing its substantive requirements.,The reformatted International Accounting Standard was issued with updated references but no change in content.
Q-R,Refund or a reduction in future contributions,Recoveries from a benefit plan.,A refund reflects a surplus in the plan.
Q-R,Regular way purchase or sale,Purchase or sale of a financial asset under a standard contract.,Regular way purchases are recognised on trade date or settlement date.
Q-R,Regulator,Body that supervises and regulates financial markets.,The regulator required additional disclosures from the bank.
Q-R,Rehabilitate-operate-transfer,"A concession model in which the operator renovates existing infrastructure, operates it and then transfers it back to the public sector.",The water treatment plant was modernised under a rehabilitate-operate-transfer concession.
Q-R,Reimbursement,Compensation received for costs or losses incurred.,The insurer confirmed reimbursement of the loss.
Q-R,Reinsurance assets,Ceded reinsurance amounts recognized as an asset.,Reinsurance assets are presented separately from liabilities.
Q-R,Reinsurance contract,A contract by which an insurer transfers risk to a reinsurer.,The reinsurance contract was assessed for significant risk transfer.
Q-R,Reinsurer,An insurer that insures another insurer.,The reinsurer assumes part of the insurer's risk.
Q-R,Reinvestment of dividends,The use of dividends received to purchase additional shares instead of taking cash.,The shareholder elected reinvestment of dividends to acquire additional shares in the company.
Q-R,Related parties,Parties with a relationship to the entity.,Related parties include key management personnel.
Q-R,Related Party Disclosures,"IAS 24, requiring disclosure of related party transactions.",Related Party Disclosures require disclosure of key management compensation.
Q-R,Related party transaction,Transfer of resources between related parties.,Each related party transaction must be disclosed.
Q-R,Relevance,The qualitative characteristic whereby information is capable of making a difference in users' decisions.,The information had predictive value and therefore possessed relevance.
Q-R,Reliability,Quality of information that is free from material error.,Reliability of the estimate was questioned by auditors.
Q-R,Reliability exception,Exception allowing departure from a requirement for reliability reasons.,The reliability exception applies to certain related party disclosures.
Q-R,Reliable measurement test,A test of whether an amount can be measured reliably.,The provision failed the reliable measurement test.
Q-R,Reload feature,A feature granting new options automatically.,The reload feature grants additional options on exercise.
Q-R,Reload option,"A share option feature that grants the holder new options when existing options are exercised, replacing the shares used.","Under the reload option feature, exercising the option granted the holder a new option over the same number of shares."
Q-R,Remeasurement,Recalculating an amount using new information.,Remeasurement of the plan was recognised in other comprehensive income.
Q-R,Removal of accounts provision,Right to remove accounts from a securitisation structure.,The removal of accounts provision lets the transferor withdraw receivables.
Q-R,Rendering of services,Provision of services generating revenue from contracts.,Revenue from the rendering of services is recognised over time.
Q-R,Renewal rights,Rights held by a lessee or counterparty to extend the term of a contract.,The renewal rights were considered when determining the enforceable lease term.
Q-R,Reorganisations,Restructuring of an entity's legal or operating structure.,Reorganisations often involve significant one-off costs.
Q-R,Repackaging,Combining and reselling financial instruments in a new form.,Repackaging transactions were excluded from the consolidation scope.
Q-R,Repairs and maintenance,Routine spending to keep assets in working order.,Repairs and maintenance are expensed as incurred.
Q-R,Repayment,Returning borrowed funds.,Repayment of the loan is due in five years.
Q-R,Replacement award,"A share-based payment award granted to replace an existing award, for example in a business combination.",The replacement award granted to the acquiree's employees was measured with reference to the original award.
Q-R,Replacement cost of an asset,The cost to replace an asset.,Replacement cost reflects current market prices.
Q-R,Repledge,Pledging collateral received from a counterparty to a third party.,The bank repledged the securities received as collateral.
Q-R,Reportable segment,A segment meeting the thresholds for separate reporting.,Only one reportable segment was identified this year.
Q-R,Reporting currency,The currency in which an entity presents its financial statements.,The foreign operation's results were translated into the reporting currency.
Q-R,Reporting Currency – Measurement And Presentation of Financial Statements Under IAS 21 and IAS 29,Guidance on measuring and presenting statements under IAS 21 and IAS 29.,The paper discusses the reporting currency under IAS 21 and IAS 29.
Q-R,Reporting Currency – Translation from Measurement Currency to Presentation Currency,Converting amounts from measurement currency into the reporting currency.,Translation to the presentation currency uses the closing rate.
Q-R,Reporting date,The date of the entity's financial statements.,Assets are measured as at the reporting date.
Q-R,Reporting enterprise,The entity whose financial statements are prepared.,The reporting enterprise presents its own financial statements.
Q-R,Reporting entity,"An entity, or a portion of an entity, for which financial statements are prepared and presented.",A reporting entity may be a single entity or a group comprising a parent and its subsidiaries.
Q-R,Reporting package,A set of reports prepared for consolidation.,Subsidiaries submit a reporting package to the parent.
Q-R,Reporting period,Period covered by a set of financial statements.,The reporting period ends on 31 December each year.
Q-R,Representational faithfulness,Information faithfully representing the economic phenomena it purports to depict.,Representational faithfulness requires complete and neutral information.
Q-R,Repurchase agreement,An agreement to sell securities with a commitment to buy them back at a later date.,The securities sold under the repurchase agreement were recorded as a collateralised borrowing.
Q-R,Repurchase transactions,Sale of assets with an agreement to buy them back.,Repurchase transactions are treated as secured borrowings.
Q-R,Research,Original investigation undertaken to obtain new knowledge.,Research expenditure is expensed when incurred.
Q-R,Reserve,A component of equity set aside for a purpose.,The revaluation reserve is presented within equity.
Q-R,Residual cost,The remaining carrying amount of an item.,The residual cost reflects the remaining unrecognised value.
Q-R,Residual interest,"The remaining interest in an entity after other interests have been accounted for, often measured at fair value.",The residual interest retained after the disposal was remeasured at fair value.
Q-R,Residual value,The estimated value at the end of useful life.,The residual value is deducted from cost to find the depreciable amount.
Q-R,Resolution of the IASB – Withdrawal of IAS 15 by the Board,Board decision removing IAS 15 from the standards.,The resolution of the IASB withdrew IAS 15 from its standards.
Q-R,Restatement,Correcting previously issued financial statements for errors.,A restatement of prior period figures was required.
Q-R,Restricted shares,"Shares subject to restrictions on transfer or vesting, often issued to employees as compensation.",The restricted shares granted to executives vest over three years.
Q-R,Restructuring,Programme that materially changes the scope or manner of operations.,The restructuring closed two production plants.
Q-R,Restructuring provision,Liability recognized for the costs of a planned restructuring.,The restructuring provision covers employee termination costs.
Q-R,Result,The profit or loss for a period.,The result for the year was reported after tax.
Q-R,Retail method,Estimating inventory value using retail prices.,The retail method estimates closing inventory at selling price less margin.
Q-R,Retail store chain,A business operating multiple retail outlets under common ownership or management.,The retail store chain reported strong like-for-like sales growth during the year.
Q-R,Retained earnings,Cumulative profits not distributed.,Retained earnings are presented within equity.
Q-R,Retained profit,Cumulative profits kept in the entity rather than distributed.,Retained profit is reported within equity.
Q-R,Retirement benefit plans,Arrangements providing benefits after employment ends.,The group sponsors several retirement benefit plans.
Q-R,Retroactive classification,The application of a classification decision to earlier periods as well as the current one.,The change in segment structure required retroactive classification of prior period figures.
Q-R,Retrospective application,Applying a new policy as if it had always been used.,The change was made by retrospective application.
Q-R,Retrospective restatement,Correcting prior period figures as if the error never occurred.,The error was corrected through retrospective restatement.
Q-R,Return on investment,A measure of the gain relative to the investment made.,The project's return on investment exceeded the hurdle rate.
Q-R,Return on plan assets (of an employee benefit plan),Investment income earned on plan assets.,Return on plan assets reduces the pension cost.
Q-R,Revaluation,"The remeasurement of a non-current asset to its fair value, with the increase recognised in other comprehensive income.",A revaluation of the property increased its carrying amount and recognised the surplus in other comprehensive income.
Q-R,Revaluation reserve,A reserve arising from revaluing assets.,The revaluation reserve increased with the property revaluation.
Q-R,Revaluation surplus,Increase in the carrying amount of an asset on revaluation.,The revaluation surplus is recognised in other comprehensive income.
Q-R,Revalued amount of an asset,Fair value at revaluation date less subsequent depreciation.,The revalued amount of an asset replaces its carrying amount.
Q-R,Revenue,"Income arising from the ordinary activities of an entity, such as the sale of goods or services.",Revenue from contracts with customers is recognised when control of the goods transfers.
Q-R,Revenue—Barter Transactions Involving Advertising Services,Guidance on recognising revenue from barter advertising deals.,SIC 31 covers barter transactions involving advertising services.
Q-R,Reversal,Reduction or cancellation of a previously recognized amount.,The reversal of the impairment loss increased profit.
Q-R,Reverse acquisition,A business combination where the legal acquiree is the accounting acquirer.,"In a reverse acquisition, the legal subsidiary is the accounting acquirer."
Q-R,Reverse share split,Combining shares to raise the nominal value.,A reverse share split reduces the number of shares outstanding.
Q-R,Revised,"Amended or updated, as applied to a standard, estimate or disclosure that has been changed.",The entity applied the revised standard prospectively from the beginning of the reporting period.
Q-R,Revised (IAS),An amended version of a standard.,The revised standard applies to annual periods beginning after 2020.
Q-R,Revoke a designation,Cancelling a previous designation of a financial asset or liability.,An entity may revoke a designation only in limited circumstances.
Q-R,Rewards associated with a leased asset,Benefits and risks expected from the leased asset.,Rewards associated with a leased asset indicate a finance lease.
Q-R,Right of first refusal,A contractual right to be offered an asset before it is offered to other parties.,The shareholder held a right of first refusal over any transfer of the shares.
Q-R,Right of set-off,Legal right to offset amounts owed between two parties.,The entity had a right of set-off over the balances.
Q-R,Right to explore,Right held by an entity to explore for resources.,The entity holds the right to explore the offshore block.
Q-R,Rights issue,An offer of new shares to existing shareholders.,The rights issue was made pro rata to existing shareholders.
Q-R,"Rights to Interests Arising from Decommissioning, Restoration and Environmental Rehabilitation Funds",Rights over interests in decommissioning funds.,These rights to interests are recognised as an asset.
Q-R,Risk,"The possibility that actual outcomes will differ from expected outcomes, including financial risks such as credit, liquidity and market risk.",The entity discloses the nature and extent of the risks arising from financial instruments.
Q-R,Risk exposure,The amount subject to risk.,The entity disclosed its risk exposure by type.
Q-R,Risk of divergence,Risk that measured values move in different directions.,The hedge failed due to the risk of divergence between the variables.
Q-R,Risk-free interest rate,Return on an investment with no default risk.,The discount rate was based on the risk-free interest rate.
Q-R,Risks and rewards,"The exposures and benefits of ownership of an asset, used to assess transfer in leasing and derecognition.",The lease transferred substantially all the risks and rewards of ownership to the lessee.
Q-R,Risks and rewards of ownership,Exposure to gains and losses tied to owning an asset.,Transfer of risks and rewards of ownership determines recognition.
Q-R,Risks associated with a leased asset,Risks arising from ownership or use of a leased asset.,Substantially all risks associated with the leased asset were transferred.
Q-R,Roll back,Reducing a carrying amount to a lower prior value.,The entity had to roll back the revaluation surplus.
Q-R,Roll forward,Carrying a balance forward into the next period.,The movement schedule rolls forward the provision balance.
Q-R,Royalty,"A payment made to the owner of an asset, such as a patent or trademark, for the right to use it.",Royalty income from licensing the trademark is recognised on an accrual basis.
S,Sale,Transferring an asset in exchange for consideration.,Revenue from the sale is recognised when control transfers.
S,Sale and leaseback transaction,Transaction where an owner sells an asset and leases it back.,The company recorded a gain on the sale and leaseback transaction.
S,SARS,Rights paying the increase in share value to employees.,Employees were granted SARS settled in cash.
S,Scope,The range of transactions or entities to which a standard or policy applies.,The arrangement fell within the scope of the leasing standard.
S,Scope of IFRS 2,Extent to which share-based payment rules apply.,The scope of IFRS 2 includes equity-settled awards.
S,Secondary segment information,Segment disclosures provided for the secondary reporting format.,Secondary segment information is reported by geographic area.
S,Securities,Tradable financial instruments such as shares and bonds.,Securities held for trading are measured at fair value.
S,Securitisation,Converting assets into tradable securities.,Securitisation transfers financial assets to a special purpose entity.
S,Segment,A distinguishable component of an entity for which separate financial information is available and evaluated by management.,Each segment's assets and liabilities are disclosed in the segment reporting note.
S,Segment assets,Assets attributable to a reportable segment.,Segment assets are disclosed for each segment.
S,Segment expense,Expense arising from a segment's operating activities.,Segment expense includes costs directly attributable to the segment.
S,Segment manager,Person responsible for a reportable segment's operations.,The segment manager reports results to the chief executive.
S,Segment profit or loss,The profit or loss of an operating segment as reported to the chief operating decision maker.,The segment profit or loss for each reportable segment was disclosed in the notes.
S,Segment Reporting,Disclosure of financial information by operating segment.,Segment reporting helps users assess different business lines.
S,Segment result,Profit or loss of a reportable operating segment.,Segment result is reported before unallocated corporate costs.
S,Segment revenue,Revenue attributable to a reportable segment.,Segment revenue is disclosed for each reportable segment.
S,Self-constructed asset,An asset built by the entity itself.,The cost of a self-constructed asset includes directly attributable costs.
S,Self-insurance,A risk management approach in which an entity retains a risk rather than transferring it to an insurer.,The entity operates a self-insurance arrangement for small property damage claims.
S,Selling price,The price at which a good is sold.,The selling price determines the revenue for the unit.
S,Sensitivity analysis,Technique showing how outcomes change with changes in assumptions.,The bank disclosed sensitivity analysis for market risk.
S,Separability,Capability of an asset to be separated and sold.,Separability is a criterion for recognising intangible assets.
S,Separability criterion,The condition that an intangible asset is capable of being separated and sold or transferred.,The software met the separability criterion and was recognised as an intangible asset.
S,Separable assets,Assets that can be separated and sold independently.,Separable assets were identified in the purchase price allocation.
S,Separate financial statements,Statements presented by a parent or investor alone.,Separate financial statements account for subsidiaries at cost.
S,Separate liability,A liability recognised on its own rather than as part of another.,The guarantee is recognised as a separate liability.
S,Separately identifiable,Capable of being identified separately.,The asset is separately identifiable from goodwill.
S,Service Concession Arrangement,An arrangement in which a government grants a private operator the right to provide public services over a specified period.,"Under a service concession arrangement, the operator recognises a financial asset or an intangible asset."
S,Service cost,The benefit earned in the current period.,Service cost is recognised in profit or loss.
S,Service date,Date on which an employee provides services under a plan.,Benefits accrue from the employee's service date.
S,Service mark,Trademark distinguishing services of one provider.,The company registered a service mark for its brand.
S,Servicing asset,A right to receive fees for servicing financial assets that exceed adequate compensation.,The retained servicing asset was measured at fair value at inception.
S,Servicing costs,Costs of administering loans or assets for others.,Servicing costs reduced the net interest income.
S,Servicing liabilities,Obligations to service financial assets retained after transfer.,Servicing liabilities are measured at fair value initially.
S,Servicing liability,An obligation to service financial assets.,A servicing liability was recognised for the retained servicing.
S,Servicing rights,Rights to service transferred financial assets.,Servicing rights are recognised when the assets are transferred.
S,Set of financial statements,"The complete group of statements required to present an entity's financial position, performance and cash flows.","A complete set of financial statements includes a statement of financial position, a statement of profit or loss and other statements."
S,"Set-off, legal right of",A legal right to offset amounts.,A legal right of set-off is required to offset balances.
S,Settle net = net settlement,Settling a contract by delivering only the net amount.,The contracts are settled net in cash.
S,Settlement,Extinguishing a liability by paying or transferring resources.,Settlement of the obligation occurred in the following period.
S,Settlement (of employee benefit obligations),A transaction that eliminates further legal or constructive obligation for part or all of the benefits.,The settlement of the pension obligation resulted in a gain recognised in profit or loss.
S,Settlement date,Date on which a transaction is finally settled.,The trade was recorded on the settlement date.
S,Settlement date accounting,Recognizing transactions on the date assets are delivered.,The entity applies settlement date accounting for regular way trades.
S,Settlement provision,A provision recognised for an expected settlement.,A settlement provision was recognised for the claim.
S,Settlement value,The value at which a liability is settled.,The settlement value was agreed with the counterparty.
S,Severally liable,Situation in which each party to a joint obligation is liable only for its own share of the liability.,"Under the partnership agreement, each partner is severally liable for the entity's debts."
S,Shadow accounting,Aligning policyholders' and shareholders' accounting.,Shadow accounting defers certain unrealised gains.
S,Share,Unit of ownership interest in a company's capital.,Each share carries one voting right.
S,Share appreciation rights,Awards settled in cash based on share price increase.,Share appreciation rights are measured at fair value.
S,Share buy-back arrangements,Agreements under which an entity repurchases its own shares from shareholders.,Treasury shares acquired under the share buy-back arrangements were deducted from equity.
S,Share call options,Contracts giving the right to buy shares at a set price.,Share call options were granted to senior managers.
S,Share capital,Amount of capital contributed by holders of shares.,Share capital is presented in the statement of financial position.
S,Share Capital – Reacquired Own Equity Instruments (Treasury Shares),Own shares bought back and deducted from equity.,Treasury shares are deducted from equity.
S,Share consolidation,Combining multiple shares into one.,Share consolidation reduced the number of ordinary shares.
S,Share option,A contract that gives the holder the right to purchase an entity's shares at a specified price within a set period.,The share option vesting conditions require the employee to remain in service for three years.
S,Share option plan,A plan granting share options to employees.,The share option plan vests over three years.
S,Share premium,Amount received for shares above their nominal value.,The issue raised share premium of two million.
S,Share split,Increasing shares outstanding without changing total capital.,The share split doubled the number of shares in issue.
S,Share warrant,A security giving the holder the right to purchase shares at a specified price before a set date.,The share warrants issued by the company were classified as equity instruments.
S,Share-based Payment,Standard on accounting for payments settled in shares or cash.,IFRS 2 governs share-based payment transactions.
S,Share-based payment arrangement,Agreement to pay for goods or services with shares.,The share-based payment arrangement vests over three years.
S,Share-based payment awards,Awards settled by issuing shares or share options.,Share-based payment awards vest over the service period.
S,Share-based payment transaction,A transaction settled in shares or options.,The share-based payment transaction is measured at fair value.
S,Shareholder,A person or entity that owns shares in a company and holds a residual interest in its net assets.,Dividends paid to shareholders are recognised directly in equity.
S,Shareholders’ equity,The residual interest in assets after deducting liabilities.,Shareholders' equity comprises capital and reserves.
S,Short seller,Party that sells borrowed securities expecting prices to fall.,The short seller must return the borrowed shares later.
S,Short-term employee benefits,Benefits due within twelve months of employee service.,Short-term employee benefits include wages and paid leave.
S,SIC,A former committee that issued interpretations on the application of International Accounting Standards.,The SIC interpretations were gradually replaced by IFRIC interpretations.
S,Significant influence,Power to participate in financial and operating policy decisions.,A 30% holding usually gives significant influence.
S,Single product enterprise,Enterprise deriving revenue predominantly from one product.,A single product enterprise may still report operating segments.
S,Sinking fund,Money set aside to repay a debt at maturity.,The entity set up a sinking fund to repay the bonds.
S,Social security,State-provided benefit schemes.,Social security contributions are recognised as an expense.
S,Social security contribution,Payments made by an employer or employee to a social security system for employee benefits.,Social security contributions are recognised as an expense in the period the related employee service is provided.
S,Solvency,The ability to meet obligations as they fall due.,Solvency is assessed using liquidity and capital ratios.
S,SPE,"Entity created for a narrow, well-defined purpose.",The bank set up an SPE to hold the securitised assets.
S,Special purpose entity,"Entity created for a narrow, well-defined objective.",The special purpose entity was set up to hold securitised assets.
S,Specific identification of costs,A method of assigning costs directly to specific items rather than by allocation.,"For the construction project, costs were assigned using specific identification of costs."
S,Specifically identified cash flows,Cash flows clearly linked to a particular asset or liability.,The hedge was matched to specifically identified cash flows.
S,Speculative grade,Credit rating below investment grade indicating higher risk.,The bonds fell to speculative grade after the downgrade.
S,Spin-off,Separation of part of a business into a distinct entity.,The spin-off distributed the subsidiary's shares to shareholders.
S,Sponsoring employers,Employers that fund a benefit plan.,Sponsoring employers bear the risks of the pension plan.
S,Spot exchange rate,"The exchange rate for immediate delivery of currencies, used to translate foreign currency transactions on initial recognition.",The foreign currency transaction was recorded using the spot exchange rate at the transaction date.
S,Spot foreign exchange risk,Risk arising from spot exchange rates.,Spot foreign exchange risk arises from immediate settlement.
S,Spot rate,Exchange rate for immediate delivery of currencies.,The transaction was translated at the spot rate on that date.
S,Stand-alone basis,Considering an entity without its parent or group.,The subsidiary was assessed on a stand-alone basis.
S,Stand-alone derivative,A derivative instrument that exists in its own right rather than being embedded in another contract.,The forward contract was a stand-alone derivative measured at fair value.
S,Stand-alone entity,Entity that reports without consolidating other entities.,The parent prepared stand-alone entity accounts.
S,Stand-by credit facilities,Committed borrowing arrangements available when needed.,Stand-by credit facilities provide backup liquidity support.
S,Standard cost method,Inventory costing using predetermined standard costs.,The standard cost method is used for routine inventory valuation.
S,Standby letters of credit,A bank guarantee of payment.,The standby letter of credit supports the entity's payment obligation.
S,Standing Interpretation Committee,A committee that developed interpretations of accounting standards to address divergent or unacceptable treatments.,The Standing Interpretation Committee issued interpretations to clarify the application of existing standards.
S,Start-up costs,Costs to establish a new operation.,Start-up costs are expensed as incurred.
S,State (employee benefit) plan,Plan operated by government rather than the reporting entity.,Contributions to a state plan are recognised as expense when due.
S,State-controlled entities,Entities controlled by government through ownership or power.,State-controlled entities may apply certain disclosure exemptions.
S,Stated or implied substantive terms,The explicit or implicit terms of a contract that create enforceable rights and obligations.,The stated or implied substantive terms of the contract indicated that a lease existed.
S,Statement of cash flows = cash flow statement,Statement showing cash inflows and outflows over a period.,The statement of cash flows shows operating activities.
S,Statement of changes in equity,Statement showing movements in equity during the period.,The statement of changes in equity reconciles opening and closing balances.
S,Statement of compliance with IFRSs,A statement that the financial statements comply with IFRS.,The statement of compliance with IFRSs must be explicit and unreserved.
S,Statement of comprehensive income,A statement showing profit or loss and other comprehensive income.,The statement of comprehensive income includes revaluation gains.
S,Statement of financial position,"A financial statement presenting an entity's assets, liabilities and equity at a specific date.","The statement of financial position presents assets, liabilities and equity at the end of the reporting period."
S,Statement of income = income statement,The statement reporting profit or loss.,The statement of income presents revenue and expenses.
S,Step-by-step method,Approach analysing a transaction through successive stages.,The step-by-step method was used to assess the embedded derivative.
S,Stepped interest,Interest rate that changes at predetermined steps.,The loan carried stepped interest rising each year.
S,Stewardship of management,The accountability of management for the resources entrusted to it by owners.,Information on stewardship of management helps users assess how efficiently resources are used.
S,Stock exchange listing,Admission of an entity's securities to a stock exchange.,The stock exchange listing raised new capital.
S,Stop-loss (Reinsurance),Reinsurance covering losses above an agreed threshold.,The stop-loss treaty protects against catastrophic claims.
S,Straight debt,Debt without embedded derivative or equity features.,Straight debt is measured at amortised cost.
S,Straight-line method,Allocating cost evenly over the useful life.,The straight-line method charges equal depreciation each year.
S,Stress test,An analysis that assesses how an entity's financial position would be affected under adverse scenarios.,The bank performed a stress test to assess its capital adequacy under adverse economic conditions.
S,Subsequent gain,A gain arising after initial recognition.,A subsequent gain was recognised in profit or loss.
S,Subsidiary,"Entity controlled by another entity, the parent.",The parent consolidates all of its subsidiaries.
S,Subsidies,Government assistance provided to an entity.,Government subsidies were recognised as income over the period.
S,Substance over form,The principle that transactions are accounted for according to their economic substance rather than only their legal form.,"Applying substance over form, the transaction was treated as a financing arrangement."
S,Substantively enacted,Law approved in substance though not yet formally effective.,Deferred tax was measured using substantively enacted rates.
S,Superannuation scheme,Retirement benefit plan providing pensions to its members.,Employees contribute to the superannuation scheme monthly.
S,Superseded versions,Earlier versions of a standard replaced by a new one.,Superseded versions of the standard no longer apply.
S,Supervisory non-management directors,Board members who are not part of management.,Supervisory non-management directors oversee management.
S,Supplier,A party that provides goods or services to an entity in the ordinary course of business.,The entity renegotiated payment terms with its main supplier to improve working capital.
S,Supply agreement,An agreement to supply goods or services.,The supply agreement fixes prices for five years.
S,Surety bonds,Bond guaranteeing performance of another party's obligation.,Surety bonds were issued to guarantee the construction contract.
S,Surplus in the plan,Excess of plan assets over benefit obligations.,A surplus in the plan was recognised as an asset.
S,Surrender option,A policyholder's right to terminate an insurance contract and receive a surrender value.,The surrender option was considered when measuring the insurance liability.
S,Surrender risk,Risk that a policyholder cancels a contract early.,Insurers estimate surrender risk when valuing liabilities.
S,Surrender values,Amount payable if an insurance policy is cancelled early.,Surrender values are lower in the early policy years.
S,Surrogate measure,A substitute measure used when a direct one is unavailable.,A surrogate measure was used to estimate fair value.
S,Swap contract,An agreement to exchange cash flows.,The interest rate swap hedges the floating rate.
S,Swaption,An option granting the holder the right to enter into an interest rate swap at a future date.,The entity purchased a swaption to protect against a future rise in interest rates.
S,Symmetrical approach,Treating two parties symmetrically.,The symmetrical approach ensures consistent treatment.
S,Syndication,Arrangement where several lenders jointly provide financing.,The loan was arranged through syndication with five banks.
S,Synthetic instrument,Instrument replicating another's payoff using derivatives.,A synthetic instrument was created from two derivative contracts.
T,Tainting,The effect of selling held-to-maturity investments that forces the entity to reclassify the remaining portfolio.,"The sale of the bonds caused tainting, and the remaining investments were reclassified as available for sale."
T,Take-or-pay contract,Contract requiring payment even if goods are not taken.,The take-or-pay contract guaranteed minimum payments.
T,Tangible asset,Asset with physical form held for use or sale.,Tangible assets include machinery and buildings.
T,Tangible fixed asset,A physical asset held for use in operations.,Machinery is recognised as a tangible fixed asset.
T,Targeted exemptions,Limited exceptions to a requirement.,Targeted exemptions reduce the cost of first-time adoption.
T,Tax,"A compulsory charge levied by a government on income, profits or transactions.",Current tax is measured at the amount expected to be paid to the tax authorities.
T,Tax base,The amount attributed to an asset for tax purposes.,The tax base differs from the carrying amount.
T,Tax base of an asset or liability,Amount attributed to an asset or liability for tax purposes.,The tax base of the asset differs from its carrying amount.
T,Tax benefit,Reduction in tax payable or increase in deferred tax asset.,The deductible temporary difference produced a tax benefit.
T,Tax effects,The income tax consequences of a transaction or adjustment recognised in the financial statements.,The tax effects of the revaluation were recognised in other comprehensive income.
T,Tax expense (tax income),Aggregate tax amount recognised in profit or loss.,Tax expense rose due to higher deferred tax.
T,Tax jurisdiction,Country or region having its own taxing authority.,Deferred tax is measured for each tax jurisdiction.
T,Tax liability,An obligation to pay tax to a tax authority.,The current tax liability is settled within twelve months.
T,Tax purposes,Purposes relating to taxation.,The asset's tax base is determined for tax purposes.
T,Tax rate,The percentage at which an entity's taxable income or profit is taxed.,Deferred tax balances were remeasured using the tax rate expected to apply when the liability is settled.
T,Taxable profit (tax loss),Profit or loss determined for tax purposes.,Taxable profit is determined under tax law.
T,Taxable temporary difference,Difference that will result in taxable amounts in future periods.,A taxable temporary difference gives rise to a deferred tax liability.
T,Taxation,The levying of taxes on income or activities.,Taxation comprises current and deferred tax expense.
T,Technical feasibility and commercial viability of extracting a mineral resource,The criteria that determine when exploration and evaluation assets cease to be classified as such.,"Once technical feasibility and commercial viability of extracting a mineral resource were demonstrated, the assets were reclassified."
T,Temporary difference,Difference between the tax base and carrying amount of an asset.,The temporary difference created a deferred tax liability.
T,Tender offer,"Public offer to buy shareholders' shares, often at a premium.",The company made a tender offer for all outstanding shares.
T,Termination benefits,Benefits provided on terminating an employee's employment.,Termination benefits are recognised when the offer is accepted.
T,Tests goodwill for impairment,Annual testing of goodwill for impairment.,The entity tests goodwill for impairment annually.
T,The Effects of Changes in Foreign Exchange Rates,The standard governing the translation of foreign currency transactions and financial statements into the presentation currency.,The Effects of Changes in Foreign Exchange Rates prescribes how to account for exchange differences.
T,"The Limit on a Defined Benefit Asset, Minimum Funding Requirements and Their Interaction",Interpretation on the limit on a defined benefit asset.,The interpretation limits the recognised net defined benefit asset.
T,Theoretical ex-rights value per share,Theoretical price per share after a rights issue.,EPS for prior periods is adjusted by the theoretical ex-rights value per share.
T,Three-category approach,Classification of financial assets into three measurement categories.,The three-category approach replaced the older four-category model.
T,Time value of money,The concept that money available today is worth more than the same amount received in the future.,The discount rate reflected the time value of money and the risks specific to the liability.
T,Time-weighting factor,Fraction of a period used to weight an amount.,The time-weighting factor reflected six months of use.
T,To market individual units ‘off plan’,Selling properties before or during construction.,The developer began to market individual units off plan.
T,To ‘manufacture’ gains,Creating apparent gains through asset exchanges.,Entities should not manufacture gains through related-party exchanges.
T,Top-down test,An impairment test starting at a higher level.,The top-down test assesses the larger cash generating unit.
T,Total comprehensive income,The total of profit or loss for a period plus other comprehensive income items.,Total comprehensive income for the year comprises profit or loss and other comprehensive income.
T,Total return swap,A swap exchanging total returns.,The total return swap transfers the economic return of an asset.
T,Trade date,Date the entity commits to buy or sell an asset.,The purchase is recognised on the trade date.
T,Trade date accounting,Recognising transactions on the date they are agreed.,"Under trade date accounting, the asset is recognised at trade date."
T,Trade receivable,An amount owed by a customer for goods or services sold on credit.,Trade receivables are measured at transaction price less any loss allowance.
T,Trade secret,Confidential business information giving a competitive advantage.,The formula was protected as a trade secret.
T,Trading financial asset or liability held – for trading,Financial instrument held principally for short-term trading profit.,Trading financial assets are measured at fair value.
T,Trading gains and losses,Gains and losses from buying and selling financial instruments.,Trading gains and losses are recognised in profit or loss.
T,Transaction,An event that affects the financial position.,Each transaction is recorded in the accounting system.
T,Transaction costs (financial instruments),"Incremental costs directly attributable to the acquisition, issue or disposal of a financial instrument.",Transaction costs directly attributable to the issue of the financial liability are deducted from its carrying amount.
T,Transaction price,The price of a transaction between parties.,The transaction price is allocated to performance obligations.
T,Transfer,"Movement of an asset, liability or amount between categories.",The transfer of assets to the fund was completed in June.
T,Transfer of control,Passing the power to direct the use of an asset.,Revenue is recognised upon transfer of control to the customer.
T,Transfer of risks and rewards,The criterion used to determine whether control of an asset has passed from one party to another.,Derecognition depended on whether there had been a transfer of risks and rewards.
T,Transferee,Party that receives assets or rights in a transfer.,The transferee assumed the related obligations.
T,Transferor,Party that transfers an asset to another party.,The transferor derecognized the transferred financial assets.
T,Transfers of assets from customers,Assets received from customers for connecting to a network.,Assets transferred from customers are recognised at fair value.
T,Transitional liability (defined benefit plans),An additional liability on transition to a new standard.,The transitional liability arose on adopting the revised standard.
T,Translation difference,The difference arising from translating an entity's financial statements from its functional currency into a different presentation currency.,Translation differences on converting the foreign operation's results are recognised in other comprehensive income.
T,Translation method,The method for translating foreign currency balances.,The translation method uses the closing rate for assets.
T,Translation of foreign currency,Converting amounts in one currency into another currency.,Translation of foreign currency balances uses the closing rate.
T,Translation of the financial statements,Converting financial statements from one currency to another.,Translation of the financial statements used the closing rate.
T,Translation to the presentation currency,The process of converting financial statements from the functional currency into the currency of presentation.,Assets and liabilities were translated to the presentation currency at the closing rate.
T,Transparency,Open and clear disclosure of relevant information.,Transparency of disclosures improved investor confidence.
T,Treasury shares,Entity's own shares reacquired and held by it.,Treasury shares are deducted from equity.
T,Triggering event,An event that prompts a reassessment or recognition.,A triggering event required the entity to test the asset for impairment.
T,Trust activities,Activities in which an entity holds assets in trust.,Trust activities require separate disclosure.
T,Trustee,A person or entity that holds and administers assets on behalf of beneficiaries.,The trustee is responsible for administering the pension fund in the interest of the beneficiaries.
T,Two-class ordinary shares,Ordinary shares with different dividend rights.,Two-class ordinary shares affect the EPS calculation.
T,Two-step approach,Method applying two sequential tests to a question.,The two-step approach first identifies then measures the obligation.
U,Ultimate controlling party,The party at the top of the control chain.,The ultimate controlling party was disclosed in the notes.
U,Unallocated surplus,The excess of a defined benefit plan's assets over liabilities that is not allocated to specific benefits.,The unallocated surplus in the pension fund was disclosed to the plan members.
U,Unamortised,Not yet written off over the asset's useful life.,The unamortised balance remains on the balance sheet.
U,Unbundle,Separately accounting for distinct components of a contract.,The insurer must unbundle certain embedded derivatives.
U,Uncertain event,An event whose outcome is not yet known.,An uncertain event may affect the measurement of the provision.
U,Uncollectability,The likelihood that receivables will not be collected.,Provision is made for uncollectability of receivables.
U,Unconditional prohibitions,Absolute restrictions that apply without any exceptions or conditions.,The standard imposes unconditional prohibitions on recognising certain internally generated intangibles.
U,Unconditional right to refuse redemption,A right to refuse to redeem an instrument.,The unconditional right to refuse redemption supports equity classification.
U,Underlying asset,Asset whose price determines the value of a derivative.,The option's value follows the underlying asset's price.
U,Underlying variable,Variable that determines the value of a derivative.,The underlying variable was an interest rate index.
U,Understandability,The qualitative characteristic whereby information is presented clearly and concisely so users can comprehend it.,The notes were written with a focus on understandability for non-specialist users.
U,Underwriting year,Year in which an insurance contract was written.,Claims are tracked by underwriting year.
U,Undistributed earnings,Profits retained in the entity and not yet distributed.,Undistributed earnings are available for future investment.
U,Undrawn loan commitment,A commitment to lend funds not yet drawn down.,Fees on undrawn loan commitments are recognised over time.
U,Undue cost or effort,Cost or effort considered excessive.,The disclosure is required unless it involves undue cost or effort.
U,Unearned finance income,Finance income relating to future periods that has not yet been earned and is therefore deferred.,Unearned finance income is allocated to future periods over the lease term.
U,Unearned premiums,Premiums received for future coverage periods.,Unearned premiums are recognised as a liability.
U,Unguaranteed residual value,Portion of residual value not guaranteed by the lessee.,The lessor bears the risk of the unguaranteed residual value.
U,Uniform accounting policies,Same accounting policies applied across all group entities.,Consolidation requires uniform accounting policies throughout the group.
U,Unit of account,The level at which an asset or liability is aggregated or disaggregated for recognition and measurement.,The unit of account determined how the financial instrument was measured.
U,Unit of production,Depreciation method based on output or usage.,The machine is depreciated using the unit of production method.
U,Unit trust,Investment fund pooling money from many investors.,The unit trust invests in a diversified bond portfolio.
U,Unit value,The value of one unit in an investment fund.,The unit value of the fund is calculated daily.
U,Unit-linking feature,A feature linking value to fund units.,The unit-linking feature ties the benefit to fund units.
U,Uniting of interests,A former method of accounting for business combinations in which entities combined on equal terms without identifying an acquirer.,The uniting of interests method was previously used when two entities of similar size combined.
U,Unquoted,Not listed on a stock exchange.,Unquoted instruments are measured using valuation techniques.
U,Unquoted equity instruments,Equity instruments not traded on an active market.,Unquoted equity instruments are measured at fair value.
U,Unrecognised,Not recorded in the financial statements as an asset or liability.,The deferred tax asset remained unrecognised at year end.
U,Unrecognised financial instruments,Financial instruments that are not recorded in the financial statements but may affect future cash flows.,Unrecognised financial instruments were described in the risk management disclosures.
U,Unsecured commercial loans,Loans without collateral backing the obligation.,Unsecured commercial loans carry higher interest rates.
U,Upstream transactions,Transactions between an associate and its investor.,Upstream transactions are eliminated to the extent of the interest.
U,Useful life,The period an asset is expected to be used by the entity.,The useful life of the equipment is estimated at eight years.
U,User [of financial statements],A person who relies on financial statements.,Users of financial statements make economic decisions.
U,Users,"Parties who use financial statements to make economic decisions, including investors, lenders and other creditors.",The financial statements are prepared to meet the common information needs of a wide range of users.
U,Users of financial statements,Those who rely on financial statements.,Users of financial statements include investors and lenders.
V-W,Valid expectation,Expectation created in employees that a benefit will be provided.,A valid expectation arises when the entity has no realistic alternative.
V-W,Valuation,Process of determining the value of an asset or liability.,The valuation of the investment property used market data.
V-W,Valuation method,The technique used to determine the fair value or carrying amount of an item.,The valuation method used for the unquoted shares was the market approach.
V-W,Valuation technique,Method used to estimate the fair value of an asset.,The entity applied a market-based valuation technique.
V-W,Value added statement,Statement showing value created and distributed by an entity.,The value added statement shows distribution to employees and government.
V-W,Value in use,Present value of cash flows expected from an asset.,The recoverable amount is the higher of fair value less costs and value in use.
V-W,Value-at-risk,A statistical measure of potential loss.,Value-at-risk estimates losses over a given period.
V-W,Variable production overheads,"Indirect production costs that vary directly with the volume of production, such as indirect materials and energy.",Variable production overheads are allocated to inventory on the basis of actual use of the production facilities.
V-W,Venture capital organisation,An entity investing in venture capital.,A venture capital organisation measures investments at fair value.
V-W,Venturer,Party that participates in a joint venture.,The venturer accounts for its interest using the equity method.
V-W,Vest,To become an unconditional entitlement for the employee.,The share options vest after three years of service.
V-W,Vested benefits,Benefits that an employee is entitled to receive even if employment ends before retirement.,Vested benefits are not conditional on continued future service.
V-W,Vested employee benefits,Benefits to which employees have an irrevocable right.,Vested employee benefits cannot be forfeited.
V-W,Vesting conditions,Conditions determining when an employee becomes entitled to benefits.,Vesting conditions include service and performance requirements.
V-W,Vesting period,The period over which vesting conditions must be met.,The expense is recognised over the vesting period.
V-W,Voting rights,Rights to vote at shareholder meetings.,Voting rights determine control over the entity.
V-W,Warrant,A financial instrument that gives the holder the right to purchase shares at a specified price within a set period.,The detachable warrant entitled the bondholder to buy ordinary shares at a fixed price.
V-W,Warranty,A promise to repair or replace goods.,The warranty obligation is recognised as a provision.
V-W,Warranty obligation,Obligation to repair or replace goods sold under warranty.,A warranty obligation is recognised when products are sold.
V-W,Wash sale,Sale and repurchase of the same security.,The wash sale was excluded from revenue for tax purposes.
V-W,Waterfall structure,A contractual arrangement that specifies the order in which cash flows are distributed to different classes of investors.,"Under the waterfall structure, senior noteholders are paid before equity investors."
V-W,Wear and tear,Physical deterioration reducing an asset's value.,Depreciation reflects wear and tear of the equipment.
V-W,Weather derivatives,Derivatives whose value depends on weather conditions.,The utility uses weather derivatives to hedge revenue risk.
V-W,Weighted average,An average giving different weights to different items.,The weighted average cost of inventory is used for valuation.
V-W,Weighted average cost formula,Inventory costing using weighted average cost.,The weighted average cost formula is applied to inventory.
V-W,Weighted average number of ordinary shares outstanding during the period,"The average number of ordinary shares outstanding during a period, weighted by the time each share was outstanding.",Basic earnings per share is calculated using the weighted average number of ordinary shares outstanding during the period.
V-W,Whole of life infrastructure,Infrastructure used over its entire life.,Whole of life infrastructure assets are measured over their useful life.
V-W,Wholly-owned subsidiary,Subsidiary in which the parent holds all shares.,The wholly-owned subsidiary has no non-controlling interests.
V-W,Willing parties,Buyer and seller that are both willing to transact.,Fair value assumes a transaction between willing parties.
V-W,Wind-up,The process of terminating an entity or plan and settling its remaining obligations.,"On wind-up of the plan, the remaining assets were distributed to members."
V-W,Work in progress,Partially finished goods still in the production process.,Work in progress is valued at cost.
V-W,Working capital,Current assets minus current liabilities of an entity.,Working capital decreased due to higher inventory levels.
V-W,Worst-case scenario,The most unfavourable outcome considered in an analysis.,Sensitivity analysis considered the worst-case scenario.
V-W,Write off,Removing an asset's value as irrecoverable.,The unrecoverable receivable was written off.
V-W,Write-down,A reduction in the carrying amount of an asset to reflect a decline in its value or recoverable amount.,The inventory write-down was recognised as an expense in the period the decline occurred.
V-W,Written option,An option sold by its writer.,A written option creates an obligation for the writer.
Y-Z,Year-to-date,Period from the start of the year to the current date.,Year-to-date revenue grew by eight percent.
Y-Z,Zero-cost interest rate collar,Interest rate collar structured with no net premium.,The entity entered a zero-cost interest rate collar to cap its exposure.
Y-Z,Zero-coupon government issues,Government securities issued at a discount that pay no periodic interest and repay face value at maturity.,The portfolio included zero-coupon government issues measured at amortised cost.
