Bolum,Ingilizce_Terim,Almanca_Anlami,Almanca_Tanim,Ornek_Almanca
A,[Amount] recoverable,erzielbarer Betrag,Der höhere Betrag aus beizulegendem Zeitwert abzüglich Veräußerungskosten und Nutzungswert.,Der Buchwert des Vermögenswerts überstieg seinen erzielbaren Betrag.
A,A mounts recognised (in the balance sheet and income statement),erfasste Beträge (in der Bilanz und der Gewinn- und Verlustrechnung),"Beträge, die im Jahresabschluss erfasst werden.",Die in der Bilanz erfassten Beträge umfassen die aktiven latenten Steuern.
A,Accelerated depreciation allowances,Sonderabschreibungen / beschleunigte Abschreibung,"Steuervorschriften, die eine schnellere Abschreibung von Vermögenswerten ermöglichen.",Beschleunigte Abschreibungen mindern den zu versteuernden Gewinn in den ersten Jahren.
A,Acceptable under IFRSs,nach IFRS zulässig,"Bezeichnet eine Bilanzierungs- oder Darstellungsweise, die den Anforderungen der International Financial Reporting Standards entspricht.",Die vorgeschlagene Bilanzierungspolitik zur Umsatzerfassung ist nach IFRS zulässig und erfordert keinerlei Änderung.
A,Accountability of management,Rechenschaftspflicht der Geschäftsführung,"Die Pflicht der Geschäftsführung, Rechenschaft über ihre Führung des Unternehmens abzulegen.",Die Rechenschaftspflicht der Geschäftsführung erfordert transparente Berichterstattung gegenüber den Eigentümern.
A,Accounting,Buchhaltung / Rechnungswesen,"Der Prozess der Erfassung, Ordnung und Zusammenfassung von Geschäftsvorfällen.",Die Buchhaltung liefert die im Geschäftsbericht verwendeten Zahlen.
A,Accounting acquiree,materiell erworbenes Unternehmen,"Das Unternehmen, dessen Bilanzierung in einer umgekehrten Übernahme als das erworbene Unternehmen behandelt wird.",Bei einer umgekehrten Übernahme ist das rechtliche Mutterunternehmen das materiell erworbene Unternehmen.
A,Accounting and Reporting by Retirement Benefit Plans,Rechnungslegung und Berichterstattung über Altersversorgungspläne,"Der Standard, der vorschreibt, wie Altersversorgungspläne über ihre Verpflichtungen und Planvermögen gegenüber den Begünstigten berichten.",Der Abschluss des Plans wurde nach dem Standard über die Rechnungslegung und Berichterstattung über Altersversorgungspläne aufgestellt.
A,Accounting arbitrage,Rechnungslegungsarbitrage / Bilanzarbitrage,Die Ausnutzung von Unterschieden zwischen Rechnungslegungsvorschriften zur Erlangung von Vorteilen.,Die Gruppe nutzte die Rechnungslegungsarbitrage zwischen zwei Rechtsräumen aus.
A,Accounting estimate,Rechnungslegungsschätzung / Bilanzierungsschätzung,"Eine Annäherung an einen Geldbetrag, wenn keine exakte Bewertung möglich ist.",Die Nutzungsdauer der Maschine ist eine Rechnungslegungsschätzung.
A,Accounting for Government Grants and Disclosure of Government Assistance,Ansatz von Zuschüssen aus öffentlichen Mitteln und Angabe staatlicher Beihilfen,Standard über den Ansatz von Zuschüssen aus öffentlichen Mitteln und die damit zusammenhängenden Angaben.,"Zuschüsse aus öffentlichen Mitteln werden erst angesetzt, wenn eine hinreichende Gewissheit über die Einhaltung der Bedingungen besteht."
A,Accounting for inventories,Bilanzierung von Vorräten,Die Bewertung und Berichterstattung über Vorräte zum niedrigeren Wert aus Anschaffungskosten und Nettoveräußerungswert.,Die Bilanzierung von Vorräten erfordert deren Bewertung zum niedrigeren Wert aus Anschaffungskosten und Nettoveräußerungswert.
A,Accounting for Investments in Associates,Bilanzierung von Investitionen in assoziierte Unternehmen,"Der Standard, der regelt, wie ein Investor seine Beteiligungen an assoziierten Unternehmen, auf die er maßgeblichen Einfluss ausübt, bilanziert, in der Regel nach der Equity-Methode.",Nach der Equity-Methode der Bilanzierung von Investitionen in assoziierte Unternehmen erfasst der Investor seinen Anteil am Gewinn des assoziierten Unternehmens.
A,Accounting for revenue and associated expenses,Erfassung von Umsatzerlösen und zugehörigen Aufwendungen,Der gleichzeitige Ansatz von Umsatzerlösen und den damit zusammenhängenden Aufwendungen.,Die Erfassung von Umsatzerlösen und zugehörigen Aufwendungen folgt dem Verursachungsprinzip.
A,Accounting income,bilanzieller Gewinn / Bilanzgewinn,Ein nach bilanziellen Regeln und nicht nach Steuervorschriften ermittelter Gewinn.,Der bilanzielle Gewinn kann vom zu versteuernden Einkommen abweichen.
A,Accounting mismatch,bilanzielle Fehlanpassung / bilanzielle Inkonsistenz,"Eine Inkonsistenz, die entsteht, wenn zusammengehörige Vermögenswerte und Schulden nach unterschiedlichen Bewertungsmaßstäben bewertet werden.",Die Bewertung eines Postens zum beizulegenden Zeitwert kann eine bilanzielle Fehlanpassung verursachen.
A,Accounting model,Bilanzierungsmodell / Rechnungslegungsmodell,"Der Rahmen aus Ansatz- und Bewertungsgrundlagen, den ein Unternehmen bei der Aufstellung seines Abschlusses anwendet.",Das Unternehmen stellte sein Bilanzierungsmodell für als Investment gehaltene Immobilien von den Anschaffungskosten auf den beizulegenden Zeitwert um.
A,Accounting period,Geschäftsjahr / Rechnungsperiode,"Der im Abschluss abgedeckte Zeitraum, in der Regel ein Jahr.",Die Rechnungsperiode endet jedes Jahr am 31. Dezember.
A,Accounting policies,Bilanzierungs- und Bewertungsmethoden,"Die spezifischen Grundsätze und Grundlagen, die ein Unternehmen bei der Aufstellung seines Abschlusses anwendet.",Das Unternehmen hat seine Bilanzierungs- und Bewertungsmethoden für Vorräte offengelegt.
A,Accrual accounting assumption,Annahme der Periodenabgrenzung (Verursachungsprinzip),"Geschäftsvorfälle werden erfasst, wenn sie eintreten, nicht wenn Zahlungen erfolgen.","Nach dem Verursachungsprinzip werden Umsatzerlöse erfasst, wenn sie verdient werden."
A,Accumulated depreciation,kumulierte Abschreibungen,Die bis zum Berichtszeitpunkt insgesamt auf einen Vermögenswert vorgenommenen Abschreibungen.,Die kumulierten Abschreibungen werden von den Anschaffungskosten des Vermögenswerts abgesetzt.
A,Accumulated profit or loss,Gewinn- oder Verlustvortrag,"Die kumulierten Nettoergebnisse eines Unternehmens, die nicht als Dividenden ausgeschüttet oder in eine andere Rücklage eingestellt wurden.","Der Vorstand beschloss, den Gewinn- oder Verlustvortrag zur Finanzierung künftiger Investitionen im Unternehmen zu belassen."
A,Accumulating compensated absences,ansammelbare bezahlte Abwesenheiten,"Bezahlte Abwesenheiten, die sich ansammeln und für die künftige Inanspruchnahme übertragen werden.","Ansammelbare bezahlte Abwesenheiten werden erfasst, wenn die Arbeitnehmer sie erdienen."
A,Achieve comparability,Vergleichbarkeit herstellen,Die Herstellung der Vergleichbarkeit von Abschlüssen über Unternehmen und Perioden hinweg.,"Einheitliche Methoden helfen, Vergleichbarkeit zwischen Unternehmen herzustellen."
A,Acquired entity,erworbenes Unternehmen,"Das Unternehmen, dessen Kontrolle der Erwerber übernimmt.",Der Erwerber erfasst die Vermögenswerte des erworbenen Unternehmens zum beizulegenden Zeitwert.
A,Acquired goodwill,erworbener Firmenwert / originärer Geschäftswert,"Der Betrag, um den die übertragene Gegenleistung den beizulegenden Zeitwert der in einem Unternehmenszusammenschluss erworbenen identifizierbaren Nettovermögenswerte übersteigt.",Ein erworbener Firmenwert von 4 Millionen wurde angesetzt und jährlich auf Wertminderung geprüft.
A,Acquired in a business combination,im Rahmen eines Unternehmenszusammenschlusses erworben,"Ein Vermögenswert oder eine Schuld, der bzw. die im Wege eines Unternehmenszusammenschlusses erlangt wurde.",Das Patent wurde im vergangenen Jahr im Rahmen eines Unternehmenszusammenschlusses erworben.
A,Acquiree,erworbenes Unternehmen / übernommenes Unternehmen,"Das Unternehmen, über das der Erwerber die Kontrolle erlangt.",Die Vermögenswerte des erworbenen Unternehmens wurden zum beizulegenden Zeitwert bewertet.
A,Acquirer,Erwerber,"Das Unternehmen, das die Kontrolle über ein anderes Unternehmen erwirbt.",Der Erwerber erfasst die identifizierbaren Nettovermögenswerte zum beizulegenden Zeitwert.
A,Acquisition,Unternehmenserwerb / Akquisition,"Ein Unternehmenszusammenschluss, bei dem ein Unternehmen die Kontrolle über ein anderes erhält.",Der Erwerb wurde nach der Erwerbsmethode bilanziert.
A,Acquisition date,Erwerbszeitpunkt,"Der Zeitpunkt, zu dem der Erwerber in einem Unternehmenszusammenschluss faktisch die Kontrolle über das erworbene Unternehmen erlangt.",Die übertragene Gegenleistung wird mit ihrem beizulegenden Zeitwert zum Erwerbszeitpunkt bewertet.
A,Acquisition method,Erwerbsmethode,"Die Methode, nach der Unternehmenszusammenschlüsse bilanziert werden.",Nach der Erwerbsmethode werden die identifizierbaren Vermögenswerte zum beizulegenden Zeitwert bewertet.
A,Active market,aktiver Markt,"Ein Markt, auf dem Transaktionen häufig genug stattfinden, um Preisinformationen zu liefern.",Die Aktien werden an einem aktiven Markt gehandelt.
A,Active use,aktive Nutzung,Die Nutzung eines Vermögenswerts bei der Produktion oder Bereitstellung von Gütern und Dienstleistungen.,Die Anlage wird im Fertigungsprozess aktiv genutzt.
A,Actively marketed,aktiv vermarktet,"Bezeichnet einen Vermögenswert, der aktiv und in seinem gegenwärtigen Zustand zu einem angemessenen Preis zum Verkauf angeboten wird.",Das Gebäude wurde während des gesamten Berichtszeitraums aktiv vermarktet.
A,Actuarial assumptions,versicherungsmathematische Annahmen,"Demografische und finanzielle Schätzgrößen, die zur Bewertung von Leistungsverpflichtungen herangezogen werden.",Zu den versicherungsmathematischen Annahmen gehören Abzinsungssätze und Sterblichkeitsraten.
A,Actuarial gains and losses,versicherungsmathematische Gewinne und Verluste,"Änderungen des Barwerts einer Leistungsverpflichtung, die aus Erfahrungsanpassungen resultieren.",Versicherungsmathematische Gewinne und Verluste entstehen durch Änderungen der versicherungsmathematischen Annahmen.
A,Actuarial present value of promised retirement benefits,versicherungsmathematischer Barwert der zugesagten Altersversorgungsleistungen,Der Barwert der zugesagten Altersversorgungsleistungen unter Verwendung versicherungsmathematischer Annahmen.,Der versicherungsmathematische Barwert der zugesagten Altersversorgungsleistungen wird jährlich angegeben.
A,Actuarial valuation,versicherungsmathematische Bewertung,Die Bewertung von Leistungsverpflichtungen unter Verwendung versicherungsmathematischer Annahmen.,Für den Pensionsplan wird jährlich eine versicherungsmathematische Bewertung durchgeführt.
A,Actuarial valuation method,versicherungsmathematische Bewertungsmethode,"Eine auf Hochrechnungen beruhende Technik zur Bewertung von Leistungsverpflichtungen, bei der künftige Zahlungen geschätzt und auf den Barwert abgezinst werden.",Das Unternehmen verwendete zur Bewertung seiner Pensionsverpflichtung die versicherungsmathematische Bewertungsmethode des Projected Unit Credit.
A,Additional comparative information,ergänzende Vergleichsinformationen,Über das Mindestmaß hinausgehende Informationen aus der Vorperiode.,Ergänzende Vergleichsinformationen wurden freiwillig dargestellt.
A,Additional consideration,zusätzliche Gegenleistung,Eine über die ursprüngliche Gegenleistung hinaus übertragene Zahlung.,Der Erwerber zahlte für den Earn-out eine zusätzliche Gegenleistung.
A,Additional disclosure,ergänzende Angaben,Über die vorgeschriebenen Mindestangaben hinausgehende ergänzende Informationen.,Das Unternehmen hat ergänzende Angaben zu seinen Geschäften mit nahestehenden Unternehmen und Personen gemacht.
A,Additional Exemptions for First-Time Adopters,zusätzliche Befreiungen für Erstanwender,"Optionale Erleichterungen, die Unternehmen den erstmaligen Übergang auf die IFRS erleichtern.",Das Unternehmen nutzte bei der Bewertung seiner Pensionsverpflichtung zum Übergangszeitpunkt die zusätzlichen Befreiungen für Erstanwender.
A,Adjust for consolidation procedures,Anpassung für Konsolidierungsmaßnahmen,"Die Bereinigung von Zahlen, um konzerninterne Effekte vor der Konsolidierung zu eliminieren.",Wir müssen vor der Berichterstattung die Konsolidierungsmaßnahmen berücksichtigen.
A,Adjusted fair value,angepasster beizulegender Zeitwert,"Ein beizulegender Zeitwert, der um besondere Rechte, Beschränkungen oder Bedingungen bereinigt wurde.",Der angepasste beizulegende Zeitwert spiegelte die Übertragungsbeschränkungen wider.
A,Adjusted weighted-average shares,angepasste gewichtete durchschnittliche Aktienanzahl,"Die gewichtete durchschnittliche Aktienanzahl, bereinigt um verwässernde potenzielle Aktien.",Das verwässerte Ergebnis je Aktie verwendet die angepasste gewichtete durchschnittliche Aktienanzahl.
A,Adjusting event (after the balance sheet date),ansatzwirksames Ereignis nach dem Bilanzstichtag,"Ein Ereignis nach dem Berichtsstichtag, das eine Anpassung erfordert.",Die Entscheidung in einem Gerichtsverfahren war ein ansatzwirksames Ereignis.
A,Adjusting event after the reporting period,ansatzwirksames Ereignis nach dem Berichtszeitraum,"Ein Ereignis nach dem Berichtsstichtag, das auf am Ende des Berichtszeitraums bestehende Verhältnisse hinweist und eine Anpassung erfordert.","Der Konkurs eines Kunden nach Jahresende war ein ansatzwirksames Ereignis nach dem Berichtszeitraum, da er eine bereits bestehende Wertminderung einer Forderung bestätigte."
A,Adjustment,Anpassung / Berichtigung,Eine Änderung eines zuvor erfassten Betrags.,Die Berichtigung korrigierte die Vorjahreszahlen.
A,Administrative expenses,Verwaltungsaufwendungen / allgemeine Verwaltungskosten,"Kosten des Unternehmensbetriebs, die weder der Produktion noch dem Vertrieb zuzurechnen sind.",Zu den Verwaltungsaufwendungen gehören Bürogehälter und Mieten.
A,Admission fees,Aufnahmegebühren,"Beträge, die für die erstmalige Aufnahme in eine Mitgliedschaft oder ein Dienstleistungsverhältnis berechnet werden.","Aufnahmegebühren werden als Umsatzerlöse erfasst, wenn die Leistung erbracht wird."
A,Advance,Anzahlung / Vorschuss,"Eine Zahlung eines Kunden vor Lieferung der Waren oder Erbringung der Dienstleistungen, die für den Verkäufer eine Verpflichtung begründet.",Der Kunde leistete vor Lieferung der Anlage eine Anzahlung von 10.000.
A,Adverse economic consequences,nachteilige wirtschaftliche Folgen,"Negative finanzielle Auswirkungen, die aus einem Ereignis oder einer Entscheidung resultieren.",Die Entscheidung hatte für das Unternehmen nachteilige wirtschaftliche Folgen.
A,Adverse event,nachteiliges Ereignis,"Ein ungünstiges Ereignis, das zu einem Verlust oder einer Verbindlichkeit führen kann.",Der Versicherer leistete nach dem nachteiligen Ereignis Schadenzahlungen.
A,After-tax amount,Betrag nach Steuern,Ein Betrag abzüglich Ertragsteuern.,Der Gewinn wird als Betrag nach Steuern ausgewiesen.
A,Agency,Agenturverhältnis / Vertretungsverhältnis,"Ein Verhältnis, bei dem eine Partei im Namen einer anderen Partei handelt.","Die Agenturvereinbarung gibt dem Agenten die Befugnis, den Geschäftsherrn rechtlich zu binden."
A,Aggregate,Gesamtbetrag / Summe,Ein Gesamtbetrag aus der Addition einzelner Komponenten oder Posten.,Der Anhang weist die Summe aller Geschäfte mit nahestehenden Unternehmen und Personen für die Periode aus.
A,Aggregation,Zusammenfassung / Aggregation,Die Zusammenfassung von Posten zu Klassen.,Die Zusammenfassung gleichartiger Posten erleichtert das Verständnis.
A,Aggregation criteria,Aggregierungskriterien / Zusammenfassungskriterien,Regeln für die Gruppierung von Posten mit ähnlichen Merkmalen für die Berichterstattung.,"Die Aggregierungskriterien bestimmen, wie Posten gemeinsam dargestellt werden."
A,Agreement date,Vertragsdatum / Datum der Vereinbarung,"Das Datum, an dem die Parteien eine verbindliche Vereinbarung erzielen.",Die beizulegenden Zeitwerte wurden zum Vertragsdatum bemessen.
A,Agreements for the construction of real estate,Verträge über die Errichtung von Immobilien,"Verträge über die Errichtung von Immobilien, bei denen die Umsatzerfassung davon abhängt, ob der Vertrag als Warenverkauf oder als Bauleistung zu behandeln ist.",Bei Verträgen über die Errichtung von Immobilien müssen Umsatzerlöse möglicherweise über die Zeit erfasst werden.
A,Agreements in progress,laufende Verträge / in Durchführung befindliche Verträge,"Verträge, die sich noch in Verhandlung befinden oder noch nicht abgeschlossen sind.",Umsatzerlöse aus laufenden Verträgen werden über die Zeit erfasst.
A,Agricultural activity,landwirtschaftliche Betätigung,Das Management der biologischen Umwandlung lebender Tiere oder Pflanzen zum Zweck des Verkaufs.,Die landwirtschaftliche Betätigung des Betriebs umfasst die Viehzucht.
A,Agricultural produce,landwirtschaftliche Erzeugnisse,Das Ernteprodukt eines biologischen Vermögenswerts.,Landwirtschaftliche Erzeugnisse werden bei der Ernte zum beizulegenden Zeitwert abzüglich der Veräußerungskosten bewertet.
A,Agriculture,Landwirtschaft (IAS 41),Der Standard über biologische Vermögenswerte und landwirtschaftliche Erzeugnisse.,Der Landwirtschaftsstandard befasst sich mit der Bilanzierung biologischer Vermögenswerte.
A,Allocation,Zuordnung / Verteilung,"Der Prozess der Zuordnung von Kosten, Umsatzerlösen oder Beträgen zu verschiedenen Perioden, Vermögenswerten oder Aktivitäten.",Die Verteilung des Kaufpreises auf die erworbenen identifizierbaren Vermögenswerte wurde innerhalb der Bewertungsfrist abgeschlossen.
A,Allocation method,Verteilungsmethode,"Die Methode, nach der ein Betrag verteilt wird.",Die Verteilungsmethode verteilt die Kosten auf die Berichtsperioden.
A,Allowance,Wertberichtigung / Rückstellung,"Ein Verrechnungskonto, das den Buchwert eines Vermögenswerts mindert.",Das Unternehmen bildete eine Wertberichtigung für zweifelhafte Forderungen.
A,Allowance account,Wertberichtigungskonto,"Ein Verrechnungskonto, das geschätzte Wertminderungen einer Forderung ausweist.",Das Wertberichtigungskonto wird von den Bruttoforderungen abgezogen.
A,Allowed alternative treatment,zugelassene alternative Behandlung,"Eine alternative Bilanzierungsmethode, die frühere Standards neben der Benchmark-Behandlung zuließen.",Das Unternehmen wandte die zugelassene alternative Behandlung an und nahm eine Neubewertung seiner Sachanlagen vor.
A,American share option,amerikanische Aktienoption,"Eine Option, die jederzeit vor Ablauf ausgeübt werden kann.",Die amerikanische Aktienoption kann jederzeit ausgeübt werden.
A,Amortisation,planmäßige Abschreibung / Abschreibung,Die planmäßige Verteilung der Anschaffungskosten eines immateriellen Vermögenswerts auf seine Nutzungsdauer.,Die planmäßige Abschreibung des Patents wird monatlich als Aufwand erfasst.
A,Amortisation method,Abschreibungsmethode,"Die Methode, nach der der abschreibbare Betrag auf die Nutzungsdauer verteilt wird.",Auf den immateriellen Vermögenswert wird die lineare Abschreibungsmethode angewendet.
A,Amortisation period,Abschreibungszeitraum / Nutzungsdauer,"Der Zeitraum, über den ein immaterieller Vermögenswert abgeschrieben wird.",Der Abschreibungszeitraum entspricht der erwarteten Nutzungsdauer des Vermögenswerts.
A,Amortised cost,fortgeführte Anschaffungskosten,"Der Betrag, zu dem ein Finanzinstrument nach Berücksichtigung von Tilgungen, kumulierter Abschreibung und Wertminderungen bewertet wird.",Die Anleihe wird nach der Effektivzinsmethode zu fortgeführten Anschaffungskosten bewertet.
A,Amortised cost of a financial asset or financial liability,fortgeführte Anschaffungskosten eines Finanzvermögenswerts oder einer Finanzverbindlichkeit,Der nach der Effektivzinsmethode ermittelte Betrag.,Das Darlehen wird zu fortgeführten Anschaffungskosten ausgewiesen.
A,Amortising interest rate swap,Zinsswap mit fallendem Nominalbetrag,"Ein Swap, dessen Nominalbetrag über die Laufzeit abnimmt.",Der Zinsswap mit fallendem Nominalbetrag sicherte die Darlehenstilgungen ab.
A,Amount of inventories,Buchwert der Vorräte,Der im Abschluss erfasste Buchwert der Vorräte.,Der zum Nettoveräußerungswert fortgeführte Betrag der Vorräte wurde angegeben.
A,Amount payable,zahlbarer Betrag / fälliger Betrag,"Der Geldbetrag, den ein Unternehmen zu zahlen hat, in der Regel aufgrund eines Vertrags oder einer Verbindlichkeit.",Der am Jahresende an Lieferanten zahlbare Betrag wurde im Anhang angegeben.
A,Amount per share,Betrag je Aktie,"Der Geldbetrag, der auf eine einzelne Aktie entfällt.",Der Dividendenbetrag je Aktie betrug zwei Lira.
A,Amounts recognised [in the statement of financial position or in the statement of comprehensive income],erfasste Beträge (in der Bilanz oder in der Gesamtergebnisrechnung),"Geldbeträge, die nach den anwendbaren Standards im Abschluss erfasst werden.",Der Anhang zeigt die in der Bilanz erfassten Beträge.
A,Analysis,Analyse,Die eingehende Untersuchung von Informationen zur Unterstützung von Entscheidungen.,Die Geschäftsleitung führte eine Sensitivitätsanalyse der Cashflows durch.
A,Annual leave,Jahresurlaub,"Bezahlter Urlaub, der sich bei den Arbeitnehmern ansammelt.",Der Jahresurlaub ist eine kurzfristige Leistung an Arbeitnehmer.
A,Annual periods,Jahresperioden / Geschäftsjahre,"Einjährige Berichtsperioden, für die ein Unternehmen seinen Abschluss aufstellt.","Das Unternehmen erstellt den Abschluss für Jahresperioden, die am 31. Dezember enden."
A,Annuitant,Rentenempfänger / Leibrentenberechtigter,"Eine Person, die eine Rente erhält.",Der Rentenempfänger erhält lebenslang jährliche Zahlungen.
A,Annuitisation,Verrentung,Die Umwandlung eines Kapitalbetrags in eine Reihe regelmäßiger Zahlungen.,Die Verrentung wandelt das angesparte Vorsorgekapital in ein monatliches Einkommen um.
A,Annuity,Rente / Annuität,Eine Reihe gleich hoher Zahlungen in regelmäßigen Abständen über einen Zeitraum.,Der Rentner erhält aus dem Pensionsplan eine monatliche Rente.
A,Antidilution,Antiverwässerung,"Der Effekt, dass die Umwandlung potenzieller Stammaktien das Ergebnis je Aktie erhöhen oder den Verlust je Aktie mindern würde.",Diese Optionen waren antiverwässernd und wurden daher aus dem verwässerten Ergebnis je Aktie ausgeschlossen.
A,Antidilutive,antiverwässernd,Eine Erhöhung des Ergebnisses je Aktie oder eine Verringerung des Verlusts je Aktie bewirkend.,Diese potenziellen Aktien sind antiverwässernd und wurden ausgeschlossen.
A,Appendix,Anlage / Anhang,"Ein ergänzender Abschnitt, der einem Standard oder Dokument beigefügt ist.",Die erläuternden Beispiele werden in der Anlage dargestellt.
A,Applicability,Anwendbarkeit,Ob ein Standard oder eine Behandlungsweise auf einen Sachverhalt anwendbar ist.,Die Anwendbarkeit des Standards hängt von der Art des Unternehmens ab.
A,Application guidance,Anwendungsleitfaden / Anwendungsleitlinie,"Leitlinien, die erläutern, wie ein Standard anzuwenden ist.","Der Anwendungsleitfaden erläutert, wie der Standard anzuwenden ist."
A,Application of requirements,Anwendung der Anforderungen,"Die Art und Weise, wie ein Unternehmen die konkreten Anforderungen eines Standards auf seine Geschäftsvorfälle und Salden anwendet.",Die Anlage enthält Leitlinien zur Anwendung der Anforderungen an Leasingvertragsänderungen.
A,Application supplement,Anwendungsergänzung / ergänzende Anwendungshinweise,"Zusätzliche Leitlinien, die einen Standard ergänzen.",Die ergänzenden Anwendungshinweise verdeutlichen die Anwendung des Standards.
A,Applying the Restatement Approach Under IAS 29 Financial Reporting in Hyperinflationary Economies,Anwendung des Neubewertungsansatzes nach IAS 29 Finanzberichterstattung in Volkswirtschaften mit Hochinflation,Leitlinien zur Neubewertung des Abschlusses in Volkswirtschaften mit Hochinflation nach IAS 29.,Das Unternehmen wandte den Neubewertungsansatz nach IAS 29 an.
A,Appraisal,Bewertung / Gutachten,Die sachverständige Einschätzung des Werts eines Vermögenswerts oder einer Schuld.,Für die Immobilie wurde ein unabhängiges Bewertungsgutachten eingeholt.
A,Arm’s length transaction,Fremdgeschäft / Geschäft zu Marktkonditionen,"Ein Geschäft zwischen voneinander unabhängigen, vertragswilligen Parteien, die jeweils in eigenem Interesse handeln.","Die Angaben zu Geschäften mit nahestehenden Unternehmen und Personen bestätigen, ob die Geschäfte zu Fremdkonditionen abgeschlossen wurden."
A,Artistic-related intangible assets,künstlerisch geprägte immaterielle Vermögenswerte,Nichtmonetäre Vermögenswerte aus künstlerischen Werken wie Filmen.,Filmrechte sind künstlerisch geprägte immaterielle Vermögenswerte.
A,Asking price,Angebotspreis / Verkäuferpreis,"Der Preis, den ein Verkäufer für einen Vermögenswert zu akzeptieren bereit ist.",Der ausgewiesene Angebotspreis lag über dem Gebotspreis.
A,Assess,beurteilen / bewerten,Etwas einschätzen oder bewerten.,"Das Unternehmen muss beurteilen, ob ein Hinweis auf eine Wertminderung vorliegt."
A,Assessing control,Beurteilung der Kontrolle,"Die Beurteilung, ob ein Investor die Kontrolle über ein Unternehmen ausübt.","Die Beurteilung der Kontrolle erfordert die Bewertung von Macht, Exposition und Renditen."
A,Asset,Vermögenswert,"Eine Ressource, die aus vergangenen Ereignissen resultiert, von einem Unternehmen kontrolliert wird und von der der Zufluss künftigen wirtschaftlichen Nutzens erwartet wird.","Die Maschine wird als Vermögenswert angesetzt, weil sie künftigen wirtschaftlichen Nutzen bringen wird."
A,Asset exchange transactions,Tauschgeschäfte mit Vermögenswerten,"Geschäftsvorfälle, bei denen ein Vermögenswert gegen einen anderen getauscht wird.",Tauschgeschäfte mit Vermögenswerten werden auf der Grundlage ihres wirtschaftlichen Gehalts bewertet.
A,Asset-specific performance risk,assetspezifisches Leistungsrisiko,"Das Risiko, dass ein bestimmter Vermögenswert nicht die erwartete Leistung erbringt.",Das assetspezifische Leistungsrisiko beeinflusst den beizulegenden Zeitwert des Vermögenswerts.
A,Assets acquired,erworbene Vermögenswerte,"Die identifizierbaren Vermögenswerte, die der Erwerber in einem Unternehmenszusammenschluss erwirbt.",Die erworbenen Vermögenswerte wurden mit ihren beizulegenden Zeitwerten zum Erwerbszeitpunkt bewertet.
A,Assets held by a long-term employee benefit fund,Vermögenswerte eines langfristigen Arbeitnehmerleistungsfonds,"Mittel, die in einem gesonderten langfristigen Fonds zur Erfüllung von Arbeitnehmerleistungsverpflichtungen gehalten werden.",Die Vermögenswerte eines langfristigen Arbeitnehmerleistungsfonds werden an jedem Berichtsstichtag zum beizulegenden Zeitwert bewertet.
A,Assets retired from active use,aus der aktiven Nutzung genommene Vermögenswerte,"Vermögenswerte, die nicht mehr im Betrieb genutzt, aber weiterhin gehalten werden.",Das Werk weist die aus der aktiven Nutzung genommenen Vermögenswerte gesondert aus.
A,Associate,assoziiertes Unternehmen,"Ein Unternehmen, auf das der Investor maßgeblichen Einfluss ausübt.",Die Beteiligung an dem assoziierten Unternehmen wird nach der Equity-Methode bilanziert.
A,Audit report,Bestätigungsvermerk / Prüfungsbericht,Die formelle Feststellung des Abschlussprüfers zum Jahresabschluss.,Der Bestätigungsvermerk lautete uneingeschränkt.
A,Authorise [financial statements for issue],freigeben (Abschluss zur Veröffentlichung),Die formelle Freigabe des Abschlusses zur Veröffentlichung.,Der Vorstand gab den Jahresabschluss zur Veröffentlichung frei.
A,Available-for-sale financial assets,zur Veräußerung verfügbare finanzielle Vermögenswerte,"Eine frühere Kategorie nichtderivativer finanzieller Vermögenswerte, die als zur Veräußerung verfügbar eingestuft und zum beizulegenden Zeitwert mit Wertänderungen im sonstigen Gesamtergebnis bewertet wurden.",Gewinne aus zur Veräußerung verfügbaren finanziellen Vermögenswerten wurden früher bis zur Veräußerung im sonstigen Gesamtergebnis erfasst.
A,Award credits,Bonuspunkte / Prämienpunkte,"An Kunden vergebene Punkte, die zu künftigen Preisnachlässen berechtigen.",Bonuspunkte sind eine gesonderte Leistungsverpflichtung.
A,Corridor,Korridor (für versicherungsmathematische Gewinne und Verluste),"Ein zulässiger Bereich versicherungsmathematischer Gewinne und Verluste, die bislang nicht erfasst wurden.",Versicherungsmathematische Gewinne innerhalb des Korridors wurden abgegrenzt.
A,‘Cost of sales’ method,Cost-of-Sales-Methode (Umsatzkostenverfahren),"Eine Methode zur Darstellung der Aufwendungen nach Funktionen, bei der die Kosten der verkauften Leistungen ausgewiesen werden.",Nach der Cost-of-Sales-Methode werden die Aufwendungen nach Funktionen gegliedert.
B,Back-out,rückgängig machen / ausbuchen,Eine Buchung oder einen zuvor erfassten Betrag rückgängig zu machen oder zu eliminieren.,Der Buchhalter musste die fehlerhafte Abgrenzung vor dem Periodenabschluss rückgängig machen.
B,Balance sheet,Bilanz,"Aufstellung über Vermögenswerte, Schulden und Eigenkapital zu einem Stichtag.",Die Bilanz weist Vermögenswerte in Höhe von einer Million aus.
B,Balance sheet date,Bilanzstichtag,Der Stichtag am Ende des Berichtszeitraums für die Bilanz.,Ereignisse nach dem Bilanzstichtag wurden angegeben.
B,Balance sheet liability method,Bilanzschuldnermethode / bilanzielle Schuldendotationsmethode,"Methode, bei der latente Steuern aus bilanziellen Unterschieden angesetzt werden.",Latente Steuern werden nach der Bilanzschuldnermethode berechnet.
B,Bank,Bank,"Ein Finanzinstitut, das Einlagen entgegennimmt und Kredite vergibt.",Die Angaben für Banken behandeln das Kredit- und Liquiditätsrisiko.
B,Bank overdraft,Banküberziehung / Kontokorrentkredit,"Eine kurzfristige Kreditlinie, die es einem Unternehmen erlaubt, mehr Geld abzuheben, als sein Kontoguthaben beträgt.",Die Banküberziehung ist jederzeit fällig und wird als kurzfristige Verbindlichkeit ausgewiesen.
B,Bankruptcy,Insolvenz / Konkurs,Ein gerichtliches Verfahren für zahlungsunfähige Unternehmen.,Die Insolvenzverfahren wurden als Ereignis nach dem Berichtszeitpunkt offengelegt.
B,Bargain purchase,Begünstigter Erwerb / Schnäppchenkauf,"Eine Unternehmenszusammenschließung, bei der die Gegenleistung unter dem beizulegenden Zeitwert des Nettovermögens liegt.",Der begünstigte Erwerb führte zu einem Ertrag für den Erwerber.
B,Basic earnings per share,Ergebnis je Aktie (unverwässert) / Basisgewinn je Aktie,"Das den Inhabern von Stammaktien zurechenbare Ergebnis, geteilt durch die gewichtete durchschnittliche Zahl der ausstehenden Aktien.",Das Unternehmen wies ein unverwässertes Ergebnis je Aktie von zwei Lira aus.
B,Basic loan features,Grundlegende Kreditmerkmale,"Vertragliche Bedingungen eines Schuldtitels wie Zinszahlung und Rückzahlung, die für ein einfaches Kreditgeschäft typisch sind.",Das Finanzinstrument wurde als mit grundlegenden Kreditmerkmalen ausgestattet beurteilt und erfüllte damit den Test auf ausschließliche Zins- und Tilgungszahlungen.
B,Basis adjustment,Basisanpassung / Anpassung der steuerlichen Bemessungsgrundlage,Anpassung der steuerlichen Bemessungsgrundlage eines Vermögenswerts oder einer Schuld.,Nach der Neubewertung des Vermögenswerts wurde eine Basisanpassung vorgenommen.
B,Basis for Conclusions,Basis für Schlussfolgerungen,"Ein Dokument, das die Begründung für die Schlussfolgerungen eines Standards erläutert.","Die Basis für Schlussfolgerungen erläutert, warum das Board die Alternative abgelehnt hat."
B,Basis point,Basispunkt,Ein Hundertstel eines Prozentpunkts.,Der Zinssatz stieg um 25 Basispunkte.
B,Bearer biological asset,Tragende biologische Vermögenswerte (Trägervermögen),"Lebende Vermögenswerte, die zur Erzeugung von Erzeugnissen gehalten werden.",Tragende Pflanzen (Dauerkulturen) werden als Sachanlagen bilanziert.
B,Benchmark treatment,Basisbehandlung / maßgebliche Methode,"Die von einem Standard bevorzugte oder als Referenz zugelassene Bilanzierungsmethode, die als Standardvorgehen dient, sofern keine Alternative angewendet wird.","Unternehmen sollten die Basisbehandlung anwenden, sofern nationale Vorschriften keine zugelassene Alternative verlangen."
B,Beneficial contracts,Vorteilhafte Arbeitsverträge,"Verträge, die zum Nutzen des Unternehmens eingegangen werden.",Vorteilhafte Arbeitsverträge können bei einer Unternehmenszusammenschließung angesetzt werden.
B,Beneficiary,Begünstigter / Empfänger,"Eine Person oder ein Unternehmen, die berechtigt ist, Leistungen aus einer Vereinbarung zu erhalten.",Der Begünstigte erhält die Ausschüttungen aus dem Treuhandvermögen.
B,Benefit,Leistung / Vergünstigung,"Ein Vorteil oder Anspruch, der aus einem Plan oder Vertrag zusteht.",Die Arbeitnehmer erhalten nach dem Ruhestandseintritt eine Versorgungsleistung.
B,Benefit improvements,Leistungsverbesserungen,"Erhöhungen der Leistungen eines Plans mit Leistungszusage, die zu Aufwand für frühere Dienstperioden führen.",Die in diesem Jahr gewährten Leistungsverbesserungen erhöhten die Verpflichtung aus Leistungszusagen.
B,Benefit obligation,Verpflichtung aus zugesagten Leistungen,Barwert der zugesagten und zu zahlenden Arbeitnehmerleistungen.,Die Verpflichtung aus zugesagten Leistungen wurde zum Jahresende bewertet.
B,Benefit to users,Nutzen für die Nutzer,Die Nützlichkeit von Finanzinformationen für die primären Nutzer des Jahresabschlusses.,Verbesserte Angaben erhöhen den Nutzen für die Nutzer.
B,Best estimate,Beste Schätzung / wahrscheinlichster Wert,"Der wahrscheinlichste Betrag, mit dem eine Rückstellung bewertet wird.",Die Rückstellung wird mit der besten Schätzung der Geschäftsleitung bemessen.
B,Bias,Verzerrung / systematische Abweichung,"Eine Tendenz, die das Urteil oder Informationen verzerrt.",Verzerrungen in Schätzungen können die Neutralität der Informationen beeinträchtigen.
B,Bid bonds,Bietungsgarantien / Angebotsbürgschaften,"Garantien oder Bürgschaften, die eine Partei stellt, um ihre Leistung bei der Angebotsabgabe für einen Vertrag abzusichern.","Der Auftragnehmer stellte Bietungsgarantien, um sein Angebot für das Bauprojekt zu untermauern."
B,Bid price,Geldkurs / Ankaufspreis,"Der Preis, zu dem ein Käufer zu kaufen bereit ist.",Der Geldkurs wird für Short-Positionen verwendet.
B,Bid-ask spread,Geld-Brief-Spanne / Spread,Die Differenz zwischen dem besten Geldkurs und dem besten Briefkurs.,Eine enge Geld-Brief-Spanne deutet auf einen liquiden Markt hin.
B,Bifurcation methodology,Bifurkationsmethode / Aufspaltungsmethode,Ein Verfahren zur Abtrennung eines eingebetteten Derivats vom Basiskontrakt.,Die Bifurkationsmethode wurde auf die Wandelanleihe angewendet.
B,Binding sale agreement,Verbindliche Verkaufsvereinbarung,"Eine rechtlich durchsetzbare Vereinbarung über den Verkauf eines Vermögenswerts, die die Parteien an das Geschäft bindet.","Da eine verbindliche Verkaufsvereinbarung vorlag, wurde das Grundstück als zur Veräußerung gehalten klassifiziert."
B,Binomial,Binomialmodell,"Ein Bewertungsmodell mit zwei möglichen Ausgängen, das zur Optionspreisbewertung verwendet wird.",Das Binomialmodell bewertete die Aktienoptionen für Arbeitnehmer.
B,Biological asset,Biologischer Vermögenswert / lebender Vermögenswert,Ein lebendes Tier oder eine lebende Pflanze im Anwendungsbereich der landwirtschaftlichen Tätigkeit.,Der biologische Vermögenswert wurde mit dem beizulegenden Zeitwert abzüglich Veräußerungskosten bewertet.
B,Biological transformation,Biologische Transformation,"Wachstum, Degeneration, Erzeugung oder Fortpflanzung bei lebenden Vermögenswerten.",Die biologische Transformation führt zu Änderungen des beizulegenden Zeitwerts eines Vermögenswerts.
B,Black-Scholes-Merton formula,Black-Scholes-Merton-Formel,Ein Optionspreismodell.,Die Black-Scholes-Merton-Formel bewertet die Aktienoption.
B,Board of directors,Verwaltungsrat / Vorstand,"Das von den Aktionären gewählte Leitungsorgan, das die strategische Ausrichtung und die Führung eines Unternehmens überwacht.",Der Verwaltungsrat genehmigte den Jahresabschluss zur Veröffentlichung.
B,Bond,Anleihe / Schuldverschreibung,Ein verzinsliches Schuldinstrument in Wertpapierform.,Die Anleihe wird zu fortgeführten Anschaffungskosten bewertet.
B,Bonus issue,Unentgeltliche Aktienausgabe / Berichtigungsaktien,"Kostenlose Aktien, die den bestehenden Aktionären aus Rücklagen ausgegeben werden.",Das Unternehmen kündigte eine unentgeltliche Aktienausgabe im Verhältnis von einer Aktie auf zehn an.
B,Bonus plan,Bonusplan / Prämienplan,"Eine Vereinbarung, die Arbeitnehmern zusätzliche Vergütungen auf Grundlage ihrer Leistung gewährt.","Der Bonusplan prämiert die Mitarbeiter, wenn die Jahresziele erreicht werden."
B,Book of contracts,Vertragsbestand / Versicherungsbestand,"Die Gesamtheit der Versicherungsverträge, die ein Versicherer gemeinsam als Portfolio verwaltet.","Die Geschäftsleitung prüft den Vertragsbestand regelmäßig, um das Versicherungsrisiko zu beurteilen."
B,Book value,Buchwert,"Der Betrag, mit dem ein Vermögenswert in den Büchern erfasst ist.",Der Buchwert der Maschine ist niedriger als ihr Marktwert.
B,Borrower,Kreditnehmer / Darlehensnehmer,"Die Partei, die Mittel empfängt und zu deren Rückzahlung verpflichtet ist.",Der Kreditnehmer muss das Darlehen zuzüglich Zinsen zurückzahlen.
B,Borrowing Costs,Fremdkapitalkosten / Kreditkosten,Zinsen und sonstige Kosten der Fremdkapitalaufnahme.,"Fremdkapitalkosten, die direkt einem Vermögenswert zurechenbar sind, werden aktiviert."
B,Bottom-up test,Bottom-up-Test,"Ein Wertminderungstest, der auf der untersten Ebene der Mittelgenerierung beginnt.",Der Bottom-up-Test prüfte die einzelnen Vermögenswerte auf Wertminderung.
B,Brand,Marke / Markenzeichen,"Ein marketingbezogener immaterieller Vermögenswert wie ein Name oder ein Symbol, der ein Produkt kennzeichnet und dem Unternehmen Wert verleiht.",Eine im Unternehmen selbst geschaffene Marke kann nicht als immaterieller Vermögenswert angesetzt werden.
B,Build-operate-transfer,Build-Operate-Transfer (Bau-Betrieb-Übergabe),Ein Konzessionsmodell zur Bereitstellung von Infrastruktur.,Beim Build-Operate-Transfer errichtet und betreibt der Betreiber den Vermögenswert.
B,Business,Unternehmen / Geschäftsbetrieb,"Ein integriertes Bündel von Tätigkeiten und Vermögenswerten, das zur Erzielung von Ertrag betrieben wird.",Der Erwerber erwarb das Unternehmen auf Going-Concern-Basis als fortgeführten Geschäftsbetrieb.
B,Business combination involving entities orbusinesses under common control,Zusammenschließung unter gemeinsamer Kontrolle,"Eine Zusammenführung von Unternehmen, die letztlich sämtlich von derselben Partei kontrolliert werden.",Die Verschmelzung zweier Tochterunternehmen ist eine Zusammenschließung unter gemeinsamer Kontrolle.
B,Business Combinations,Unternehmenszusammenschließungen,"Der Standard, der regelt, wie der Erwerber die Vermögenswerte, die Schulden und den Firmenwert einer Zusammenschließung ansetzt und bewertet.",Die Akquisition wurde in Übereinstimmung mit dem Standard über Unternehmenszusammenschließungen bilanziert.
B,Business Combinations – Subsequent Adjustment of Fair Values and Goodwill Initially Reported,Unternehmenszusammenschließungen – Nachträgliche Anpassung der ursprünglich berichteten beizulegenden Zeitwerte und des Firmenwerts,Die nachträgliche Korrektur vorläufiger beizulegender Zeitwerte und des Firmenwerts bei Zusammenschließungen.,Der Standard behandelt die nachträgliche Anpassung der ursprünglich erfassten beizulegenden Zeitwerte und des Firmenwerts.
B,Business Combinations- “Date of Exchange” and Fair Value of Equity Instruments,Unternehmenszusammenschließungen – Umtauschdatum und beizulegender Zeitwert von Eigenkapitalinstrumenten,Leitlinien zum Umtauschdatum und zum beizulegenden Zeitwert von Eigenkapitalinstrumenten bei Unternehmenszusammenschließungen.,Die Auslegung behandelte das Umtauschdatum in einer Unternehmenszusammenschließung.
B,Business Combinations-Classification either as Acquisitions or Unitings of Interests,Unternehmenszusammenschließungen – Klassifizierung als Kauf oder als Zusammengehen von Interessen,Die Klassifizierung von Unternehmenszusammenschließungen als Käufe oder als Verschmelzungen.,Die Zusammenschließung wurde als Kauf klassifiziert.
B,Business model,Geschäftsmodell,"Die Art und Weise, wie ein Unternehmen seine finanziellen Vermögenswerte verwaltet.","Das Geschäftsmodell bestimmt, wie finanzielle Vermögenswerte klassifiziert werden."
B,Business segment,Geschäftsbereich / operatives Segment,"Ein abgrenzbarer Bestandteil eines Unternehmens, der Geschäftstätigkeiten mit Umsatzerlösen und Aufwendungen ausübt.",Die Ergebnisse jedes Geschäftsbereichs werden im Segmentanhang gesondert berichtet.
B,Business unit,Geschäftseinheit,Ein Bestandteil der Geschäftstätigkeit eines Unternehmens.,Die Geschäftseinheit wurde als gesonderter Bestandteil berichtet.
B,Buying segment,Beschaffungsbereich / Einkaufsbereich,"Ein Bestandteil eines Unternehmens, der als Einheit für Beschaffungsentscheidungen dient.",Der Beschaffungsbereich verhandelte seine eigenen Bezugsverträge.
B,By class of financial asset,Nach Klassen finanzieller Vermögenswerte,Die Aufgliederung von Informationen nach Kategorien finanzieller Vermögenswerte.,Das Kreditrisiko wird nach Klassen finanzieller Vermögenswerte offengelegt.
B,By-product,Nebenprodukt / Kuppelprodukt,"Ein untergeordnetes Produkt, das bei einem gemeinsamen Produktionsprozess nebenbei anfällt und im Wert gegenüber dem Hauptprodukt unerheblich ist.",Das Nebenprodukt wird mit dem netto realisierbaren Wert bewertet und von den Kosten des Hauptprodukts abgezogen.
C,Call options,Kaufoptionen,"Kontrakte, die das Recht zum Kauf eines Vermögenswerts einräumen.",Geschriebene (verkaufte) Kaufoptionen werden als Schulden behandelt.
C,Callable,Kündbar / vorzeitig rückzahlbar,"Ein Finanzinstrument, das der Emittent vor Fälligkeit zurückzahlen kann.",Die Anleihe ist nach Wahl des Emittenten kündbar.
C,Cap,Zinsobergrenze (Cap),Eine Obergrenze für einen Zinssatz.,Das Darlehen enthält eine Obergrenze (Cap) für den variablen Zinssatz.
C,Capital,Kapital,Die in ein Unternehmen eingebrachten Mittel.,Das Kapital wird innerhalb des Eigenkapitals ausgewiesen.
C,Capital appreciation,Wertsteigerung / Kapitalzuwachs,Eine Zunahme des Werts einer Investition oder eines Vermögenswerts über die ursprünglichen Kosten hinaus.,Die Investition wurde überwiegend zur Wertsteigerung und nicht zur Erzielung von Dividendenerträgen gehalten.
C,Capital approach,Kapitalansatz / Kapitalerhaltungskonzeption,Die Erhaltung des Kapitals in finanzieller oder sachlicher Hinsicht.,Der Kapitalansatz unterscheidet finanzielles und sachliches Kapital.
C,Capital asset pricing model,Capital Asset Pricing Model (CAPM),"Ein Modell, das die erwartete Rendite mit dem systematischen Risiko verknüpft.",Das Capital Asset Pricing Model schätzt die Eigenkapitalkosten.
C,Capital contribution,Kapitaleinlage / Einlage der Gesellschafter,Von den Eigentümern gegen Einräumung von Eigenkapitalanteilen erbrachte Mittel.,Das Mutterunternehmen leistete an sein Tochterunternehmen eine Kapitaleinlage.
C,Capital expenditure,Investitionsausgaben / Investitionsaufwand,"Ausgaben für die Anschaffung oder Verbesserung langlebiger Vermögenswerte, die aktiviert und nicht als Aufwand erfasst werden.",Die Investitionsausgaben für das neue Werk wurden als Sachanlagen erfasst.
C,Capital gain,Kapitalgewinn / Veräußerungsgewinn,Gewinn aus dem Verkauf eines Vermögenswerts über dessen Anschaffungskosten.,Das Unternehmen wies einen Kapitalgewinn aus dem Grundstücksverkauf aus.
C,Capital maintenance,Kapitalerhaltung,"Das Konzept, dass ein Gewinn erst nach Erhaltung des Kapitals erwirtschaftet ist.",Kapitalerhaltung kann in finanzieller oder sachlicher Hinsicht gemessen werden.
C,Capital maintenance adjustment,Kapitalerhaltungsanpassung,Eine Anpassung zur Erhaltung des Kapitals in der Inflationsbilanzierung.,Eine Kapitalerhaltungsanpassung wurde im Eigenkapital erfasst.
C,Capitalisation,Aktivierung / Kapitalisierung,Die Erfassung einer Kostenposition als Vermögenswert.,Die Aktivierung von Fremdkapitalkosten gilt für qualifizierte Vermögenswerte.
C,Capitalisation of interest,Zinsaktivierung / Aktivierung von Zinsen,Die Hinzurechnung der direkt der Anschaffung oder Herstellung eines qualifizierten Vermögenswerts zurechenbaren Fremdkapitalkosten zu dessen Kosten.,Die Aktivierung der Zinsen für das Darlehen zum Bau des Werks begann mit dem Baubeginn.
C,Capped interest rate,Gedeckelter Zinssatz / Zinsobergrenze,Ein Zinssatz mit einer Obergrenze.,Der gedeckelte Zinssatz schützt den Kreditnehmer.
C,Capping mechanism,Deckelungsmechanismus / Obergrenzenmechanismus,"Eine Ausgestaltung, die begrenzt, wie hoch ein Satz oder eine Zahlung steigen kann.",Der Deckelungsmechanismus begrenzt den Zinssatz des Darlehens.
C,Carried at cost,Mit Anschaffungskosten bilanziert,Die Bewertung eines Vermögenswerts oder einer Schuld zu den ursprünglichen Kosten abzüglich Anpassungen.,Anteile an Tochterunternehmen werden in den Einzelabschlüssen zu Anschaffungskosten bilanziert.
C,Carry forward,Vortrag / Verlustvortrag,"Die Übertragung eines Betrags, etwa eines Verlusts oder Saldos, in eine künftige Periode.",Der nicht genutzte steuerliche Verlust kann zur Verrechnung mit künftigen steuerpflichtigen Gewinnen vorgetragen werden.
C,Carrying amount,Buchwert,Der in der Bilanz angesetzte Betrag.,Der Buchwert des Gebäudes wurde neu bewertet.
C,Cash,Zahlungsmittel / Kasse,Bargeldbestand und Sichteinlagen eines Unternehmens.,"Zahlungsmittel umfassen Banknoten, Münzen und Bankguthaben."
C,Cash alternative,Baralternative,"Die Option, eine Zuteilung statt in Aktien in Geld zu erfüllen.",Den Arbeitnehmern wurde eine Baralternative zur Aktienzuteilung angeboten.
C,Cash basis,Cash-Basis / Einzahlungsbasis,"Die Erfassung von Geschäftsvorfällen, wenn Zahlungsmittel fließen.",Auf Cash-Basis werden Umsatzerlöse erst mit Zahlungseingang erfasst.
C,Cash equivalents,Zahlungsmitteläquivalente,"Kurzfristige, äußerst liquide Geldanlagen, die ohne erhebliches Risiko einer Wertänderung in bekannte Zahlungsmittelbeträge umgewandelt werden können.",Zahlungsmitteläquivalente umfassen Schatzwechsel mit einer Restlaufzeit von drei Monaten oder weniger.
C,Cash flow,Cashflow / Zahlungsmittelfluss,Ein Zufluss oder Abfluss von Zahlungsmitteln bei einem Unternehmen.,Die Cashflow-Prognose deckt die nächsten zwölf Monate ab.
C,Cash flow hedge,Cashflow-Absicherung / Absicherung eines Cashflow-Risikos,Eine Absicherung des Risikos von Schwankungen der künftigen Cashflows.,Das Termingeschäft wurde als Absicherung eines Cashflow-Risikos bezeichnet.
C,Cash flow projections,Cashflow-Prognosen,"Geschätzte künftige Zahlungsmittelzu- und -abflüsse, die für Bewertungszwecke verwendet werden.",Der Wertminderungstest verwendete fünfjährige Cashflow-Prognosen.
C,Cash flow risk,Cashflow-Risiko,"Das Risiko, dass die Höhe der mit einem Finanzinstrument verbundenen künftigen Cashflows schwankt.",Ein Darlehen mit variablem Zinssatz setzt das Unternehmen einem Cashflow-Risiko aus.
C,Cash flow statement = Statement of cash flows,Kapitalflussrechnung,"Eine Rechnung, die die Zu- und Abflüsse von Zahlungsmitteln einer Periode berichtet.",Die Kapitalflussrechnung weist starke Zuflüsse aus der Geschäftstätigkeit aus.
C,Cash Flow Statements,Kapitalflussrechnungen,"Eine Rechnung, die die Zahlungsmittelzu- und -abflüsse während einer Periode darstellt.","Die Kapitalflussrechnung gliedert die Zahlungsströme nach Geschäfts-, Investitions- und Finanzierungstätigkeit."
C,Cash flows,Cashflows / Zahlungsströme,Zu- und Abflüsse von Zahlungsmitteln und Zahlungsmitteläquivalenten.,Die Kapitalflussrechnung berichtet über die Cashflows aus der Geschäftstätigkeit.
C,Cash generating unit,Zahlungsmittel generierende Einheit / Cash Generating Unit,"Die kleinste Gruppe von Vermögenswerten, die Zahlungsmittelzuflüsse erzeugt.",Die Wertminderung wird auf der Ebene der zahlungsmittelgenerierenden Einheit getestet.
C,Cash inflow,Zahlungsmittelzufluss,"Eine Erhöhung der Zahlungsmittel und Zahlungsmitteläquivalente aus der Geschäfts-, Investitions- oder Finanzierungstätigkeit.",Der größte Zahlungsmittelzufluss des Jahres resultierte aus dem Verkauf eines Tochterunternehmens.
C,Cash instrument hedging,Absicherung mit Kassainstrumenten,Die Absicherung unter Einsatz von Kassainstrumenten.,Die Absicherung mit Kassainstrumenten verringert das Währungsrisiko.
C,Cash on hand,Kassenbestand,Das vom Unternehmen tatsächlich gehaltene Bargeld in Banknoten und Münzen.,Der Kassenbestand wird am Ende jedes Tages gezählt.
C,Cash outflow,Zahlungsmittelabfluss,"Eine Zahlung, die den Zahlungsmittelbestand eines Unternehmens verringert.",Die Anschaffung der Ausstattung führte zu einem erheblichen Zahlungsmittelabfluss.
C,Cash payments,Zahlungsmittelauszahlungen / Barausgaben,Die von einem Unternehmen während der Periode berichteten Abflüsse von Zahlungsmitteln und Zahlungsmitteläquivalenten.,Zahlungen an Lieferanten werden als Cashflows aus der Geschäftstätigkeit klassifiziert.
C,Cash price equivalent,Barpreisäquivalent,"Der Betrag, der bei sofortiger Zahlung zu entrichten wäre.",Der Vermögenswert wurde mit seinem Barpreisäquivalent erfasst.
C,Cash proceeds,Barerlöse / Verkaufserlöse,Aus einem Geschäftsvorfall oder einer Veräußerung vereinnahmte Zahlungsmittel.,Die aus dem Verkauf vereinnahmten Zahlungsmittel wurden sofort erfasst.
C,Cash surrender value,Rückkaufswert,"Der Betrag, der bei vorzeitiger Beendigung einer Versicherungspolice ausgezahlt wird.",Der Rückkaufswert der Police wurde als Vermögenswert angesetzt.
C,Cash-settled share option,Bar abgerechnete Aktienoption,"Eine auf Aktien basierende Vergütung, die in Geld erfüllt wird.",Eine bar abgerechnete Aktienoption begründet eine Verbindlichkeit.
C,Cash-settled share-based payment transaction,"Bar abgerechnetes, auf Aktien basierendes Vergütungsgeschäft","Ein auf Aktien basierendes Vergütungsgeschäft, bei dem das Unternehmen die Verpflichtung auf Grundlage des Werts von Eigenkapitalinstrumenten in Geld erfüllt.",Die Verpflichtung aus dem bar abgerechneten Vergütungsgeschäft wird zu jedem Berichtsstichtag bewertet.
C,Catastrophe bond,Katastrophenanleihe (Cat Bond),"Eine Anleihe, die das Katastrophenrisiko auf Investoren überträgt.",Die Katastrophenanleihe übertrug das Risiko auf die Investoren.
C,Catastrophe provisions,Katastrophenrückstellungen,Rückstellungen für Verluste aus gravierenden Katastrophenereignissen.,Der Versicherer erhöhte nach dem Sturm seine Katastrophenrückstellungen.
C,Cedant,Zedent,"Die Partei, die ein Risiko oder einen Vermögenswert auf eine andere Partei überträgt.",Der Zedent übertrug einen Teil des Risikos auf den Rückversicherer.
C,Certificates of deposit,Einlagezertifikate (Certificates of Deposit),"Begebene Bankinstrumente, die eine Termineinlage verbriefen und vor Fälligkeit handelbar sind.",Die Treasury-Abteilung investierte überschüssige Zahlungsmittel in Einlagezertifikate mit dreimonatiger Laufzeit.
C,Cessation (of capitalisation),Beendigung (der Aktivierung),"Der Zeitpunkt, zu dem die Hinzurechnung von Kosten zum Wert eines Vermögenswerts eingestellt wird.","Die Beendigung der Aktivierung trat ein, als der Vermögenswert fertiggestellt war."
C,Change in accounting estimate,Änderung einer Rechnungslegungsschätzung,"Eine Anpassung einer früher erfassten Schätzung, die prospektiv anzuwenden ist.",Eine Änderung einer Rechnungslegungsschätzung wird prospektiv angewendet.
C,"Changes in Existing Decommissioning, Restoration and Similar Liabilities","Änderungen bestehender Rückbau-, Sanierungs- und ähnlicher Verpflichtungen",Änderungen von Rückstellungen für Rückbau und Sanierung.,Änderungen bestehender Rückbauverpflichtungen werden den Kosten des Vermögenswerts hinzugerechnet.
C,Chief executive officer,Chief Executive Officer (CEO) / Vorstandsvorsitzender,Der ranghöchste leitende Angestellte eines Unternehmens.,Der Chief Executive Officer gehört zu den Schlüsselführungskräften.
C,Chief operating decision maker,Chief Operating Decision Maker (CODM) / geschäftsführender Hauptentscheidungsträger,"Die Person oder Gruppe, die für die Zuteilung der Ressourcen und die Beurteilung der Leistung operativer Segmente verantwortlich ist.","Operative Segmente werden auf der Grundlage der Berichte ermittelt, die der Chief Operating Decision Maker prüft."
C,Claim,Anspruch / Forderung,Eine Zahlungsaufforderung oder ein Recht.,Der Anspruch wurde als Rückstellung erfasst.
C,Claims development,Schadenentwicklung,"Das zeitliche Muster, in dem Versicherungsschäden gemeldet und reguliert werden.",Tabellen zur Schadenentwicklung weisen die eingetretenen Schäden nach Jahren aus.
C,Class A preference share,Vorzugsaktie der Klasse A,Eine Aktienklasse mit vorrangigen Rechten gegenüber Stammaktien.,Vorzugsaktien der Klasse A werden bei Dividendenzahlungen vorrangig bedient.
C,Class of assets,Klasse von Vermögenswerten / Vermögensklasse,Eine Gruppierung von Vermögenswerten ähnlicher Art und Verwendung zum Zwecke der Angaben und der Neubewertung.,"Neubewertungen müssen auf eine gesamte Klasse von Vermögenswerten angewendet werden, um eine selektive Bewertung zu vermeiden."
C,Class of financial assets,Klasse finanzieller Vermögenswerte,Eine Gruppe finanzieller Vermögenswerte mit ähnlichen Merkmalen.,Die Angabe ist nach Klassen finanzieller Vermögenswerte erforderlich.
C,Class of financial instruments,Klasse von Finanzinstrumenten,Eine Gruppierung von Finanzinstrumenten mit ähnlichen Merkmalen.,Die Angaben werden je Klasse von Finanzinstrumenten gemacht.
C,"Class of property, plant and equipment",Klasse von Sachanlagen,Eine Gruppierung von Sachanlagen ähnlicher Art und Verwendung.,Die Neubewertung wird auf eine gesamte Klasse von Sachanlagen angewendet.
C,Classification,Klassifizierung / Einordnung,Die Zuordnung von Posten zu Kategorien.,Die Klassifizierung finanzieller Vermögenswerte hängt vom Geschäftsmodell ab.
C,Classification of Financial Instruments – Contingent Settlement Provisions,Klassifizierung von Finanzinstrumenten – Bedingte Erfüllungsvereinbarungen,"Leitlinien dazu, wie bedingte Erfüllungsvereinbarungen die Klassifizierung eines Finanzinstruments als Schuld oder Eigenkapital beeinflussen.","Die Auslegung behandelt die Klassifizierung von Finanzinstrumenten, bei denen bedingte Erfüllungsvereinbarungen bestehen."
C,Classification of inventory,Klassifizierung der Vorräte,Die Zuordnung der Vorratsposten zu Kategorien.,Die Klassifizierung der Vorräte unterscheidet Rohstoffe und fertige Erzeugnisse.
C,Classification of rights ıssues,Klassifizierung von Bezugsrechtsausgaben,"Die Bestimmung, ob eine Bezugsrechtsausgabe eine Schuld oder Eigenkapital ist.",Die Klassifizierung von Bezugsrechtsausgaben hängt von der Währung ab.
C,Clean-up call,Bereinigungskaufoption (Clean-up Call),"Eine Option zur Rückzahlung eines Restbetrags, sobald dieser unbedeutend wird.",Der Emittent übte die Bereinigungskaufoption für die verbleibenden Schuldverschreibungen aus.
C,Close members of the family of the individual,Nahe Familienangehörige einer Person,"Familienangehörige, von denen erwartet werden kann, dass sie die Person in deren Geschäftsbeziehungen zum Unternehmen beeinflussen oder von ihr beeinflusst werden.",Verkäufe an nahe Familienangehörige der Person wurden als Geschäftsvorfälle mit nahestehenden Personen offengelegt.
C,Closely related,Eng verwandt / eng verbunden,Mit einer engen wirtschaftlichen Verbindung zu einem Geschäft oder einer Partei.,Die beiden Verträge sind eng verwandt und werden zusammen behandelt.
C,Closing market prices,Schlusskurse / Börsenschlusskurse,Notierte Kurse zum Handelsschluss an einem Markt.,Die Aktien wurden unter Verwendung der Börsenschlusskurse bewertet.
C,Closing rate,Stichtagskurs / Schlusskurs,Der Kassakurs zum Berichtsstichtag.,Monetäre Posten werden zum Stichtagskurs umgerechnet.
C,Co-operative,Genossenschaft,"Ein Unternehmen, das seinen Mitgliedern gehört und von diesen kontrolliert wird.",Eine Genossenschaft wird von ihren Mitgliedern und nicht von Investoren kontrolliert.
C,Collar,Zinscollar / Zinsband (Collar),"Die Kombination aus einer Obergrenze (Cap) und einer Untergrenze (Floor), die den Schwankungsbereich eines Zinssatzes oder Preises begrenzt.","Das Unternehmen schloss einen Zinscollar ab, um sein Risiko aus Änderungen der Marktzinsen zu begrenzen."
C,Collateral,Sicherheiten / Kreditsicherheit,Zur Sicherung eines Darlehens verpfändete Vermögenswerte.,Die Sicherheit besichert das Bankdarlehen.
C,"Collateralised (asset, borrowing)",Besichert / durch Sicherheiten gedeckt,"Durch Vermögenswerte gedeckt, die als Sicherheit für eine Verpflichtung verpfändet sind.",Die besicherte Darlehensaufnahme ist durch Forderungen besichert.
C,Collectability,Einbringlichkeit / Eintreibbarkeit,"Die Wahrscheinlichkeit, dass fällige Beträge tatsächlich eingezogen werden.","Umsatzerlöse werden erst angesetzt, wenn die Einbringlichkeit hinreichend gesichert ist."
C,Collection,Einzug / Inkasso,Der Zahlungseingang von Kunden zur Begleichung von Forderungen.,Der Einzug überfälliger Handelsforderungen verbesserte die Liquiditätsposition des Unternehmens.
C,Collection date,Einzugstermin / Zahlungseingang einer Forderung,"Das Datum, an dem eine Forderung voraussichtlich eingezogen wird.",Der Einzugstermin wurde auf März verschoben.
C,Collective marks,Kollektivmarken / Gemeinschaftsmarken,"Marken, die die Waren der Mitglieder eines Verbandes kennzeichnen.","Kollektivmarken gehören dem Verband, nicht einem einzelnen Mitglied."
C,Collective power,Kollektive Beherrschungsmacht / gemeinschaftliche Herrschaft,"Eine Macht, die von mehr als einer Partei gemeinsam ausgeübt wird.",Die beiden Investoren haben kollektive Beherrschungsmacht über das Unternehmen.
C,Combined instrument,Kombiniertes (hybrides) Finanzinstrument,Ein Instrument mit sowohl Fremdkapital- als auch Eigenkapitalkomponenten.,Eine Wandelanleihe ist ein kombiniertes Finanzinstrument.
C,Commencement,Beginn / Wirksamwerden,"Das Datum, an dem ein Leasingvertrag oder eine sonstige Vereinbarung wirksam wird und die damit verbundenen Rechte und Pflichten entstehen.",Zum Beginn des Leasingverhältnisses setzt der Leasingnehmer einen Nutzungsrechtsvermögenswert an.
C,Commencement of the lease term,Beginn des Leasingzeitraums / der Leasinglaufzeit,"Das Datum, ab dem der Leasingnehmer das geleaste Wirtschaftsgut nutzen darf.",Die Leasingverbindlichkeit wird zum Beginn des Leasingzeitraums bewertet.
C,Commercial loans,Kommerzielle Kredite / Unternehmenskredite,"Kredite, die an Unternehmen statt an Privatpersonen vergeben werden.","Kommerzielle Kredite weisen Konditionen auf, die auf die Bedürfnisse von Unternehmen zugeschnitten sind."
C,Commercial paper facilities,Commercial-Paper-Fazilitäten / Fazilitäten für die Emission von Commercial Papers,"Vereinbarungen, die die Ausgabe kurzfristiger, unbesicherter Schuldtitel ermöglichen.",Das Unternehmen nahm für sein Working Capital seine Commercial-Paper-Fazilitäten in Anspruch.
C,Commercial substance,Geschäftlicher Gehalt / wirtschaftlicher Gehalt,"Die Anforderung, dass eine Transaktion die künftigen Zahlungsströme des Unternehmens verändert, um ansetzungsfähig zu sein.","Der Austausch von Vermögenswerten wies keinen geschäftlichen Gehalt auf, da sich die Zahlungsströme nicht änderten."
C,Commercially viable quantities of mineral resources,Kommerziell abbaubare Mengen an mineralischen Rohstoffen,"Minerallagerstätten, die auf kommerzieller Basis gewinnbringend abgebaut werden können.","Die Exploration wurde eingestellt, sobald kommerziell abbaubare Mengen bestätigt waren."
C,Commission,Provision / Kommission,"Ein Entgelt, das an einen Vermittler für die Vermittlung eines Geschäftsvorfalls gezahlt wird.",Der Makler verdiente an dem Verkauf eine Provision.
C,Commitment,Zusage / Verpflichtung,"Eine bindende Vereinbarung, eine künftige Handlung vorzunehmen.",Das Unternehmen offenlegte eine feste Zusage für eine Investitionsanschaffung.
C,Commitment date,Zusagedatum / Datum der Zusage,"Das Datum, an dem eine Zusage abgegeben wird.",Das Zusagedatum beeinflusst die Bewertung der Vereinbarung.
C,Commitment fee,Bereitstellungsprovision / Commitment-Gebühr,"Ein Entgelt, das ein Kreditgeber für die Zusage erhebt, Mittel im Rahmen einer Kreditfazilität bereitzustellen.",Die Bereitstellungsprovision wird über die Laufzeit der Kreditfazilität abgeschrieben.
C,Commodity,Rohstoff / Handelsgut (Commodity),Ein am Markt gehandeltes Grundgut.,Der Rohstoff wird zum beizulegenden Zeitwert bewertet.
C,Comparability,Vergleichbarkeit,"Die Qualität, die es den Nutzern ermöglicht, Ähnlichkeiten und Unterschiede zu erkennen.",Vergleichbarkeit erfordert einheitliche Rechnungslegungsmethoden.
C,Comparability over time,Vergleichbarkeit im Zeitverlauf,"Die Qualität, die es den Nutzern ermöglicht, die Abschlüsse eines Unternehmens über mehrere Perioden hinweg zu vergleichen.",Einheitliche Methoden verbessern die Vergleichbarkeit im Zeitverlauf.
C,Comparable interim period,Vergleichbare Interimsperiode,"Die entsprechende Zwischenperiode des Vorjahres, die in den Zwischenabschlüssen zum Vergleich dargestellt wird.",Die Halbjahresergebnisse wurden zusammen mit der vergleichbaren Interimsperiode des Vorjahres dargestellt.
C,Comparative balance sheet,Vergleichende Bilanz,"Eine Bilanz, die zusammen mit den Zahlen der Vorperiode dargestellt wird.",Die vergleichende Bilanz umfasst das Vorjahr.
C,Comparative information,Vergleichsinformationen / Vergleichszahlen,"Vorperiodenbeträge, die neben den Zahlen der laufenden Periode dargestellt werden.",Die Vergleichsinformationen wurden zur Wahrung der Konsistenz angepasst.
C,Comparative statement of financial position,Vergleichende Übersicht über die Vermögens- und Finanzlage,"Eine Bilanz, die zum Vergleich zusammen mit der Vorperiode dargestellt wird.",Für das Vorjahr wird eine vergleichende Übersicht über die Vermögens- und Finanzlage aufgestellt.
C,Compensated absences,Vergütete Freistellungen (bezahlte Freizeit),Bezahlte Freistellungen wie Erholungsurlaub oder Krankheitstage.,"Vergütete Freistellungen werden angesetzt, wenn die Arbeitnehmer ihre Arbeitsleistung erbringen."
C,Compensation,Entschädigung / Vergütung,"Beträge, die an Arbeitnehmer oder Dritte zu zahlen sind oder als Ausgleich für einen Verlust oder Schaden erhalten werden.",Das Unternehmen erhielt von seinem Versicherer eine Entschädigung für den Brandschaden im Lager.
C,Competitive harm exemption,Wettbewerbsvorbehalt / Ausnahme bei Wettbewerbsbeeinträchtigung,"Eine Ausnahme von der Offenlegung von Informationen, die die Wettbewerbsfähigkeit beeinträchtigen würden.",Das Unternehmen wandte den Wettbewerbsvorbehalt auf die Segmentdaten an.
C,Complementary assets,Komplementäre Vermögenswerte,"Vermögenswerte, die zusammen einen größeren Nutzen stiften als einzeln.",Software und Hardware sind komplementäre Vermögenswerte.
C,Complete set of financial statements,Vollständiger Satz von Finanzberichten,"Die vollständigen, geforderten Abschlüsse, einschließlich Bilanz, Gewinn- und Verlustrechnung und Anhang.",Das Unternehmen legte einen vollständigen Satz von Finanzberichten vor.
C,Completeness,Vollständigkeit,"Die Eigenschaft, dass Finanzinformationen alle für das Verständnis der Nutzer erforderlichen Geschäftsvorfälle und Ereignisse enthalten.",Der Prüfer beurteilte die Vollständigkeit der erfassten Verbindlichkeiten.
C,Compliance with International Accounting Standards,Einhaltung der International Accounting Standards (IAS),Die Ausrichtung der Finanzberichte an den internationalen Rechnungslegungsstandards.,Der Anhang bestätigt die Einhaltung der International Accounting Standards.
C,Component,Bestandteil / Komponente,"Ein Teil eines Gegenstands, der gesondert abgebildet wird.",Ein wesentlicher Bestandteil des Vermögenswerts wurde ersetzt.
C,Component of an entity,Unternehmensteil / Geschäftsbereich,"Betriebstätigkeiten, deren Aktivitäten sich operativ unterscheiden lassen.",Ein nicht fortgeführter Unternehmensteil wurde gesondert berichtet.
C,Components of equity,Eigenkapitalkomponenten / Bestandteile des Eigenkapitals,"Die einzelnen Teile, aus denen sich das Eigenkapital zusammensetzt.",Gezeichnetes Kapital und Rücklagen sind Bestandteile des Eigenkapitals.
C,Compound financial instrument,Hybrides (gemischtes) Finanzinstrument,"Ein Finanzinstrument, das kein Derivat ist und sowohl eine Fremdkapital- als auch eine Eigenkapitalkomponente enthält, wie eine Wandelanleihe.","Die Wandelanleihe ist ein hybrides Finanzinstrument, das in eine Fremdkapital- und eine Eigenkapitalkomponente aufgespalten wird."
C,Compound financial instruments,Hybride Finanzinstrumente,Instrumente mit sowohl Eigenkapital- als auch Fremdkapitalkomponenten.,Hybride Finanzinstrumente werden in ihre Komponenten aufgespalten.
C,Compound instrument,Hybrides Instrument,"Ein Finanzinstrument, das sowohl Fremdkapital- als auch Eigenkapitalkomponenten enthält.",Eine Wandelanleihe ist ein hybrides Instrument.
C,Concentration of (credit etc) risk,Konzentration von Risiken (Kreditrisiko usw.),Eine Exposition gegenüber einem einzelnen Kontrahenten oder gegenüber zusammengefassten gleichartigen Risiken.,Das Unternehmen legte die Konzentration seines Kreditrisikos nach Kunden offen.
C,Confidence level,Konfidenzniveau / Vertrauensniveau,"Die Wahrscheinlichkeit, dass das tatsächliche Ergebnis bei versicherungsmathematischen oder risikobezogenen Bewertungen innerhalb eines angegebenen Bereichs liegt.",Der Aktuar verwendete bei der Schätzung der Rückstellung ein Konfidenzniveau von 95 %.
C,Configuration of the cash flows,Ausgestaltung der Zahlungsströme,"Der Charakter der Zahlungsströme, die an einen übertragenen Vermögenswert gebunden sind.",Die Ausgestaltung der Zahlungsströme beeinflusste die bilanzielle Behandlung.
C,Consensus,Konsens,Die allgemeine Übereinstimmung der Beteiligten in einer bestimmten Frage.,Der Ausschuss erzielte einen Konsens über die Interpretation.
C,Consequential amendment,Folgeänderung,"Eine Änderung, die sich als Ergebnis einer anderen Änderung ergibt.",In dem betreffenden Standard wurde eine Folgeänderung vorgenommen.
C,Consideration,Gegenleistung / Vergütung,Was im Austausch gegen etwas gegeben wird.,Die übertragene Gegenleistung wurde zum beizulegenden Zeitwert bewertet.
C,Consistency – Alternative Methods,Stetigkeit – Alternative Methoden,"Das Rechnungslegungsprinzip, das vom Unternehmen verlangt, eine Methode von Periode zu Periode einheitlich anzuwenden, auch bei der Verwendung alternativer Methoden.","Die Stetigkeit verlangt, dass eine einmal gewählte alternative Methode in den Folgeperioden einheitlich angewendet wird."
C,Consistency – Capitalisation of Borrowing Costs,Stetigkeit – Aktivierung von Fremdkapitalkosten,Die einheitliche Anwendung derselben Rechnungslegungsmethode.,Bei der Aktivierung von Fremdkapitalkosten wird Stetigkeit erwartet.
C,Consistency – Different Cost Formulas for Inventories,Stetigkeit – Unterschiedliche Kostenformeln für Vorräte,Erfordernis der einheitlichen Verwendung von Vorratskostenformeln über die Perioden hinweg.,Die Regelung behandelt die Stetigkeit bei unterschiedlichen Kostenformeln für Vorräte.
C,Consolidated and Separate Financial Statements,Konzern- und Einzelabschluss,"Standards, die die Darstellung des Konzernabschlusses und des Einzelabschlusses regeln.",Konzern- und Einzelabschluss unterliegen unterschiedlichen Bewertungsregeln.
C,Consolidated balance sheet,Konzernbilanz,"Eine Übersicht, die die Vermögenswerte, Schulden und das Eigenkapital eines Mutterunternehmens und seiner Tochterunternehmen als ein einziges Unternehmen darstellt.",Die Konzernbilanz fasst das Mutterunternehmen und alle seine Tochterunternehmen zusammen.
C,Consolidated financial statements,Konzernabschluss / konsolidierte Finanzberichte,"Konzernberichte, die Mutterunternehmen und Tochterunternehmen als ein einziges Unternehmen zusammenfassen.",Der Konzern erstellt jährlich einen Konzernabschluss.
C,Consolidated Financial Statements and Accounting for Investments in Subsidiaries,Konsolidierte Finanzberichte und Bilanzierung von Beteiligungen an Tochterunternehmen,"Standards, die die Konzernfinanzberichte und Beteiligungen an Tochterunternehmen regeln.",Der Konzernabschluss stellt den Konzern als ein einziges Unternehmen dar.
C,Consolidated group,Konsolidierter Konzern / Konsolidierungskreis,"Ein Mutterunternehmen mit seinen Tochterunternehmen, dargestellt als ein einziges Unternehmen.",Der konsolidierte Konzern umfasst alle beherrschten Tochterunternehmen.
C,Consolidated statement of financial position,Konsolidierte Übersicht über die Vermögens- und Finanzlage (Konzernbilanz),"Eine Konzernbilanz, die Mutterunternehmen und Tochterunternehmen zusammenfasst.",Die konsolidierte Übersicht über die Vermögens- und Finanzlage eliminiert konzerninterne Salden.
C,Consolidation,Konsolidierung,"Der Prozess, bei dem die Abschlüsse eines Mutterunternehmens und seiner Tochterunternehmen zu einem einzigen Abschluss zusammengefasst werden.",Für alle vom Mutterunternehmen beherrschten Tochterunternehmen ist eine Konsolidierung erforderlich.
C,Consolidation adjustments,Konsolidierungsberichtigungen,"Berichtigungen, die bei der Konsolidierung der Abschlüsse vorgenommen werden.",Konsolidierungsberichtigungen eliminieren konzerninterne Gewinne (Zwischenerfolge).
C,Consolidation and Equity Method – Potential Voting Rights and Allocation of Ownership Interests,Konsolidierung und Equity-Methode – Potenzielle Stimmrechte und Verteilung der Eigentumsanteile,Leitlinien zu potenziellen Stimmrechten und zur Zuordnung von Eigentumsanteilen.,Potenzielle Stimmrechte beeinflussen die Konsolidierung und die Equity-Methode.
C,Consolidation purposes,Konsolidierungszwecke,"Die Ziele, die mit der Zusammenfassung eines Mutterunternehmens und seiner Tochterunternehmen verfolgt werden.",Für Konsolidierungszwecke werden einheitliche Rechnungslegungsmethoden angewendet.
C,Consolidation—special purpose entities,Konsolidierung – Zweckgesellschaften (Special Purpose Entities),"Leitlinien dazu, wann ein Unternehmen eine von ihm beherrschte Zweckgesellschaft konsolidieren muss.",Nach den Regeln zur Konsolidierung von Zweckgesellschaften wurde der Fonds in den Konzernabschluss einbezogen.
C,Construction contract,Bauvertrag / Bauleistungsvertrag,Ein Vertrag über die Errichtung von Vermögenswerten über einen vereinbarten Zeitraum.,Die Umsatzerlöse aus dem Bauvertrag werden im Zeitverlauf angesetzt.
C,Construction Contracts,Bauverträge (Bauleistungsverträge),"Verträge, die speziell für die Errichtung eines Vermögenswerts ausgehandelt werden.",Umsatzerlöse aus Bauverträgen werden nach dem Fertigstellungsgrad angesetzt.
C,Construction or upgrade services,Bau- oder Ausbauleistungen,"Leistungen, die Infrastrukturvermögenswerte errichten oder verbessern.",Umsatzerlöse aus Bau- oder Ausbauleistungen werden im Zeitverlauf angesetzt.
C,Constructive obligation,Faktische (schlüssige) Verpflichtung,"Eine Verpflichtung, die aus einer etablierten Praxis oder einer erklärten Politik entsteht.",Eine faktische Verpflichtung kann aus einer veröffentlichten Politik entstehen.
C,Consumer price index,Verbraucherpreisindex (VPI),"Ein Maß für die durchschnittliche Veränderung der Preise, die Verbraucher für einen Warenkorb aus Gütern und Dienstleistungen zahlen, im Zeitablauf.","Die Wirtschaft wurde als hochinflationär eingestuft, weil der kumulierte Verbraucherpreisindex über drei Jahre 100 Prozent überstieg."
C,Contingency,Bedingter (ungewisser) Sachverhalt,"Eine Gegebenheit, deren Ausgang ungewiss ist.","Der bedingte Sachverhalt wurde offengelegt, aber nicht angesetzt."
C,Contingent asset,Eventualvermögenswert / bedingter Vermögenswert,"Ein möglicher Vermögenswert, der aus vergangenen Ereignissen entsteht und erst durch künftige Ereignisse bestätigt wird.","Der Eventualvermögenswert wird offengelegt, aber nicht angesetzt."
C,Contingent consideration,Bedingte Gegenleistung (Earn-out),"Eine zusätzliche Gegenleistung, deren Zahlung von künftigen Ereignissen oder Ergebnissen abhängt.",Die bedingte Gegenleistung wird zum Erwerbszeitpunkt zum beizulegenden Zeitwert bewertet.
C,Contingent consideration arrangement,Bedingte Gegenleistungsvereinbarung (Earn-out-Vereinbarung),"Eine Vereinbarung, bei der in einem Unternehmenszusammenschluss eine zusätzliche Gegenleistung zu zahlen ist, wenn bestimmte künftige Ereignisse eintreten.","Die bedingte Gegenleistungsvereinbarung verpflichtete den Erwerber zu einer höheren Zahlung, wenn die Gewinnziele erreicht wurden."
C,Contingent liability,Eventualverbindlichkeit / bedingte Verpflichtung,"Eine mögliche Verpflichtung, die von ungewissen künftigen Ereignissen abhängt.","Eine Eventualverbindlichkeit wurde offengelegt, aber nicht angesetzt."
C,Contingent rent,Bedingte (variable) Miete,"Mietzahlungen, die je nach künftigen Gegebenheiten variieren.",Die bedingte Miete hängt vom Umsatzvolumen des Mieters ab.
C,Contingent settlement provision,Bestimmung über die bedingte Ausgleichszahlung (Klausel zur bedingten Erfüllung),"Eine Bestimmung, deren Erfüllung von künftigen Ereignissen abhängt.",Für die Garantie wurde eine Bestimmung über die bedingte Ausgleichszahlung angesetzt.
C,Contingent share agreement,Vereinbarung über die bedingte Ausgabe von Aktien,"Eine Vereinbarung, deren Aktienausgabe von bestimmten Bedingungen abhängig ist.",Die Vereinbarung über die bedingte Aktienausgabe hängt von künftigen Gewinnen ab.
C,Contingently issuable ordinary shares,Bedingt auszugebende gewöhnliche Aktien (Stammaktien),"Gewöhnliche Aktien, die das Unternehmen bei Eintritt bestimmter Bedingungen ausgeben muss; sie werden in die Berechnung des verwässerten Gewinns je Aktie einbezogen.",Bedingt auszugebende Stammaktien werden bei Erfüllung der Bedingungen in die Berechnung des verwässerten Gewinns je Aktie einbezogen.
C,Contingently issuable shares,Bedingt auszugebende Aktien,"Aktien, die nur ausgegeben werden, wenn bestimmte Bedingungen erfüllt sind.",Bedingt auszugebende Aktien werden bei Erfüllung der Bedingungen in den verwässerten Gewinn je Aktie einbezogen.
C,Continuing involvement,Fortgesetzte Beteiligung / weiterbestehendes Engagement,Die fortlaufende Exposition des Übertragenden gegenüber den von ihm behaltenen übertragenen Vermögenswerten.,Der Übertragende behielt seine fortgesetzte Beteiligung an den Forderungen.
C,Continuing involvement approach,Methode der fortgesetzten Beteiligung,Eine Methode zur Bewertung der nach Übertragung eines Finanzvermögenswerts behaltenen Beteiligungen.,Auf die übertragenen Forderungen wurde die Methode der fortgesetzten Beteiligung angewendet.
C,Continuing operations,Fortgeführte Geschäftstätigkeiten,"Die Geschäftstätigkeiten eines Unternehmens, die nicht eingestellt wurden und in der Gewinn- und Verlustrechnung gesondert dargestellt werden.",Der Gewinn aus fortgeführten Geschäftstätigkeiten stieg trotz der Veräußerung der Handelssparte.
C,Contract,Vertrag,"Eine Vereinbarung, die zwischen den Parteien durchsetzbare Rechte und Pflichten begründet.",Der Vertrag wurde im Juni von beiden Parteien unterzeichnet.
C,Contract-based intangible assets,Vertragsbasierte immaterielle Vermögenswerte,"Immaterielle Vermögenswerte, die aus vertraglichen oder gesetzlichen Rechten entstehen.",Lizenzen sind vertragsbasierte immaterielle Vermögenswerte.
C,Contracts that may be settled in (ordinary) shares or cash,"Verträge, deren Erfüllung in (gewöhnlichen) Aktien oder bar erfolgen kann","Verträge, die dem Unternehmen oder dem Inhaber die Wahl zwischen Aktien oder bar lassen.",In Aktien oder bar erfüllbare Verträge werden als hybride Instrumente behandelt.
C,Contractual arrangement,Vertragliche Vereinbarung,"Eine Vereinbarung, die durch einen Vertrag geregelt ist.",Die Leistung wird auf Grundlage einer vertraglichen Vereinbarung erbracht.
C,Contractual cash flows,Vertragliche Zahlungsströme,"Die von den Vertragsbedingungen vorgegebenen Zahlungsströme, die herangezogen werden, um zu beurteilen, ob ein Finanzvermögenswert dem Test auf ausschließlich Zahlungen von Kapital und Zinsen (SPPI) entspricht.","Das Geschäftsmodell wird danach beurteilt, wie die vertraglichen Zahlungsströme eingezogen werden."
C,Contractual completion,Vertragliche Fertigstellung (Erfüllung der Vertragspflichten),"Das Datum, an dem die vertraglichen Verpflichtungen erfüllt sind.",Umsatzerlöse können bei vertraglicher Fertigstellung angesetzt werden.
C,Contractual maturity analysis,Vertragliche Fälligkeitsanalyse,"Analyse des Zeitpunkts, zu dem Finanzverbindlichkeiten vertraglich fällig werden.",Die vertragliche Fälligkeitsanalyse weist die Zahlungsströme nach Perioden aus.
C,Contractual obligation,Vertragliche Verpflichtung,Eine kraft Gesetzes durchsetzbare Pflicht aus einem Vertrag.,"Das Unternehmen war vertraglich verpflichtet, die Waren zu liefern."
C,Contractual right to receive the cash flows,Vertragliches Recht auf den Empfang der Zahlungsströme,Ein aus einem Vertrag entstehender Rechtsanspruch auf die Zahlungsströme eines Finanzvermögenswerts.,Das Unternehmen übertrug sein vertragliches Recht auf den Empfang der Zahlungsströme an die Factoringgesellschaft.
C,Contractual rights,Vertragliche Rechte,Durchsetzbare Rechte aus einem Vertrag.,Der Firmenwert umfasst bestimmte vertragliche Rechte.
C,Contractual terms and conditions,Vertragliche Konditionen und Bedingungen,"Die vereinbarten Bestimmungen, die die Rechte und Pflichten eines Vertrags regeln.",Die Klassifizierung des Instruments hängt von seinen vertraglichen Konditionen und Bedingungen ab.
C,Contractual-legal criterion,Vertraglich-rechtliches Kriterium,Kriterium zur Identifizierung eines immateriellen Vermögenswerts anhand gesetzlicher oder vertraglicher Rechte.,Das vertraglich-rechtliche Kriterium unterstützte den Ansatz des immateriellen Vermögenswerts.
C,Contractually linked instruments,Vertraglich verknüpfte Instrumente,"Instrumente, deren Zahlungsströme vertraglich miteinander verknüpft sind.",Vertraglich verknüpfte Instrumente werden als Gruppe beurteilt.
C,Contributed equity,Eingezahltes Kapital,Der von den Aktionären im Austausch gegen Aktien des Unternehmens eingebrachte Kapitalbetrag.,Das eingezahlte Kapital stieg nach der Ausgabe neuer Aktien an die bestehenden Aktionäre.
C,Contribution,Beitrag / Einlage,Eine Zahlung in einen Plan oder durch die Eigentümer.,Der Beitrag zum Pensionsplan wurde jährlich gezahlt.
C,Contributor,Beitragszahler,"Eine Partei, die einem Arrangement Vermögenswerte oder Mittel zur Verfügung stellt.",Jeder Beitragszahler erhält Leistungen im Verhältnis zu seinem Anteil.
C,Control,Beherrschung / Kontrolle,"Die Macht, die Finanz- und Geschäftspolitik eines Unternehmens zu steuern, um Nutzen zu ziehen.",Das Mutterunternehmen hat die Beherrschung über sein Tochterunternehmen.
C,Control (of an asset),Beherrschung (Kontrolle) eines Vermögenswerts,"Die Macht, die wirtschaftlichen Vorteile aus einem Vermögenswert zu ziehen und anderen den Zugang zu diesen Vorteilen zu verwehren.",Der Leasingnehmer erlangte die Kontrolle über den Vermögenswert und setzte einen Nutzungsrechtsvermögenswert an.
C,Control (of an enterprise),Beherrschung eines Unternehmens,"Die Macht, die Finanz- und Geschäftspolitik eines Unternehmens zu steuern.",Die Beherrschung des Unternehmens wurde im Oktober erlangt.
C,Control (of an entity),Beherrschung (eines Unternehmens),"Die Macht, die Finanz- und Geschäftspolitik zu steuern, um Nutzen zu ziehen.",Das Mutterunternehmen erlangte im März die Beherrschung über das Tochterunternehmen.
C,Control number,Kontrollzahl,"Eine Zahl, die den verbleibenden Effekt potenzieller gewöhnlicher Aktien belegt.",Die Kontrollzahl bestätigt die Ausgangslage beim verwässerten Verlust je Aktie.
C,Controlled entity,Beherrschtes Unternehmen,"Ein Unternehmen, das von einem anderen Unternehmen beherrscht wird.",Ein beherrschtes Unternehmen wird von seinem Mutterunternehmen konsolidiert.
C,Convenience translation,Leseübersetzung (Übersetzung zu Lesezwecken),"Die Übersetzung von Finanzberichten in eine andere Währung ausschließlich zu Lesezwecken, ohne eine Neubewertung nach den Standards.",Die Leseübersetzung der Finanzberichte wurde mit dem Periodenschlusskurs erstellt.
C,Convergence,Konvergenz,Die Angleichung nationaler und internationaler Standards.,"Die Konvergenz zielt darauf ab, Rechnungslegungsstandards weltweit zu harmonisieren."
C,Conversion factor,Umrechnungsfaktor / Umtauschverhältnis,"Das Verhältnis, mit dem ein wandelbares Instrument in Aktien umgerechnet wird.",Der Umrechnungsfaktor bestimmt die Anzahl der Aktien je Anleihe.
C,Conversion option,Wandlungsoption / Umtauschoption,"Ein Recht, ein Finanzinstrument in ein anderes umzutauschen.",Die Wandlungsoption ist ein eingebettetes Derivat in der Anleihe.
C,Convertible bonds,Wandelanleihen,"Anleihen, die der Inhaber in eine feste Anzahl von gewöhnlichen Aktien des Emittenten umtauschen kann.",Die Wandelanleihen wurden in eine Fremdkapital- und eine Eigenkapitalkomponente aufgespalten.
C,Convertible debt,Wandelbare Verbindlichkeit / Wandelschuldverschreibung,"Schulden, die in Eigenkapitalanteile des Emittenten umgetauscht werden können.",Die wandelbare Verbindlichkeit wurde in Fremdkapital und Eigenkapital aufgespalten.
C,Convertible instruments,Wandelbare Instrumente,"Finanzinstrumente, die in Eigenkapitalanteile umgewandelt werden können.",Wandelbare Instrumente werden in Fremdkapital- und Eigenkapitalkomponenten aufgespalten.
C,Convertible preference share,Wandelbare Vorzugsaktie,"Eine Vorzugsaktie, die in Stammaktien umgewandelt werden kann.",Wandelbare Vorzugsaktien werden in den verwässerten Gewinn je Aktie einbezogen.
C,Copyright,Urheberrecht,Ein gesetzliches Recht an kreativen Werken.,Das Urheberrecht wurde als immaterieller Vermögenswert angesetzt.
C,Core goodwill,Kernfirmenwert,"Der Teil des Firmenwerts, der die erwarteten Synergien und das Going-Concern-Element des erworbenen Unternehmens darstellt.",Der Kernfirmenwert repräsentiert die erwarteten Synergien aus der Zusammenführung der beiden Unternehmen.
C,Corporate assets,Zentrale (unternehmensweite) Vermögenswerte,"Vermögenswerte, die dem Unternehmen als Ganzem dienen.",Zentrale Vermögenswerte werden bei der Prüfung von Gruppen zahlungsmittelerzeugender Einheiten zugeordnet.
C,Cost,Kosten / Anschaffungskosten,"Der Betrag an Ressourcen, der für den Erwerb eines Vermögenswerts geopfert wurde.",Der Vermögenswert wird bei erstmaligem Ansatz zu Anschaffungskosten bewertet.
C,Cost formula,Kostenformel,"Eine Technik wie FIFO oder gewichteter Durchschnitt, die den Vorräten Kosten zuordnet.",Das Unternehmen wendet auf die Vorräte die gewichtete Durchschnittskostenformel an.
C,Cost method,Kostenmethode (Anschaffungswertmethode),"Eine Bewertungsmethode, bei der Vermögenswerte zu ihren Anschaffungskosten erfasst werden; sie wird für bestimmte Beteiligungen und unter besonderen Regeln für Vorräte angewendet.",Nach der Kostenmethode wurde die Beteiligung am Tochterunternehmen zu den ursprünglichen Anschaffungskosten fortgeführt.
C,Cost model,Kostenmodell (Bewertung zu Anschaffungskosten),"Eine Rechnungslegungsmethode, bei der Vermögenswerte zu Anschaffungskosten abzüglich Abschreibungen fortgeführt werden.",Das Unternehmen wendet auf seine Gebäude das Kostenmodell an.
C,Cost of an acquisition,Erwerbskosten (Kosten der Akquisition),"Die gezahlte Gegenleistung, um die Beherrschung eines anderen Unternehmens zu erlangen.",Die Erwerbskosten umfassen Zahlungsmittel und ausgegebenes Eigenkapital.
C,Cost of an asset acquired in exchange or part exchange for dissimilar asset,Anschaffungskosten eines im (Teil-)Tausch gegen einen ungleichartigen Vermögenswert erworbenen Vermögenswerts,Beim Tausch von Vermögenswerten unterschiedlicher Art werden die Kosten zum beizulegenden Zeitwert bemessen.,Die Kosten eines gegen einen ungleichartigen Vermögenswert getauschten Vermögenswerts entsprechen seinem beizulegenden Zeitwert.
C,Cost of an asset acquired in exchange or part exchange for similar asset,Anschaffungskosten eines im (Teil-)Tausch gegen einen gleichartigen Vermögenswert erworbenen Vermögenswerts,Kosten beim Tausch von Vermögenswerten gleichartiger Natur.,Bei gleichartigen Vermögenswerten entsprechen die Kosten dem Buchwert des hingegebenen Vermögenswerts.
C,Cost of an investment,Kosten einer Beteiligung (Investition),"Der gezahlte Betrag oder der beizulegende Zeitwert der gegebenen Gegenleistung zum Erwerb einer Beteiligung, in bestimmten Fällen einschließlich der direkt zurechenbaren Transaktionskosten.",Die Kosten einer Beteiligung an einem Tochterunternehmen umfassen den beizulegenden Zeitwert der übertragenen Gegenleistung.
C,"Cost of an investment in a subsidiary, jointly controlled entity or associate","Kosten einer Beteiligung an einem Tochterunternehmen, einem gemeinsam beherrschten Unternehmen oder einem assoziierten Unternehmen",Die Kosten einer Beteiligung an einem anderen Unternehmen.,Die Kosten der Beteiligung werden zum beizulegenden Zeitwert der Gegenleistung bemessen.
C,Cost of conversion,Herstellungskosten (Fertigungskosten),"Kosten, die bei der Umwandlung von Material in Fertigerzeugnisse anfallen.",Die Herstellungskosten umfassen Einzelarbeitslöhne und Gemeinkosten der Fertigung.
C,Cost of inventories,Kosten der Vorräte,"Die Gesamtkosten aus Beschaffung, Fertigung und sonstigen Kosten der Vorräte.",Die Kosten der Vorräte umfassen die Fertigungskosten.
C,Cost of inventories of a service provider,Kosten der Vorräte eines Dienstleistungsunternehmens,"Die Kosten, die ein Dienstleister für Vorräte ansetzt, im Wesentlichen Arbeitsleistungen und andere Kosten, die unmittelbar mit der Erbringung der Dienstleistung zusammenhängen.",Für die Beratungsgesellschaft bestanden die Kosten der Vorräte eines Dienstleistungsunternehmens überwiegend aus der direkt eingesetzten Personalzeit.
C,Cost of purchase,Anschaffungskosten / Beschaffungskosten,Der gezahlte Preis zuzüglich der direkt zurechenbaren Erwerbsaufwendungen.,Die Vorräte wurden zu Anschaffungskosten bewertet.
C,Cost plus contract,Kostenzuschlagsvertrag (Cost-plus-Vertrag),"Ein Vertrag, bei dem dem Auftragnehmer die Kosten zuzüglich einer Vergütung erstattet werden.",Nach einem Kostenzuschlagsvertrag werden die anrechenbaren Kosten erstattet.
C,Cost plus method,Kostenaufschlagmethode (Cost-plus-Methode),"Eine Verrechnungspreismethode, bei der den Kosten ein Gewinnaufschlag hinzugerechnet wird.",Bei der Kostenaufschlagmethode wird auf die Kosten des Lieferanten ein Gewinnaufschlag addiert.
C,Cost recovery approach,Kostendeckungsansatz,Der Ansatz von Umsatzerlösen nur bis zur Höhe der wiedereinbringbaren Kosten.,Der Kostendeckungsansatz setzt Umsatzerlöse nur in Höhe der Kosten an.
C,Cost-based measurement,Bewertung auf Basis historischer Kosten (Anschaffungskostenbewertung),"Ein Bewertungsansatz, bei dem ein Posten zu seinen historischen Anschaffungs- bzw. Herstellkosten, angepasst um Abschreibungen oder Wertminderungen, erfasst wird.",Zu eigenen Nutzungszwecken gehaltene Investitionsimmobilien unterliegen nach dem gewählten Modell der Bewertung auf Basis historischer Kosten.
C,Costs of conversion,Herstellungskosten / Kosten der Fertigung,"Kosten, die bei der Umwandlung von Materialien in Fertigerzeugnisse anfallen.",Zu den Kosten der Fertigung gehören Arbeitslöhne und Gemeinkosten.
C,Costs of disposal,Veräußerungskosten / Kosten der Veräußerung,"Direkt zurechenbare zusätzliche Kosten, die unmittelbar mit der Veräußerung eines Vermögenswerts verbunden sind.",Die Veräußerungskosten werden vom beizulegenden Zeitwert abgezogen.
C,Costs of Modifying Existing Software,Kosten für Änderungen bestehender Software,"Aufwendungen, die für die Änderung oder Aufrüstung bereits erworbener Software anfallen.",Die Kosten für Änderungen bestehender Software wurden aktiviert.
C,Costs to sell,Veräußerungskosten / Verkaufskosten,"Die direkt zurechenbaren zusätzlichen Kosten der Veräußerung eines Vermögenswerts, ausgenommen Finanzierungsaufwendungen und Einkommensteuern.",Der Vermögenswert wurde auf den beizulegenden Zeitwert abzüglich der Veräußerungskosten abgeschrieben.
C,Counterparty,Kontrahent / Vertragsgegner,Die andere Partei eines Finanzinstruments oder einer Transaktion.,Der Kontrahent kam der Abwicklung des Derivats nicht nach.
C,Country of domicile,Sitzstaat / Land der Hauptverwaltung,"Das Land, in dem ein Unternehmen seinen eingetragenen Sitz oder seine Hauptverwaltung hat.",Das Unternehmen hat seinen Sitzstaat im Anhang offengelegt.
C,Country of incorporation or residence,Land der Gründung oder des Sitzes,"Das Land, in dem ein Unternehmen gegründet wurde oder ansässig ist.",Das Gründungsland bestimmt die anwendbaren Steuervorschriften.
C,Coupon,Kupon / Nominalzins,Die Zinszahlung einer Anleihe.,Die Anleihe zahlt einen festen jährlichen Kupon.
C,Create or enlarge an accounting mismatch,Eine bilanzielle Inkongruenz (Bilanzierungsinkongruenz) begründen oder vergrößern,"Eine Situation herbeiführen oder verschärfen, in der Ansatz und Bewertung zusammengehöriger Posten uneinheitlich sind, sodass eine Bewertungs- oder Ansatzinkongruenz entsteht.","Ein Unternehmen darf die Fair-Value-Option nur anwenden, wenn sie eine bilanzielle Inkongruenz beseitigt oder erheblich verringert."
C,Credit derivative default product,Kreditderivat zur Absicherung gegen Ausfall,"Ein Derivat, das Schutz gegen den Ausfall eines Schuldners bietet.",Das Kreditderivat überträgt das Ausfallrisiko.
C,Credit enhancements,Bonitätsverbessernde Maßnahmen / Bonitätsverstärkungen,"Vereinbarungen, die die Kreditqualität einer Verpflichtung verbessern.",Bonitätsverstärkungen verringern das von den Investoren getragene Risiko.
C,Credit exposures,Kreditrisiken / Kreditengagements,"Die Beträge, die durch den Ausfall eines Kontrahenten verlustgefährdet sind.",Die Kreditrisiken werden anhand genehmigter Limits überwacht.
C,Credit facilities,Kreditlinien,"Vereinbarungen, nach denen ein Unternehmen von einem Kreditgeber bis zu einer vereinbarten Höhe Mittel aufnehmen kann.",Das Unternehmen hat zur Finanzierung seiner Expansion zusätzliche Kreditlinien gesichert.
C,Credit insurance contract,Kreditversicherungsvertrag / Kreditversicherungspolice,"Eine Versicherung, die gegen den Ausfall von Kunden bei Forderungen schützt.",Das Unternehmen unterhält für seine Exporte einen Kreditversicherungsvertrag.
C,Credit quality,Kreditqualität / Bonität,Eine Beurteilung der Kreditwürdigkeit eines Finanzvermögenswerts oder eines Kontrahenten.,Das Unternehmen hat die Kreditqualität seiner Forderungen offengelegt.
C,Credit risk,Kreditrisiko / Ausfallrisiko,"Das Risiko, dass ein Kontrahent seinen Verpflichtungen nicht nachkommt.",Das Unternehmen hat seine maximale Kreditrisikoexposition offengelegt.
C,Credit spread,Kreditrisikomarge / Bonitätsrisikoprämie,"Die Renditedifferenz, die das Kreditrisiko widerspiegelt.",Eine weitere Kreditrisikomarge erhöht den Abzinsungssatz.
C,Creditors,Gläubiger,"Parteien, die einem Unternehmen Kredit eingeräumt haben und denen das Unternehmen Geld schuldet.",Der Jahresabschluss liefert bestehenden und potenziellen Gläubigern nützliche Informationen.
C,Creditworthiness,Kreditwürdigkeit / Bonität,"Die Fähigkeit, Schulden zurückzuzahlen.",Der Kreditgeber hat die Kreditwürdigkeit des Kreditnehmers beurteilt.
C,Criteria for recognising,Ansatzkriterien,"Bedingungen, die erfüllt sein müssen, bevor ein Posten erfasst wird.",Zu den Ansatzkriterien einer Rückstellung gehört eine gegenwärtige Verpflichtung.
C,Cross-reference,Querverweis / Verweis,"Ein Hinweis, der Informationen verknüpft, die in verschiedenen Teilen des Abschlusses dargestellt werden.",Der Anhang enthält einen Querverweis zur Bilanz.
C,CTDs,Kumulierte Umrechnungsdifferenzen (CTD),Die kumulierten Wechselkursdifferenzen aus der Umrechnung des Abschlusses eines ausländischen Geschäftsbetriebs.,Bei der Veräußerung des ausländischen Tochterunternehmens wurden die kumulierten Umrechnungsdifferenzen in den Gewinn oder Verlust umgegliedert.
C,Cumulative additional depreciation,Kumulierte Zusatzabschreibungen,Die seit der Neubewertung eines Vermögenswerts insgesamt erfassten zusätzlichen Abschreibungen.,Die kumulierten Zusatzabschreibungen wurden auf die Gewinnrücklagen übertragen.
C,Cumulative interest accreted,Kumulierte aufgelaufene Zinsen,Die bis zum Stichtag insgesamt angesammelten Zinsen eines Finanzinstruments.,Die kumulierten aufgelaufenen Zinsen erhöhten den Buchwert.
C,Cumulative preference dividends,Kumulierte Vorzugsdividenden,"Unbezahlte Vorzugsdividenden, die sich ansammeln.",Kumulierte Vorzugsdividenden werden zur Berechnung des Ergebnisses je Aktie vom Gewinn abgezogen.
C,Cumulative translation differences,Kumulierte Umrechnungsdifferenzen,Im Eigenkapital angesammelte Wechselkursdifferenzen.,Kumulierte Umrechnungsdifferenzen werden bei der Veräußerung umgegliedert.
C,Currency risk,Währungsrisiko,"Das Risiko, dass der beizulegende Zeitwert oder die künftigen Cashflows eines Finanzinstruments infolge von Änderungen der Wechselkurse schwanken.",Das Unternehmen legt sein Währungsrisiko nach Währung und Fälligkeit offen.
C,Currency translation,Währungsumrechnung,Die Umrechnung von Beträgen in eine andere Währung.,Bei der Währungsumrechnung wird für Vermögenswerte der Stichtagskurs verwendet.
C,Currency units,Währungseinheiten,"Die Geldeinheiten, in denen Beträge bemessen und dargestellt werden.",Beträge werden in den Währungseinheiten des berichtenden Unternehmens ausgedrückt.
C,Current asset,Umlaufvermögen / kurzfristige Vermögenswerte,"Ein Vermögenswert, der voraussichtlich innerhalb des gewöhnlichen Geschäftszyklus realisiert wird.",Vorräte werden als Umlaufvermögen klassifiziert.
C,Current cost,Wiederbeschaffungskosten / Tagesneuwert,"Der Betrag an Zahlungsmitteln oder Zahlungsmitteläquivalenten, der gegenwärtig für den Erwerb eines Vermögenswerts zu zahlen wäre.",Die Wiederbeschaffungskosten für den Ersatz der Maschine waren deutlich höher als ihre historischen Anschaffungskosten.
C,Current cost approach,Wiederbeschaffungskostenansatz,Bewertung auf Basis der Wiederbeschaffungskosten eines Vermögenswerts.,Der Wiederbeschaffungskostenansatz spiegelt die heutigen Wiederbeschaffungspreise wider.
C,Current investment,Kurzfristige Kapitalanlage / Investition,"Eine Investition, deren Realisierung innerhalb eines Jahres erwartet wird.",Die kurzfristige Kapitalanlage wird zum beizulegenden Zeitwert bewertet.
C,Current liabilities,Kurzfristige Verbindlichkeiten / kurzfristige Schulden,"Verpflichtungen, die voraussichtlich innerhalb von zwölf Monaten erfüllt werden.",Verbindlichkeiten aus Lieferungen und Leistungen werden unter den kurzfristigen Verbindlichkeiten ausgewiesen.
C,Current offer price,Aktueller Briefkurs / Angebotspreis,Der aktuell notierte Kurs eines Instruments.,Der beizulegende Zeitwert wurde auf Basis des aktuellen Briefkurses ermittelt.
C,Current service cost,Aktueller Dienstzeitaufwand (Dienstzeitaufwand der Periode),"Die Erhöhung des Barwerts der Verpflichtung aus leistungsorientierten Plänen, die auf die Arbeitsleistung der Arbeitnehmer in der laufenden Periode zurückgeht.",Der aktuelle Dienstzeitaufwand wird unmittelbar in der Gewinn- und Verlustrechnung erfasst.
C,Current tax,Laufende Steuern,"Steuern, die für die laufende Periode zu zahlen sind.",Laufende Steuern werden auf Basis der verabschiedeten Steuersätze bemessen.
C,Curtailment,Herabsetzung / Einschränkung eines Plans (Curtailment),Eine wesentliche Verringerung des Umfangs eines leistungsorientierten Plans.,Die Herabsetzung des Plans verringerte die künftigen Leistungszusagen.
C,Cushions,Puffer / Verlustpuffer,"Überschüssige Beträge, die Schutz bieten, etwa nachrangige Tranchen, die Verluste absorbieren.",Nachrangige Tranchen wirken als Puffer gegen Verluste.
C,Customer list,Kundenliste / Kundenstamm,"Ein immaterieller Vermögenswert, der Informationen über Kunden repräsentiert und häufig im Rahmen eines Unternehmenszusammenschlusses angesetzt wird.",Die im Zusammenschluss erworbene Kundenliste wurde als immaterieller Vermögenswert erfasst.
C,Customer Loyalty Programmes,Kundenbindungsprogramme / Kundentreueprogramme,"Programme, die Kunden Gutschriften auf künftige Waren oder Dienstleistungen einräumen.",Die Kundenbindungsprogramme der Fluggesellschaft verleihen einlösbare Meilen.
C,Customer relationship intangible assets,Immaterielle Vermögenswerte aus Kundenbeziehungen,"Immaterielle Vermögenswerte, die aus Beziehungen zu bestehenden Kunden entstehen.",Immaterielle Vermögenswerte aus Kundenbeziehungen wurden im Rahmen des Erwerbs erfasst.
D,Database,Datenbank,"Eine strukturierte Datensammlung, die als immaterieller Vermögenswert behandelt wird.",Die erworbene Datenbank wurde als immaterieller Vermögenswert erfasst.
D,Date of acquisition,Erwerbsdatum / Zeitpunkt des Erwerbs,"Das Datum, an dem die Kontrolle über das erworbene Unternehmen erlangt wird.",Der Firmenwert wird zum Erwerbszeitpunkt bemessen.
D,Date of exchange,Austauschdatum / Datum des Austauschgeschäfts,"Das Datum, zu dem ein Austausch von Vermögenswerten oder ein Erwerbsgeschäft erfasst und bewertet wird.",Der beizulegende Zeitwert des Vermögenswerts wurde zum Austauschdatum bestimmt.
D,Date of transition to IFRS,Übergangsdatum zum IFRS,Der Beginn der ersten IFRS-Berichtsperiode.,Das Übergangsdatum zum IFRS bestimmt die Eröffnungsbilanz.
D,Dealing securities,Zu Handelszwecken gehaltene Wertpapiere / Handelsbestände,"Wertpapiere, die das Unternehmen zu Handelszwecken hält.",Zu Handelszwecken gehaltene Wertpapiere werden zum beizulegenden Zeitwert bewertet.
D,Death benefit,Todesfallleistung / Hinterbliebenenleistung,"Ein Betrag, der den Bezugsberechtigten beim Tod eines Mitglieds gezahlt wird.",Der Plan sieht für die Familie des Teilnehmers eine Todesfallleistung vor.
D,Debt,Schulden / Verschuldung,"Eine Verpflichtung, aufgrund vergangener Ereignisse wirtschaftliche Ressourcen an eine andere Partei zu übertragen.","Die Gesamtschulden stiegen, nachdem das Unternehmen neue Anleihen ausgegeben hatte."
D,Debt for equity swaps,Umtausch von Schulden gegen Eigenkapital / Debt-Equity-Swap,"Transaktionen, bei denen Schulden gegen Eigenkapitalanteile eingetauscht werden.",Die Restrukturierung umfasste mehrere Umtauschgeschäfte von Schulden in Eigenkapital.
D,Debt instrument,Schuldinstrument / Schuldtitel,"Ein Finanzinstrument, das eine Zahlungsverpflichtung darstellt.",Ein Schuldinstrument kann zu fortgeführten Anschaffungskosten bewertet werden.
D,Debt securities,Schuldtitel / Schuldverschreibungen,"Finanzinstrumente, die eine Gläubigerbeziehung darstellen.",Schuldtitel werden auf Grundlage des Geschäftsmodells klassifiziert.
D,Debt-to-adjusted capital ratio,Verhältnis von Schulden zu bereinigtem Kapital,"Eine Kennzahl, die die Schulden ins Verhältnis zum bereinigten Kapital setzt.",Das Verhältnis von Schulden zu bereinigtem Kapital misst die finanzielle Verschuldung (Leverage).
D,Debt-to-equity ratio,Verschuldungsgrad / Verhältnis von Schulden zu Eigenkapital,"Eine Finanzkennzahl, die die Gesamtverbindlichkeiten dem Eigenkapital gegenüberstellt und damit den finanziellen Leverage und das Risiko anzeigt.",Der Verschuldungsgrad des Unternehmens blieb innerhalb der mit dem Kreditgeber vereinbarten Obergrenzen.
D,Decision tree,Entscheidungsbaum,Ein strukturiertes Hilfsmittel zur Unterstützung von Entscheidungen.,Ein Entscheidungsbaum hilft bei der Klassifizierung von Finanzinstrumenten.
D,Decision-useful information,Entscheidungsnützliche Informationen,"Informationen, die den Adressaten bei wirtschaftlichen Entscheidungen helfen.",Der Jahresabschluss sollte entscheidungsnützige Informationen bereitstellen.
D,Decommissioning,Stilllegung / Rückbau,Der Prozess der Außerbetriebnahme eines Vermögenswerts und der Wiederherstellung des Standorts.,Für die Stilllegung des Werks wurde eine Rückstellung gebildet.
D,Decommissioning costs,Stilllegungs- und Rückbaukosten,"Kosten, die voraussichtlich am Ende der Nutzungsdauer eines Vermögenswerts für dessen Abbau oder die Wiederherstellung des Standorts anfallen.",Beim Bau des Werks wurde eine Rückstellung für Stilllegungskosten gebildet.
D,Decommissioning funds,Stilllegungsfonds / Rückbaufonds,"Zweckgebundene Vermögenswerte, die für künftige Rückbaukosten zurückgestellt werden.",Die Stilllegungsfonds werden auf einem gesonderten Konto gehalten.
D,Decommissioning obligations,Stilllegungs- und Rückbauverpflichtungen,Verpflichtungen zum Rückbau und zur Wiederherstellung eines Standorts nach der Nutzung.,Stilllegungsverpflichtungen werden als Rückstellung erfasst.
D,"Decommissioning, Restoration and Environmental Rehabilitation Funds","Mittel aus Fonds für Stilllegung, Wiederherstellung und ökologische Rekultivierung",Für Stilllegung und Umweltsanierung gebildete Mittel.,Einzahlungen in Stilllegungsfonds werden als Vermögenswert erfasst.
D,Deductible temporary difference,Abzugsfähige temporäre Differenz,"Eine Differenz, die künftige steuerpflichtige Beträge mindert.",Eine abzugsfähige temporäre Differenz führt zu einer aktiven latenten Steuer.
D,Deemed cost,Angenommene (fiktive) Anschaffungskosten,"Ein Betrag, der bei der erstmaligen Anwendung der IFRS anstelle der historischen Kosten verwendet wird, etwa der beizulegende Zeitwert zum Übergangszeitpunkt.",Bei der erstmaligen Anwendung wählte das Unternehmen den beizulegenden Zeitwert zum Übergangsdatum als angenommene Anschaffungskosten für sein Grundstück.
D,Defer,Aufschieben / Vertagen (Aufschub des Ansatzes),Den Ansatz eines Postens verschieben oder hinauszögern.,Das Unternehmen darf den Ansatz nur in begrenzten Fällen aufschieben.
D,Deferral method,Aufschubsmethode / Abgrenzungsmethode,"Ein Ansatz, bei dem ein Posten auf künftige Perioden verteilt wird.",Nach der Aufschubsmethode wird der Zuschuss zeitlich verteilt erfasst.
D,Deferred acquisition costs,Abgegrenzte Abschlusskosten,"Abschlusskosten im Versicherungsbereich, die als Vermögenswert erfasst und über die Zeit abgeschrieben werden.",Abgegrenzte Abschlusskosten werden über die Laufzeit der Police abgeschrieben.
D,Deferred income,Abgegrenzte Erträge / erhaltene Anzahlungen,"Eine Verbindlichkeit, die aus Zahlungen entsteht, die vor dem Erzielen der zugehörigen Umsatzerlöse eingegangen sind.",Die im Voraus erhaltenen Abonnementgebühren wurden als abgegrenzte Erträge erfasst.
D,Deferred policy acquisition costs,Abgegrenzte Policenabschlusskosten,"Abschlusskosten des Versicherers, die abgegrenzt und über die Laufzeit der Police abgeschrieben werden.",Abgegrenzte Policenabschlusskosten werden über die Vertragslaufzeit abgeschrieben.
D,Deferred tax,Latente Steuern,"Steuern, die in künftigen Perioden aus temporären Differenzen zu zahlen oder erstattungsfähig sind.",Latente Steuern entstehen aus temporären Differenzen.
D,Deferred tax assets,Aktive latente Steuern / latente Steuerforderungen,"Steuern, die in künftigen Perioden aus abzugsfähigen Differenzen verrechenbar sind.","Eine aktive latente Steuer wird insoweit angesetzt, als ihre Einbringlichkeit wahrscheinlich ist."
D,Deferred tax income,Latente Steuererträge,Aus latenten Steuern erfasste Steuereinnahmen.,Latente Steuererträge entstanden aus der Umkehrung einer temporären Differenz.
D,Deferred tax liabilities,Latente Steuerverbindlichkeiten,"Beträge an Einkommensteuern, die in künftigen Perioden in Bezug auf steuerpflichtige temporäre Differenzen zu zahlen sind.",Latente Steuerverbindlichkeiten entstehen aus den temporären Differenzen zwischen dem Buchwert und dem Steuerbilanzwert der Vermögenswerte.
D,Deficit balance,Negativer Saldo / Fehlbetrag,Ein negativer Saldo.,Der Plan wies zum Jahresende einen negativen Saldo auf.
D,Defined benefit liability,Verbindlichkeit aus leistungsorientierten Plänen,Der Barwert der zugesagten Versorgungsleistungen abzüglich des Planvermögens.,Die Verbindlichkeit aus leistungsorientierten Plänen stieg infolge sinkender Abzinsungssätze.
D,Defined benefit obligation,Verpflichtung aus leistungsorientierten Plänen / leistungsorientierte Verpflichtung,Der Barwert der den Arbeitnehmern zugesagten Versorgungsleistungen.,Die Verpflichtung aus leistungsorientierten Plänen wurde mit einem Marktzins abgezinst.
D,Defined benefit obligation (present value of),Barwert der Verpflichtung aus leistungsorientierten Plänen,"Der Barwert der erwarteten künftigen Leistungszahlungen, die zur Begleichung der bis zum Stichtag erdienten Arbeitsleistungen der Arbeitnehmer erforderlich sind.",Der Aktuar berechnete zum Jahresende den Barwert der Verpflichtung aus leistungsorientierten Plänen.
D,Defined benefit plan,Leistungsorientierter Plan (Plan mit zugesagten Leistungen),"Ein Plan für Leistungen nach Beendigung des Arbeitsverhältnisses, der bei Eintritt in den Ruhestand bestimmte Leistungen zusagt.",Der leistungsorientierte Plan wies ein hohes Defizit aus.
D,Defined benefit plans,Leistungsorientierte Pläne,"Pläne für Leistungen nach Beendigung des Arbeitsverhältnisses, bei denen die Leistungen durch eine Formel festgelegt sind.",Die Verpflichtung aus dem leistungsorientierten Plan wird versicherungsmathematisch bemessen.
D,Defined contribution plans,Beitragsorientierte Pläne (Pläne mit festen Beiträgen),"Versorgungspläne, bei denen der Arbeitgeber feste Beiträge leistet.",Bei beitragsorientierten Plänen ist die Verpflichtung des Arbeitgebers auf die geleisteten Beiträge beschränkt.
D,Demand amount,Auf Verlangen fälliger Betrag / Abrufbetrag,"Ein Betrag, der auf Verlangen zahlbar ist.",Der auf Verlangen zahlbare Betrag des Darlehens ist sofort zurückzuzahlen.
D,Demand deposits,Sichteinlagen / täglich fällige Einlagen,"Einlagen, die der Einleger jederzeit ohne vorherige Kündigung abheben kann.","Sichteinlagen werden als kurzfristige Verbindlichkeiten klassifiziert, da sie auf Abruf zurückzahlbar sind."
D,Demand feature,Abrufklausel / Rückzahlungsrecht auf Verlangen,"Eine Ausgestaltung, die dem Inhaber das Recht einräumt, die Rückzahlung zu verlangen.",Eine Abrufklausel kann zur Ausweisung als Verbindlichkeit führen.
D,Demerger,Abspaltung / Ausgliederung,Die Ausgliederung einer Sparte in ein eigenständiges Unternehmen.,Die Abspaltung schuf zwei getrennt börsennotierte Gesellschaften.
D,Demonstrably committed,Nachweislich (rechtsverbindlich) gebunden,"Durch einen formellen Plan gebunden sein, von dem ein Rückzug nicht realistisch möglich ist.",Das Unternehmen hatte sich an den Restrukturierungsplan nachweislich rechtsverbindlich gebunden.
D,Deposit account,Festgeldkonto / Termineinlagenkonto,"Ein Bankkonto, auf dem Gelder für eine feste Laufzeit verzinst werden.",Überschüssige Liquidität wurde auf einem einjährigen Festgeldkonto angelegt.
D,Deposit accounting,Einlagenorientierte Bilanzierung (Deposit Accounting),"Eine Methode, die Versicherungsverträge wie finanzielle Einlagen behandelt.",Die einlagenorientierte Bilanzierung ist auf diese kurzlaufenden Verträge anzuwenden.
D,Deposit component,Einlagenkomponente / Sparanteil,Das in einen Versicherungsvertrag eingebettete Sparelement.,Die Einlagenkomponente wird vom Versicherungsanteil getrennt.
D,Depreciable amount,Abschreibungsbetrag,Die Kosten eines Vermögenswerts abzüglich seines Restwerts.,Der Abschreibungsbetrag wird über die Nutzungsdauer verteilt.
D,Depreciable assets,Abschreibungsfähige Vermögenswerte,"Vermögenswerte, die der Abschreibung unterliegen.",Abschreibungsfähige Vermögenswerte werden über ihre Nutzungsdauern abgeschrieben.
D,Depreciable replacement cost approach,Ansatz der um Abschreibungen geminderten Wiederbeschaffungskosten,"Ein Bewertungsansatz, bei dem die aktuellen Wiederbeschaffungskosten eines Vermögenswerts geschätzt und um kumulierte Abschreibungen und Wertminderungen gemindert werden.","Der Sachverständige wandte den Ansatz der um Abschreibungen geminderten Wiederbeschaffungskosten an, um den beizulegenden Zeitwert des Werks zu schätzen."
D,Depreciation,Abschreibung,Die Verteilung der Kosten eines materiellen Vermögenswerts auf dessen Nutzungsdauer.,Die Abschreibung wird linear vorgenommen.
D,Depreciation methods,Abschreibungsmethoden,Verfahren zur Verteilung des Abschreibungsbetrags eines Vermögenswerts über die Zeit.,Zu den Abschreibungsmethoden zählen die lineare Abschreibung und die degressive Abschreibung.
D,Derecognise (a financial instrument),Ausbuchen / aus der Bilanz entfernen,Das Herausnehmen eines Finanzinstruments aus der Bilanz.,Das Unternehmen buchte den finanziellen Vermögenswert bei der Übertragung aus.
D,Derecognition,Ausbuchung / Bilanzabgang,Das Entfernen eines zuvor erfassten Vermögenswerts oder einer zuvor erfassten Verbindlichkeit aus der Bilanz.,Die Ausbuchung der Forderung aus Lieferungen und Leistungen folgte auf die Übertragung nahezu aller Risiken und Chancen.
D,Derivative,Derivat,"Ein Finanzinstrument, dessen Wert von einem Basiswert abgeleitet ist.",Das Derivat wird zum beizulegenden Zeitwert bewertet.
D,Derivative assets,Derivative finanzielle Vermögenswerte,"Finanzielle Vermögenswerte, deren Wert von einem Basiswert abgeleitet ist.",Derivative finanzielle Vermögenswerte werden zum beizulegenden Zeitwert mit erfolgswirksamer Erfassung der Wertänderungen bewertet.
D,Derivative features,Derivatelemente / derivative Merkmale,"Merkmale, die dazu führen, dass sich ein Instrument wie ein Derivat verhält.",Die Derivatelemente des Grundvertrags erforderten eine gesonderte Bilanzierung.
D,Derivative financial instruments,Derivative Finanzinstrumente,"Instrumente, deren Wert von einem Basiswert abgeleitet ist.",Derivative Finanzinstrumente werden zum beizulegenden Zeitwert bewertet.
D,Derivative liabilities,Derivative finanzielle Verbindlichkeiten,"Finanzielle Verbindlichkeiten, deren Wert auf eine Basisgröße reagiert und die in der Regel zum beizulegenden Zeitwert bewertet werden.",Die aus dem Zinsswap resultierenden derivativen finanziellen Verbindlichkeiten werden zum beizulegenden Zeitwert mit erfolgswirksamer Erfassung bewertet.
D,Designated and effective hedging instrument,Bezeichnetes und wirksames (effektives) Absicherungsinstrument,"Ein Instrument, das formal als Absicherungsinstrument bezeichnet wurde und für die Absicherung wirksam ist.",Das bezeichnete und wirksame Absicherungsinstrument gleicht das Risiko aus.
D,Designation as at fair value through profit or loss,Bezeichnung als zum beizulegenden Zeitwert erfolgswirksam zu bewertendes Instrument (Fair-Value-Option),"Die Entscheidung, ein Finanzinstrument zum beizulegenden Zeitwert mit erfolgswirksamer Erfassung von Wertänderungen zu bewerten.",Das Unternehmen nutzte die Bezeichnung als zum beizulegenden Zeitwert erfolgswirksam zu bewertendes Instrument.
D,Determination of cost,Kostenermittlung / Bestimmung der Kosten,Der Prozess der Festlegung des Kostenbetrags eines Postens.,Die Kostenermittlung folgt der jeweils anzuwendenden Kostenformel.
D,Determining Whether an Arrangement Contains a Lease,"Beurteilung, ob eine Vereinbarung ein Leasingverhältnis enthält","Die Leitlinie, mit der beurteilt wird, ob ein Vertrag das Recht zur Nutzung eines Vermögenswerts gegen Entgelt einräumt.","Nach der Leitlinie zur Beurteilung, ob eine Vereinbarung ein Leasingverhältnis enthält, wurde der Vertrag als Leasingvertrag behandelt."
D,Development,Entwicklung,Die Anwendung von Forschungsergebnissen auf die Herstellung neuer oder verbesserter Produkte.,Entwicklungskosten wurden in diesem Jahr aktiviert.
D,Development costs,Entwicklungskosten,"Kosten, die zur Entwicklung von Produkten oder Verfahren anfallen und aktiviert werden können.",Die Entwicklungskosten wurden als immaterieller Vermögenswert aktiviert.
D,Diluted earnings per share,Verwässertes Ergebnis je Aktie,Das um die Auswirkung aller verwässernden potenziellen Stammaktien angepasste Ergebnis je Aktie.,Das verwässerte Ergebnis je Aktie spiegelt die Wandelanleihe wider.
D,Dilution,Verwässerung,Eine Verringerung des Ergebnisses je Aktie durch potenzielle Aktien.,Die Wandelanleihen verursachten eine Verwässerung des Ergebnisses je Aktie.
D,Dilutive effect,Verwässernder Effekt / Verwässerungswirkung,"Die Verringerung des Ergebnisses je Aktie, die eintreten würde, wenn potenzielle Stammaktien in Stammaktien umgewandelt würden.",Die Aktienoptionen haben einen verwässernden Effekt auf das unverwässerte Basisergebnis je Aktie.
D,Dilutive potential ordinary shares,Verwässernd wirkende potenzielle Stammaktien,"Potenzielle Aktien, die das Ergebnis je Aktie mindern.",Verwässernd wirkende potenzielle Stammaktien mindern das unverwässerte Ergebnis je Aktie.
D,Diminishing balance method,Geometrisch-degressive Abschreibung (Methode der fallenden Buchwerte),"Eine Abschreibungsmethode, bei der ein fester Satz auf den abnehmenden Buchwert angewandt wird.",Die geometrisch-degressive Abschreibung führt anfangs zu höheren Abschreibungsbeträgen.
D,Direct insurance contract,Direktversicherungsvertrag (ohne Rückversicherung),"Ein Versicherungsvertrag, der kein Rückversicherungsvertrag ist.",Ein Direktversicherungsvertrag deckt das eigene Risiko des Versicherungsnehmers ab.
D,Direct labour,Direkte Arbeitskosten / Fertigungslöhne (Einzelarbeitslohn),"Die Kosten der Arbeitskräfte, die unmittelbar an der Herstellung von Gütern oder der Erbringung von Dienstleistungen beteiligt sind.",Direkte Arbeitskosten und Materialien sind in den Kosten der Fertigerzeugnisse enthalten.
D,Direct method of reporting cash flows from operating activities,Direkte Methode zur Darstellung der Cashflows aus der laufenden Geschäftstätigkeit,Darstellung der operativen Cashflows anhand großer Bruttoklassen von Zu- und Abflüssen.,Das Unternehmen verwendet die direkte Methode zur Darstellung der Cashflows aus der laufenden Geschäftstätigkeit.
D,Direct operating expenses,Direkte betriebliche Aufwendungen,"Aufwendungen, die dem Betrieb einer als Investition gehaltenen Immobilie unmittelbar zurechenbar sind.",Direkte betriebliche Aufwendungen werden gesondert offengelegt.
D,Directly attributable,Unmittelbar zurechenbar,"Kosten, die einem bestimmten Vermögenswert oder einer bestimmten Transaktion direkt zugeordnet werden können.",Nur unmittelbar zurechenbare Kosten werden aktiviert.
D,Directors,Direktoren / Mitglieder des Leitungsorgans,Mitglieder des Leitungsorgans eines Unternehmens.,Direktoren gelten als Schlüsselpersonen des Managements.
D,Disaggregated information,Aufgeschlüsselte / disaggregierte Informationen,"Informationen, die in Bestandteile oder Kategorien aufgeteilt werden, um den Abschlussadressaten mehr Details zu liefern.","Aufgeschlüsselte Informationen zu Klassen von Vermögenswerten helfen den Adressaten, die Risikoexposition des Unternehmens zu beurteilen."
D,Disclose,Offenlegen / angeben,Informationen im Jahresabschluss darstellen.,Unternehmen müssen Transaktionen mit nahestehenden Parteien offenlegen.
D,Disclosure,Angabe / Offenlegung,Die Darstellung von Informationen im Anhang zum Jahresabschluss.,Der Standard verlangt umfangreiche Angaben zu nahestehenden Parteien.
D,Disclosure and presentation,Angaben und Darstellung,"Anforderungen hinsichtlich der Art und Weise, wie Informationen im Abschluss ausgewiesen und erläutert werden.",Der Standard legt die Anforderungen an Angaben und Darstellung fest.
D,Disclosure approach,Offenlegungsansatz,Eine Methode der Darstellung von Informationen im Anhang statt in den primären Abschlüssen.,"Der Vorstand wählte einen Offenlegungsansatz, anstatt den Posten in den Abschlüssen anzusetzen."
D,Disclosure of government assistance,Offenlegung staatlicher Beihilfen,Die Offenlegung von Art und Höhe erhaltener staatlicher Zuschüsse.,Die Offenlegung staatlicher Beihilfen ist im Anhang vorgeschrieben.
D,Disclosure requirement,Angabepflicht / Offenlegungsanforderung,"Eine Vorschrift, die verlangt, dass Informationen im Jahresabschluss anzugeben sind.",Die Angabepflicht gilt für alle wesentlichen Posten.
D,Disclosure – Service Concession Arrangements,Offenlegungen zu Dienstleistungskonzessionen,Angabepflichten für Vereinbarungen über Dienstleistungskonzessionen.,Die Angaben zu Dienstleistungskonzessionen umfassen die Laufzeit der Konzession.
D,Disclosures in the Financial Statements of Banks and Similar Financial Institutions,Angaben in den Jahresabschlüssen von Banken und ähnlichen Finanzinstituten,Angabepflichten für Banken und ähnliche Institute.,Der Standard verlangt von Banken spezifische Angaben.
D,Discontinued (operations),Aufgegebene Geschäftstätigkeiten,"Ein Teilbereich eines Unternehmens, der veräußert wurde oder als zum Verkauf gehalten eingestuft ist und eine eigenständige wichtige Geschäftssparte darstellt.",Die Ergebnisse der aufgegebenen Geschäftstätigkeit werden in der Gewinn- und Verlustrechnung gesondert ausgewiesen.
D,Discontinued operation,Aufgegebene Geschäftstätigkeit,Ein veräußerter oder als zum Verkauf gehaltener Teilbereich.,Die aufgegebene Geschäftstätigkeit wird gesondert ausgewiesen.
D,Discontinuing operation,Aufgegebene Geschäftstätigkeit / nicht fortgeführte Geschäftstätigkeit,Ein veräußerter oder als zum Verkauf gehalten eingestufter Teilbereich.,Die nicht fortgeführte Geschäftstätigkeit wird gesondert ausgewiesen.
D,Discount rate,Abzinsungssatz / Diskontierungssatz,"Der Zinssatz, mit dem zukünftige Zahlungsströme auf ihren Barwert umgerechnet werden.",Auf die Planrechnungen wurde ein Abzinsungssatz vor Steuern angewendet.
D,Discounted basis,Abgezinste Basis (bei der Bewertung von Versicherungsverbindlichkeiten),"Eine Bewertung, bei der zukünftige Zahlungsströme mittels eines Abzinsungssatzes auf den Barwert gebracht werden.","Der Versicherer bewertete seine Verbindlichkeiten auf abgezinster Basis, um den Zeitwert des Geldes widerzuspiegeln."
D,Discounted basis (on a),abgezinst (auf abgezinster Basis),Bewertet durch Abzinsung zukünftiger Zahlungsströme auf ihren Barwert.,Die Rückstellung wurde auf abgezinster Basis angesetzt.
D,Discounted cash flow projections,Abgezinste Zahlungsstromprognosen (Discounted-Cash-Flow-Prognosen),"Geschätzte zukünftige Zahlungsströme, die auf den Barwert abgezinst werden.",Der erzielbare Betrag basierte auf abgezinsten Zahlungsstromprognosen.
D,Discounting,Abzinsung / Diskontierung,Die Umrechnung eines zukünftigen Betrags auf seinen Barwert.,Die Rückstellung wurde durch Abzinsung der künftigen Mittelabflüsse bemessen.
D,Discretionary participation feature,Diskretionäres Beteiligungsmerkmal,Ein vertragliches Recht auf Beteiligung an Gewinnen.,Das diskretionäre Beteiligungsmerkmal berechtigt die Versicherungsnehmer zu Bonuszahlungen.
D,Disposal consideration,Veräußerungserlös,Der für die Veräußerung eines Vermögenswerts oder eines Unternehmens erhaltene oder zu erhaltende Betrag.,Der Veräußerungsgewinn wurde als Veräußerungserlös abzüglich des Buchwerts ermittelt.
D,Disposal group,Veräußerungsgruppe,"Vermögenswerte und Schulden, die gemeinsam veräußert werden sollen.",Die Veräußerungsgruppe wird mit dem niedrigeren Betrag aus Buchwert und beizulegendem Zeitwert abzüglich der Veräußerungskosten bewertet.
D,Disposal plan,Veräußerungsplan,Ein förmlicher Plan zum Verkauf oder zur sonstigen Veräußerung eines Vermögenswerts.,Ein Veräußerungsplan wurde vom Vorstand genehmigt.
D,Disposal transaction,Veräußerungstransaktion / Veräußerungsgeschäft,"Ein Geschäftsvorfall, bei dem ein Vermögenswert oder ein Unternehmen verkauft oder anderweitig veräußert wird.",Die Veräußerungstransaktion führte zu einem Veräußerungsgewinn.
D,Dissenting opinion,Abweichende Meinung / Minderheitsvotum,"Eine förmliche Erklärung eines Vorstandsmitglieds, das mit einem Standard oder einer Entscheidung nicht übereinstimmt.",Zwei Vorstandsmitglieder haben dem neuen Standard ein Minderheitsvotum beigefügt.
D,Distributions of Non-Cash Assets to Owners,Ausschüttung nicht monetärer Vermögenswerte an die Eigentümer,Die Übertragung von anderen Vermögenswerten als Geld an die Eigentümer als Dividenden.,Die Interpretation regelt die Ausschüttung nicht monetärer Vermögenswerte an die Eigentümer.
D,Dividend yield,Dividendenrendite,Die Jahresdividende je Aktie dividiert durch den Aktienkurs.,Die Dividendenrendite wurde als Inputgröße in der Bewertung verwendet.
D,Dividends,Dividenden,Gewinnausschüttungen an die Aktionäre.,Nach dem Berichtsstichtag beschlossene Dividenden werden nicht als Schuld angesetzt.
D,Domain name,Domainname,Eine registrierte Internetadresse.,Der Domainname wird als immaterieller Vermögenswert angesetzt.
D,Doubtful debts,Zweifelhafte Forderungen,"Forderungen, deren vollständiger Einzug unsicher ist und die daher auf Wertminderung zu prüfen sind.",Auf Grundlage der Altersstruktur der Forderungen aus Lieferungen und Leistungen wurde eine Wertberichtigung auf zweifelhafte Forderungen gebildet.
D,Downstream transactions,Downstream-Geschäfte (vom Mutterunternehmen zum Tochterunternehmen),Transaktionen vom Mutterunternehmen an dessen Tochterunternehmen.,Downstream-Geschäfte werden bei der Konsolidierung eliminiert.
D,Dual listed corporation,Doppelt börsennotierte Gesellschaft (Notierung an mehreren Börsen),"Eine Gesellschaft, deren Aktien an mehr als einer Börse notiert sind.",Das doppelt notierte Unternehmen berichtet gegenüber zwei Aufsichtsbehörden.
D,Dual trigger contract,Vertrag mit doppelter Auslösebedingung (Dual-Trigger-Vertrag),"Ein Versicherungsvertrag, der nur bei Eintritt eines bestimmten ungewissen künftigen Ereignisses zu zahlen ist.",Der Dual-Trigger-Vertrag kann als Derivat bilanziert werden.
E,Earlier application is encouraged,Frühere Anwendung wird empfohlen,"Eine Aussage in einem Standard, die es Unternehmen gestattet und sie ermutigt, diesen bereits vor dem verbindlichen Erstannotwendungsdatum anzuwenden.","Der Standard gibt an, dass eine frühere Anwendung empfohlen, jedoch nicht verpflichtend ist."
E,Earnings,Ergebnis / Gewinne,Der Nettogewinn eines Unternehmens für eine Berichtsperiode.,Das Ergebnis stieg im vierten Quartal deutlich an.
E,Earnings contingency,Ergebnisabhängige Gegenleistung / bedingte Zahlung auf Basis des Ergebnisses,"Eine zusätzliche Gegenleistung, die zu zahlen ist, wenn bestimmte Ergebnisziele erreicht werden.",Die ergebnisabhängige Gegenleistung ist über zwei Jahre zu zahlen.
E,Earnings per share,Gewinn je Aktie,Der auf jede Stammaktie entfallende Gewinn.,Der unverwässerte Gewinn je Aktie wird in der Gewinn- und Verlustrechnung ausgewiesen.
E,Earnings Per Share – Financial Instruments and Other Contracts That May Be Settled in Shares,"Ergebnis je Aktie – Finanzinstrumente und andere Verträge, die in Aktien erfüllt werden können",Interpretation zum Ergebnis je Aktie und zu in Aktien erfüllbaren Instrumenten.,"Die Interpretation behandelt Instrumente, die in Aktien erfüllt werden können."
E,Earnings – diluted,Verwässertes Ergebnis,"Die Ergebnisgröße, die beim verwässerten Ergebnis je Aktie verwendet wird und um die Auswirkungen aller verwässernden potenziellen Stammaktien angepasst ist.",Das verwässerte Ergebnis je Aktie wurde unter Verwendung des verwässerten Ergebnisses und der verwässerten gewichteten durchschnittlichen Aktienanzahl berechnet.
E,Economic benefits,Wirtschaftliche Vorteile / Nutzen,"Vorteile, die aus einem Vermögenswert fließen.",Zu den wirtschaftlichen Vorteilen zählen Umsatzerlöse aus der Nutzung des Vermögenswerts.
E,Economic characteristics and risks,Wirtschaftliche Merkmale und Risiken,"Merkmale und Risiken eines Vertrags, die zur Beurteilung eingebetteter Derivate herangezogen werden.",Die wirtschaftlichen Merkmale und Risiken des Hauptvertrags wurden beurteilt.
E,Economic decision-making needs of users,Informationsbedürfnisse der Nutzer für wirtschaftliche Entscheidungsfindung,"Die Informationsanforderungen derjenigen, die Entscheidungen über die Zuweisung von Ressourcen treffen.",Jahresabschlüsse sollten die Informationsbedürfnisse der Nutzer für wirtschaftliche Entscheidungen erfüllen.
E,Economic life,Wirtschaftliche Nutzungsdauer,"Der Zeitraum, über den ein Vermögenswert voraussichtlich wirtschaftlich nutzbar ist, oder die Anzahl der aus ihm voraussichtlich herzustellenden Einheiten.",Die Nutzungsdauer des Leasingguts überstieg dessen wirtschaftliche Nutzungsdauer nicht.
E,Effect of assumed conversions,Auswirkung unterstellter Wandlungen,Die Auswirkung hypothetisch umgewandelter Instrumente auf das Ergebnis je Aktie.,Die Auswirkung unterstellter Wandlungen erhöhte die verwässerte Aktienanzahl.
E,Effective date,Inkrafttretensdatum,"Das Datum, ab dem ein Standard oder eine Änderung anzuwenden ist.",Das Inkrafttretensdatum der Änderung ist der 1. Januar 2025.
E,Effective interest method,Effektivzinsmethode,"Eine Methode, die Zinserträge und Zinsaufwendungen über die Laufzeit eines Finanzinstruments verteilt.",Die Anleihe wird nach der Effektivzinsmethode bewertet.
E,Effective interest rate,Effektivzinssatz,"Der Zinssatz, der die zukünftigen Zahlungsströme exakt auf den Barwert abzinst.",Der Effektivzinssatz schließt Transaktionsgebühren ein.
E,Effects of Changes in Foreign Exchange Rates,Auswirkungen von Wechselkursänderungen,"Der Standard, der vorschreibt, wie Fremdwährungsgeschäfte und ausländische Geschäftsbetriebe in die Berührungswährung umgerechnet werden.","Der Standard zu den Auswirkungen von Wechselkursänderungen regelt, wie Kursdifferenzen zu erfassen sind."
E,Elements of cost of exploration and evaluation assets,Kostenbestandteile der Aufsuchungs- und Bewertungsaktiva,"Die Komponenten, aus denen sich die Kosten der Aufsuchungs- und Bewertungsaktiva zusammensetzen.",Zu den Kostenbestandteilen zählen Erwerbs- und Aufsuchungskosten.
E,Eligibility conditions,Qualifikationsvoraussetzungen / Anwendungsvoraussetzungen,"Anforderungen, die erfüllt sein müssen, um eine bestimmte Bilanzierung anzuwenden.",Das Sicherungsgeschäft erfüllte alle Qualifikationsvoraussetzungen.
E,Eligible for capitalisation,aktivierungsfähig / kapitalisierungsfähig,Für den Ansatz als Vermögenswert statt als Aufwand qualifiziert.,Die Fremdkapitalkosten waren aktivierungsfähig.
E,Eligible hedged items,Für das Hedge Accounting (Sicherungsmanagement) geeignete Grundgeschäfte,"Vermögenswerte, Schulden oder erwartete Transaktionen, die für ein Hedge Accounting qualifiziert sind.",Die feste Zusage zum Kauf von Stahl war ein für das Hedge Accounting geeignetes Grundgeschäft.
E,Elimination of Unrealised Profits and Losses on Transactions with Associates,Eliminierung unrealisierter Gewinne und Verluste aus Geschäften mit assoziierten Unternehmen,Die Eliminierung unrealisierter Gewinne aus Geschäften mit assoziierten Unternehmen.,Der Standard verlangt die Eliminierung unrealisierter Gewinne und Verluste aus Geschäften mit assoziierten Unternehmen.
E,Embedded derivative,Eingebettetes Derivat,"Eine Derivatskomponente, die in einem Hauptvertrag enthalten ist.",Das eingebettete Derivat wurde vom Hauptvertrag getrennt.
E,Embedded prepayment penalties,Eingebettete Vorfälligkeitsstrafen,"Vertragsstrafenregelungen, die in einem Hauptvertrag enthalten sind.",Eingebettete Vorfälligkeitsstrafen wurden vom Hauptvertrag abgespalten.
E,Employee benefits,Leistungen an Arbeitnehmer,"Alle Formen von Gegenleistungen, die Arbeitnehmern gewährt werden.","Zu den Leistungen an Arbeitnehmer zählen Löhne und Gehälter, Altersversorgung und Aktienoptionen."
E,Employee share ownership plan,Mitarbeiterbeteiligungsprogramm,"Eine Vereinbarung, bei der Mitarbeiter Aktien des Unternehmens erwerben, häufig als Form der Vergütung.","Das Mitarbeiterbeteiligungsprogramm gibt den Mitarbeitern das Recht, Aktien mit einem Abschlag zu erwerben."
E,Employee share purchase plan,Aktienkaufprogramm für Mitarbeiter,"Ein Programm, das Mitarbeitern den Erwerb von Aktien ermöglicht.",Das Aktienkaufprogramm für Mitarbeiter fördert den Erwerb von Aktien.
E,Employee turnover rates,Personalfluktuationsraten,"Die Rate, mit der Mitarbeiter ausscheiden und ersetzt werden.",Die Personalfluktuationsraten beeinflussen die geschätzten aktienbasierten Vergütungen.
E,Employees and others providing similar services,"Arbeitnehmer und andere Personen, die gleichartige Leistungen erbringen","Personen, die einem Unternehmen persönliche Dienste unter dessen Leitung erbringen.","Aktienbasierte Vergütungen gelten für Arbeitnehmer und andere Personen, die gleichartige Leistungen erbringen."
E,Employer payroll taxes and insurance contributions,Arbeitgeberbeiträge zur Lohnsteuer und Sozialversicherung,"Steuern und Sozialversicherungsbeiträge, die ein Arbeitgeber für seine Arbeitnehmer entrichtet.",Die Arbeitgeberbeiträge zur Lohnsteuer und zur Sozialversicherung werden als Teil des Aufwands für Arbeitnehmerleistungen angesetzt.
E,Enactment,Verabschiedung (eines Steuergesetzes),"Die förmliche Verabschiedung eines Steuergesetzes, durch die dieses materiell wirksam wird.",Die latenten Steuern wurden nach der Verabschiedung des neuen Gesetzes bemessen.
E,End of reporting period,Ende der Berichtsperiode,"Der letzte Tag der Periode, die von den Jahresabschlüssen erfasst wird.",Die Vermögenswerte wurden am Ende der Berichtsperiode bewertet.
E,End of the reporting period,Ende der Berichtsperiode,"Der letzte Tag der Periode, die vom Jahresabschluss erfasst wird.","Ereignisse nach dem Ende der Berichtsperiode werden daraufhin beurteilt, ob Anpassungen erforderlich sind."
E,Enforcement of covenants,Durchsetzung von Vertragsauflagen (Covenants),Die Geltendmachung vertraglicher Bedingungen gegenüber einem Kreditnehmer.,"Die Durchsetzung von Covenants berechtigt den Kreditgeber, die Rückzahlung zu verlangen."
E,Enhanced disclosure,Erweiterte Angaben,"Zusätzliche oder detailliertere Angaben, die verlangt werden, um den Nutzern ein besseres Verständnis der Geschäftsvorfälle und Risiken eines Unternehmens zu vermitteln.","Erweiterte Angabepflichten gelten für Unternehmen, die Bewertungen zum beizulegenden Zeitwert vornehmen."
E,Enterprise,Unternehmen,"Ein Unternehmen, das geschäftlich tätig ist.",Das Unternehmen erstellt Jahresabschlüsse für allgemeine Informationszwecke.
E,Enterprises whose shares are (not) publicly traded,"Unternehmen, deren Aktien (nicht) öffentlich gehandelt werden","Unternehmen, die danach unterschieden werden, ob ihre Aktien öffentlich gehandelt werden.","Der Standard gilt für Unternehmen, deren Aktien nicht öffentlich gehandelt werden."
E,Entities whose debt or equity securities are publicly traded,"Unternehmen, deren Schuldtitel oder Aktien öffentlich gehandelt werden","Unternehmen, deren Wertpapiere an einem öffentlichen Markt notiert oder gehandelt werden.","Diese Standards gelten für Unternehmen, deren Schuldtitel oder Aktien öffentlich gehandelt werden."
E,Entity,Unternehmen,"Jede abgrenzbare wirtschaftliche Einheit, die Jahresabschlüsse erstellt.",Das berichtspflichtige Unternehmen erstellt den Konzernabschluss für die Gruppe.
E,Entity-specific value,Unternehmensspezifischer Wert,"Der Wert eines Vermögenswerts für das jeweilige Unternehmen, das ihn hält.",Der unternehmensspezifische Wert kann vom beizulegenden Zeitwert abweichen.
E,Environmental obligations,Umweltbezogene Verpflichtungen,"Pflichten zur Verhütung, Verringerung oder Sanierung von Umweltschäden.",Umweltbezogene Verpflichtungen wurden als Rückstellung angesetzt.
E,Equal prominence,Gleichrangige Darstellung,Die Darstellung aller Abschlüsse mit gleichem Gewicht.,Alle Abschlüsse werden gleichrangig dargestellt.
E,Equalisation provisions,Schwankungsrückstellungen,"Rückstellungen, die Versicherungsschäden über die Zeit ausgleichen.",Schwankungsrückstellungen sind in einigen Rechtsordnungen nicht zulässig.
E,Equity,Eigenkapital,Der verbleibende Anteil an den Vermögenswerten eines Unternehmens nach Abzug aller seiner Schulden.,Das gesamte Eigenkapital stieg infolge des Jahresüberschusses und der Aktienemission.
E,Equity accounting method – recognition of losses,Equity-Methode – Ansatz von Verlusten,Die Erfassung von Verlusten nach der Equity-Methode.,Die Erfassung von Verlusten nach der Equity-Methode ist auf die Beteiligung begrenzt.
E,Equity balances,Eigenkapitalbestände,"Die Komponenten und Beträge, aus denen sich das Eigenkapital der Aktionäre zusammensetzt.",Zu den Eigenkapitalbeständen zählen gezeichnetes Kapital und Gewinnrücklagen.
E,Equity capital,Von den Gesellschaftern eingebrachtes Kapital,Von den Eigentümern eingebrachte Mittel im Gegensatz zu Fremdkapital.,Das Eigenkapital bildet einen Puffer gegen Verluste.
E,Equity compensation benefits(=stock (=share) compensation benefits),Aktienbasierte Vergütungsleistungen,Den Arbeitnehmern in Form eigener Eigenkapitalinstrumente des Unternehmens gewährte Leistungen.,Die aktienbasierten Vergütungsleistungen wurden mit dem beizulegenden Zeitwert der gewährten Aktien bewertet.
E,Equity compensation plans (=share (=stock) compensation plans),Aktienbasierte Vergütungspläne,"Vereinbarungen, die Arbeitnehmer mit Aktien oder Aktienoptionen vergüten.",Die aktienbasierten Vergütungspläne wurden von den Aktionären genehmigt.
E,Equity component,Eigenkapitalkomponente,"Der Teil eines zusammengesetzten Finanzinstruments, der als Eigenkapital eingestuft wird.",Die Eigenkapitalkomponente wird als Restbetrag bemessen.
E,Equity holders,Eigenkapitalgeber / Aktionäre,Die Inhaber der Eigenkapitalinstrumente eines Unternehmens.,Der den Eigenkapitalgebern des Mutterunternehmens zurechenbare Gewinn wird ausgewiesen.
E,Equity index,Aktienindex,"Ein Index, der Aktienkurse abbildet.",Die Rendite ist an einen Aktienindex gekoppelt.
E,Equity instrument,Eigenkapitalinstrument,"Jeder Vertrag, der einen verbleibenden Anteil an den Vermögenswerten eines Unternehmens nach Abzug aller seiner Schulden verbrieft.",Stammaktien sind ein Beispiel für ein vom Unternehmen begebenes Eigenkapitalinstrument.
E,Equity instrument granted,Gewährte Eigenkapitalinstrumente,Ein im Rahmen einer aktienbasierten Vergütung begebenes Eigenkapitalinstrument.,Der beizulegende Zeitwert des gewährten Eigenkapitalinstruments wird am Gewährungsdatum bemessen.
E,Equity interests,Eigenkapitalanteile / Beteiligungen,"Eigentumsanteile an einem Unternehmen, die durch Aktien verbrieft sind.",Die Gruppe hält Beteiligungen an mehreren assoziierten Unternehmen.
E,Equity issue,Aktienemission,Die Ausgabe von Aktien zur Kapitalbeschaffung.,Die Aktienemission verschaffte zusätzliche Mittel für die Expansion.
E,Equity method,Equity-Methode,"Eine Methode zur Bilanzierung von Anteilen an assoziierten Unternehmen, bei der die Beteiligung um den Anteil des Investors am Ergebnis angepasst wird.",Die 30%ige Beteiligung am assoziierten Unternehmen wurde nach der Equity-Methode bilanziert.
E,Equity securities,Eigenkapitalwertpapiere / Aktien,"Finanzinstrumente, die das Eigentum an einem Unternehmen darstellen.",Eigenkapitalwertpapiere werden zum beizulegenden Zeitwert bewertet.
E,Equity – costs of an equity transaction,Eigenkapital – Kosten einer Eigenkapitaltransaktion,"Zusätzliche Kosten, die unmittelbar der Begebung oder dem Erwerb von Eigenkapitalinstrumenten zurechenbar sind.",Die Transaktionskosten der Begebung neuer Aktien werden vom Eigenkapital abgezogen.
E,Equity-settled share-based payment transaction,Eigenkapitalbasierte (aus Eigenkapital erfüllte) aktienbasierte Vergütungstransaktion,"Eine Transaktion, die durch Begebung von Eigenkapitalinstrumenten erfüllt wird.",Bei einer eigenkapitalbasierten aktienbasierten Vergütung wird der Aufwand gegen das Eigenkapital erfasst.
E,Estimated costs,Geschätzte Kosten,Für die Zukunft veranschlagte Kosten.,Die geschätzten Kosten zur Fertigstellung werden in jeder Periode überprüft.
E,Estimated future cash flows,Geschätzte künftige Zahlungsströme,"Prognostizierte Zahlungsströme, die bei der Bewertung und beim Wertminderungstest zur Bestimmung der erzielbaren Beträge herangezogen werden.","Der erzielbare Betrag basierte auf den geschätzten künftigen Zahlungsströmen, die auf ihren Barwert abgezinst wurden."
E,European share option,Europäische Aktienoption,"Eine Option, die nur bei Fälligkeit ausgeübt werden kann.",Eine europäische Aktienoption kann nur am Laufzeitende ausgeübt werden.
E,Evaluating the Substance of Transactions Involving the Legal Form of a Lease,Beurteilung des wirtschaftlichen Gehalts von Transaktionen in der rechtlichen Form eines Leasingvertrags,"Die Prüfung, ob eine Transaktion ihrem wirtschaftlichen Gehalt nach ein Leasinggeschäft ist.",Wir beurteilten den wirtschaftlichen Gehalt der Transaktion ungeachtet ihrer rechtlichen Form.
E,Event-driven fair value measurements,Ereignisgesteuerte Bewertungen zum beizulegenden Zeitwert,"Bewertungen zum beizulegenden Zeitwert, die durch bestimmte Ereignisse und nicht durch die periodische Berichterstattung ausgelöst werden.",Nach der Restrukturierung waren ereignisgesteuerte Bewertungen zum beizulegenden Zeitwert erforderlich.
E,Events After the Balance Sheet Date,Ereignisse nach dem Bilanzstichtag,"Ereignisse, die zwischen dem Berichtsstichtag und dem Datum eintreten, zu dem die Jahresabschlüsse zur Veröffentlichung freigegeben werden.",Nach dem Standard zu den Ereignissen nach dem Bilanzstichtag wurde der Brand als anpassungsbedürftiges Ereignis behandelt.
E,Events after the reporting period,Ereignisse nach dem Berichtsstichtag,"Ereignisse, die zwischen dem Berichtsstichtag und der Freigabe der Jahresabschlüsse eintreten.",Ereignisse nach dem Berichtsstichtag erforderten eine Anpassung der Jahresendzahlen.
E,Events occurring after the balance sheet date,Nach dem Bilanzstichtag eintretende Ereignisse,"Günstige oder ungünstige Ereignisse, die zwischen dem Berichtsstichtag und der Freigabe der Abschlüsse eintreten.","Die Geschäftsleitung beurteilte die Ereignisse nach dem Bilanzstichtag, bevor sie die Abschlüsse fertigstellte."
E,Eventual recipients,Endempfänger,"Die Parteien, die die Waren oder Dienstleistungen letztlich erhalten.",Die Endempfänger aktienbasierter Vergütungen werden bei der Gewährung identifiziert.
E,Evidence of impairment,Nachweis einer Wertminderung,"Objektiver Nachweis, dass ein Vermögenswert wertgemindert ist.",Der Nachweis einer Wertminderung löst eine Abschreibung aus.
E,Exchange difference,Kursdifferenz,"Die Differenz, die daraus resultiert, dass eine bestimmte Anzahl von Einheiten einer Währung zu unterschiedlichen Wechselkursen in eine andere Währung umgerechnet wird.",Die Kursdifferenz aus der Umrechnung des ausländischen Tochterunternehmens wurde im sonstigen Gesamtergebnis erfasst.
E,Exchange of assets,Tausch von Vermögenswerten,Der Austausch eines Vermögenswerts gegen einen anderen.,"Ein Tausch von Vermögenswerten wird mit dem beizulegenden Zeitwert bewertet, wenn er wirtschaftlichen Gehalt besitzt."
E,Exchange rate,Wechselkurs / Devisenkurs,"Der Kurs, zu dem eine Währung gegen eine andere getauscht wird.",Der Wechselkurs hat sich im letzten Quartal deutlich zu unseren Ungunsten entwickelt.
E,Exchange transaction,Tauschgeschäft,"Ein Geschäftsvorfall, bei dem zwei Parteien Vermögenswerte oder Dienstleistungen austauschen.",Im Tauschgeschäft wurde ein Grundstück gegen ein anderes getauscht.
E,Executory contract,Schwebender Vertrag (schwebendes Geschäft),"Ein Vertrag, bei dem keine der Parteien bislang ihre vertraglichen Pflichten erfüllt hat.","Der schwebende Vertrag wurde erst bilanziert, als eine der Parteien ihre Leistung erbrachte."
E,Exemptions,Ausnahmen / Befreiungen,Erleichterungen von der Anwendung bestimmter Vorschriften eines Standards oder Rahmens.,Der Standard räumt Erstanwendern mehrere Ausnahmen ein.
E,Exercise date,Ausübungsdatum,"Das Datum, an dem eine Option oder ein Optionsschein ausgeübt werden kann.",Das Ausübungsdatum der Aktienoptionen fällt in den März.
E,Exercise of rights,Ausübung von Rechten,"Die Ausübung eines Rechts, zum Beispiel einer Aktienoption.",Die Ausübung der Rechte führte zur Ausgabe neuer Aktien.
E,Exercise price,Ausübungspreis,"Der Preis, zu dem eine Option ausgeübt werden kann.",Der Ausübungspreis wurde unter dem Marktpreis festgelegt.
E,Existing liability,Bestehende Verpflichtung,"Eine gegenwärtige Verpflichtung aus einem vergangenen Ereignis, von der erwartet wird, dass sie zu einem Abfluss von Ressourcen führt.","Eine Rückstellung wird nur angesetzt, wenn am Berichtsstichtag eine bestehende Verpflichtung wahrscheinlich ist."
E,Expected value,Erwartungswert,Ein wahrscheinlichkeitsgewichteter Durchschnitt möglicher Ergebnisse.,Der Erwartungswert der Rückstellung wurde aus den möglichen Ergebnissen berechnet.
E,Expenditure,Ausgaben / Aufwendungen,Mittelabfluss oder Eingehen von Verbindlichkeiten.,Die Investitionsausgaben sind in diesem Jahr deutlich gestiegen.
E,Expenses,Aufwendungen,"Minderungen des wirtschaftlichen Nutzens während der Periode, in der Regel in Form von Mittelabflüssen.",Die betrieblichen Aufwendungen sind im vierten Quartal stark gestiegen.
E,Experience account,Erfahrungskonto (auf aktuarischen Annahmen basierendes Konto),"Ein fiktives Konto in der Versicherungsrechnungslegung, das die Abweichung zwischen der tatsächlichen Entwicklung und den Annahmen verfolgt.",Die im Erfahrungskonto erfassten versicherungsmathematischen Gewinne spiegelten eine bessere als die erwartete Sterblichkeit wider.
E,Experience adjustments,Erfahrungsanpassungen (Abweichungen zwischen aktuarischen Annahmen und tatsächlicher Entwicklung),Unterschiede zwischen versicherungsmathematischen Annahmen und der tatsächlich eingetretenen Entwicklung.,Die Erfahrungsanpassungen verringerten in diesem Jahr die Verpflichtung aus der leistungsorientierten Zusage.
E,Expiry date,Verfallstag / Ablaufdatum,"Das Datum, an dem ein Vertrag oder eine Option ungültig wird.","Die Option verfiel, ohne dass sie bis zum Verfallstag ausgeübt worden war."
E,Explicit and unreserved statement of compliance,Ausdrückliche und vorbehaltlose Erklärung der Übereinstimmung,"Eine Erklärung, dass die Jahresabschlüsse vollständig mit den IFRS übereinstimmen.",Eine ausdrückliche und vorbehaltlose Erklärung der Übereinstimmung mit den IFRS ist erforderlich.
E,Exploration and evaluation assets,Aufsuchungs- und Bewertungsaktiva,Vermögenswerte aus der Aufsuchung von mineralischen Vorkommen.,Aufsuchungs- und Bewertungsaktiva werden auf Wertminderung geprüft.
E,Exploration and evaluation expenditures,Aufsuchungs- und Bewertungsaufwendungen,Kosten für die Suche nach mineralischen Rohstoffen und für die Bestimmung der technischen Machbarkeit und wirtschaftlichen Tragfähigkeit.,Aufsuchungs- und Bewertungsaufwendungen werden bis zur Bestimmung der wirtschaftlichen Tragfähigkeit als Vermögenswerte angesetzt.
E,Exploration for and Evaluation of Mineral Resources,Aufsuchung und Bewertung von mineralischen Vorkommen,Der Standard zu den Aufsuchungs- und Bewertungsaktiva.,Der Standard regelt die Aufsuchungs- und Bewertungsaufwendungen.
E,Exposure draft,Entwurf eines Standards (Exposure Draft),Ein zur öffentlichen Stellungnahme veröffentlichter Standardentwurf.,Das Board gab einen Entwurf zur Erlöserfassung heraus.
E,Expropriation of major assets,Enteignung wesentlicher Vermögenswerte,Die Beschlagnahme wesentlicher Vermögenswerte eines Unternehmens durch den Staat.,Die Enteignung wesentlicher Vermögenswerte verursachte einen erheblichen Wertminderungsaufwand.
E,Extinguishing Financial Liabilities with Equity Instruments,Tilgung von Verbindlichkeiten mit Eigenkapitalinstrumenten,Die Leitlinie zur Bilanzierung der Erfüllung einer Verbindlichkeit durch Begebung eigener Eigenkapitalinstrumente des Schuldners.,Nach der Interpretation zur Tilgung von Verbindlichkeiten mit Eigenkapitalinstrumenten wurde der Gewinn in der Gewinn- und Verlustrechnung erfasst.
E,Extraordinary items,Außerordentliche Posten,"Gewinne oder Verluste, die sich deutlich von der gewöhnlichen Geschäftstätigkeit unterscheiden.",Die IFRS gestatten die gesonderte Darstellung außerordentlicher Posten nicht mehr.
E,Face (of financial statements or notes),Hauptteil (Face) der Abschlüsse bzw. des Anhangs,"Der Hauptteil, in dem die Jahresabschlüsse oder der Anhang dargestellt werden.",Die Angaben werden im Hauptteil der Jahresabschlüsse dargestellt.
E,Fair presentation,Den wahren Verhältnissen entsprechende Darstellung,Die getreue Darstellung der Geschäftsvorfälle in den Jahresabschlüssen.,Eine den wahren Verhältnissen entsprechende Darstellung erfordert die getreue Abbildung der Lage des Unternehmens.
E,Fair value,beizulegender Zeitwert,Der Preis für den Verkauf eines Vermögenswerts in einer geordneten Transaktion.,Der beizulegende Zeitwert wird unter Verwendung von Annahmen der Marktteilnehmer gemessen.
E,Fair value gains and losses,Gewinne und Verluste aus dem beizulegenden Zeitwert / Zeitwertgewinne und -verluste,"Gewinne oder Verluste, die aus der Neubewertung eines Vermögenswerts oder einer Schuld auf den beizulegenden Zeitwert zum Berichtsstichtag entstehen.",Gewinne und Verluste aus dem beizulegenden Zeitwert des Handelsportfolios werden in der Gewinn- und Verlustrechnung erfasst.
E,Fair value hedge,Fair-Value-Hedge / Absicherung einer Wertänderung zum beizulegenden Zeitwert,Eine Absicherung von Änderungen des beizulegenden Zeitwerts.,Ein Fair-Value-Hedge gleicht Änderungen des Werts des abgesicherten Postens aus.
E,Fair value less costs to sell,beizulegender Zeitwert abzüglich Kosten der Veräußerung,Beizulegender Zeitwert eines Vermögenswerts abzüglich der Veräußerungskosten.,Die Maschine wurde mit dem beizulegenden Zeitwert abzüglich der Veräußerungskosten bewertet.
E,Fair value measurement,Bewertung zum beizulegenden Zeitwert,"Der Preis, der für den Verkauf eines Vermögenswerts in einer geordneten Transaktion erzielt wird.",Die Bewertung des Gebäudes zum beizulegenden Zeitwert verwendete aktuelle Marktdaten.
E,Fair value model,Fair-Value-Modell / Bewertung zum beizulegenden Zeitwert,"Eine Bewertungsmethode, bei der Investitionsimmobilien mit ihrem beizulegenden Zeitwert fortgeführt werden und Wertänderungen in der Gewinn- und Verlustrechnung erfasst werden.",Das Unternehmen wendet das Fair-Value-Modell auf alle seine Investitionsimmobilien an.
E,Faithful representation,zutreffende Darstellung / getreue Abbildung,"Informationen, die das, was sie darstellen sollen, zutreffend wiedergeben.","Die zutreffende Darstellung erfordert vollständige, neutrale und fehlerfreie Informationen."
E,Fees,Gebühren / Beiträge,"Entgelte, die für Leistungen oder eine Mitgliedschaft gezahlt werden.",Das Unternehmen zahlte jährliche Gebühren an die Börse.
E,Fellow subsidiary,Schwestergesellschaft,Ein Tochterunternehmen desselben Mutterunternehmens wie ein anderes Unternehmen.,Die Schwestergesellschaft wird innerhalb desselben Konzerns konsolidiert.
E,Fidelity bonds,Treueversicherung / Untreueversicherung,Versicherung gegen Untreue von Arbeitnehmern.,Treueversicherungen decken Verluste aus Betrug von Arbeitnehmern ab.
E,Fiduciary activities,Treuhandaktivitäten / Treuhandgeschäfte,"Aktivitäten, bei denen ein Unternehmen Vermögenswerte für Rechnung anderer hält oder verwaltet, ohne diese als eigene Vermögenswerte anzusetzen.",Vermögenswerte aus Treuhandaktivitäten werden nicht in der Bilanz des Unternehmens angesetzt.
E,Fiduciary capacity,treuhänderische Eigenschaft / Treuhandstellung,Handeln für andere bzw. in fremdem Namen.,Die Bank handelt für ihre Kunden in treuhänderischer Eigenschaft.
E,FIFO,"FIFO (First in, first out)","Verfahren der Vorratsbewertung, bei dem die zuerst eingegangenen Bestände zuerst verbraucht oder verkauft werden.",Nach dem FIFO-Verfahren werden die ältesten Vorräte zuerst verkauft.
E,FIFO formula,FIFO-Methode / FIFO-Verfahren,"Bewertungsannahme für Vorräte, nach der die zuerst beschafften Bestände zuerst verkauft werden.",Die FIFO-Methode wurde zur Bewertung des Endbestands der Vorräte angewendet.
E,Finance lease,Finanzierungsleasing,"Ein Leasingvertrag, bei dem im Wesentlichen alle Risiken und Chancen des Eigentums auf den Leasingnehmer übertragen werden.","Die Ausrüstung wurde als Finanzierungsleasing angesetzt, da das Eigentum am Ende der Laufzeit übertragen wurde."
E,Finance lease obligations,Verbindlichkeiten aus Finanzierungsleasing,"Verbindlichkeiten aus Leasingverträgen, bei denen im Wesentlichen alle Eigentumsrisiken übertragen werden.",Verbindlichkeiten aus Finanzierungsleasing werden in einen kurzfristigen und einen langfristigen Teil gegliedert.
E,Financial asset,finanzieller Vermögenswert / Finanzwert,"Jeder Vermögenswert, der Barmittel, ein Eigenkapitalinstrument oder ein vertragliches Recht auf Zahlung von Barmitteln ist.",Forderungen aus Lieferungen und Leistungen werden als finanzieller Vermögenswert angesetzt.
E,Financial asset or financial liability at fair value through profit or loss,finanzieller Vermögenswert oder finanzielle Verbindlichkeit zum beizulegenden Zeitwert mit erfolgswirksamer Wertänderung,"Ein Finanzinstrument, das zum beizulegenden Zeitwert bewertet wird, wobei Wertänderungen in der Gewinn- und Verlustrechnung erfasst werden.",Das Derivat wird als finanzieller Vermögenswert zum beizulegenden Zeitwert mit erfolgswirksamer Wertänderung klassifiziert.
E,Financial asset or liability held for trading,zu Handelszwecken gehaltener finanzieller Vermögenswert oder finanzielle Verbindlichkeit,"Finanzinstrumente, die gehalten werden, um von kurzfristigen Kursbewegungen zu profitieren.",Zu Handelszwecken gehaltene finanzielle Vermögenswerte werden zum beizulegenden Zeitwert mit erfolgswirksamer Wertänderung bewertet.
E,Financial assets acquired at a discount that reflects incurred credit losses,"finanzielle Vermögenswerte, die mit einem Abschlag erworben wurden, der eingetretene Kreditverluste widerspiegelt","Finanzielle Vermögenswerte, die zu einem Preis erworben werden, der bereits eingetretene Kreditverluste widerspiegelt; für sie werden Zinserträge auf der Grundlage des um Kreditausfälle angepassten effektiven Zinssatzes berechnet.","Bei finanziellen Vermögenswerten, die mit einem Abschlag erworben wurden, der eingetretene Kreditverluste widerspiegelt, werden Zinserträge unter Verwendung des um Kreditausfälle angepassten effektiven Zinssatzes erfasst."
E,Financial capital,finanzielles Kapital / Finanzkapital,In Geldeinheiten gemessenes Kapital.,Das finanzielle Kapital wird in nominalen Geldeinheiten aufrechterhalten.
E,Financial conglomerate,Finanzkonglomerat,"Eine Konzerngruppe, die sektorübergreifend von Finanzaktivitäten geprägt ist.",Das Finanzkonglomerat umfasst Banken und Versicherungen.
E,Financial guarantee,Finanzgarantie,"Ein Vertrag, der den Aussteller zur Zahlung verpflichtet, wenn ein Schuldner ausfällt.",Das Mutterunternehmen stellte eine Finanzgarantie für den Kredit des Tochterunternehmens.
E,Financial guarantee contract,Finanzgarantievertrag,"Ein Vertrag, der den Aussteller zu Zahlungen verpflichtet, wenn ein bestimmter Schuldner seinen Verpflichtungen nicht nachkommt.",Der Finanzgarantievertrag des Mutterunternehmens für den Kredit des Tochterunternehmens wurde als Eventualverbindlichkeit angegeben.
E,Financial institution,Finanzinstitut,"Ein Unternehmen, das Finanzdienstleistungen wie Bank- oder Versicherungsleistungen erbringt.",Das Finanzinstitut legte sein Kreditrisiko offen.
E,Financial instruments,Finanzinstrumente,"Verträge, die für einen Vertragspartner einen finanziellen Vermögenswert und für den anderen eine finanzielle Verbindlichkeit oder Eigenkapital begründen.","Derivate sind Finanzinstrumente, die zum beizulegenden Zeitwert bewertet werden."
E,Financial instruments puttable at fair value,zum beizulegenden Zeitwert zurückgebbare Finanzinstrumente,"Finanzinstrumente, die dem Inhaber das Recht einräumen, sie zum beizulegenden Zeitwert zurückzugeben.",Zurückgebbare Instrumente können in begrenzten Fällen als Eigenkapital klassifiziert werden.
E,Financial Instruments: Disclosure and Presentation,Finanzinstrumente: Angaben und Darstellungsweise,Standard über die Angaben und die Darstellung von Finanzinstrumenten.,"Dieser Standard behandelt, wie Finanzinstrumente dargestellt werden."
E,Financial Instruments: Disclosures,Finanzinstrumente: Angaben,"Der Standard, der verlangt, dass Unternehmen Angaben über die Bedeutung von Finanzinstrumenten sowie über Art und Umfang der damit verbundenen Risiken machen.",Das Unternehmen kam den Angabepflichten des Standards Finanzinstrumente: Angaben nach.
E,Financial Instruments: Presentation,Finanzinstrumente: Darstellungsweise,Der Standard über die Darstellung von Finanzinstrumenten.,Dieser Standard regelt die Darstellung von Finanzinstrumenten.
E,Financial Instruments: Recognition and Measurement,Finanzinstrumente: Ansatz und Bewertung,Der Standard IAS 39 zur Bilanzierung von Finanzinstrumenten.,IAS 39 umfasst Ansatz und Bewertung von Finanzinstrumenten.
E,Financial liability,finanzielle Verbindlichkeit / Finanzverbindlichkeit,Eine vertragliche Verpflichtung zur Zahlung von Barmitteln oder zur Hingabe eines anderen finanziellen Vermögenswerts.,Die Anleihe wird als finanzielle Verbindlichkeit klassifiziert.
E,Financial liability at fair value through profit or loss,finanzielle Verbindlichkeit zum beizulegenden Zeitwert mit erfolgswirksamer Wertänderung,"Eine finanzielle Verbindlichkeit, die beim Ansatz und in der Folgebewertung mit dem beizulegenden Zeitwert bewertet wird, wobei Wertänderungen in der Gewinn- und Verlustrechnung erfasst werden.",Die Handelsanleihen wurden als finanzielle Verbindlichkeiten zum beizulegenden Zeitwert mit erfolgswirksamer Wertänderung eingestuft.
E,Financial performance,finanzielle Ertragslage / finanzielle Performance,"Das Ergebnis der Geschäftstätigkeit eines Unternehmens, gemessen an Erträgen und Aufwendungen.",Die Gesamtergebnisrechnung stellt die finanzielle Ertragslage dar.
E,Financial position,finanzielle Lage / Vermögens- und Finanzlage,"Die wirtschaftlichen Ressourcen, Verpflichtungen und das Eigenkapital eines Unternehmens zu einem bestimmten Zeitpunkt.","Die Bilanz weist Vermögenswerte, Schulden und Eigenkapital aus."
E,Financial reporting,Finanzberichterstattung,Die Berichterstattung über die finanzielle Lage und die Ertragslage eines Unternehmens.,Ziel der Finanzberichterstattung ist die Bereitstellung nützlicher Informationen.
E,Financial Reporting in Hyperinflationary Economies,Finanzberichterstattung in Hochinflationsökonomien,"Standard, der bei Hochinflation die Neubewertung (Anpassung) der Zahlen verlangt.",Unternehmen wenden in Hochinflationsökonomien die Neubewertung der Zahlen an.
E,Financial Reporting of Interests in Joint Ventures,Berichterstattung über Beteiligungen an Joint Ventures,"Der Standard, der regelt, wie ein Beteiligungsunternehmen seine Beteiligungen an gemeinsam geführten Unternehmen und anderen Gemeinschaftsvereinbarungen berichtet.",Der Standard über die Berichterstattung über Beteiligungen an Joint Ventures lässt die anteilige (proportionale) Konsolidierung oder die Equity-Methode zu.
E,Financial review,finanzielle Überprüfung / Finanzbericht,Eine Überprüfung der finanziellen Lage eines Unternehmens.,Der Finanzbericht erörtert die Ertragslage des Unternehmens.
E,Financial risk,Finanzrisiko,Risiko eines Verlusts durch Kursbewegungen auf Finanzmärkten.,Das Finanzrisiko umfasst Währungs- und Zinsänderungsrisiken.
E,Financial service fees,Finanzdienstleistungsgebühren,Gebühren für die Verwaltung oder Vermittlung finanzieller Vermögenswerte.,Finanzdienstleistungsgebühren wurden über die Zeit als Umsatzerlöse erfasst.
E,Financial statements,Jahresabschluss (bzw. Konzernabschluss),Strukturierte Darstellungen der finanziellen Lage und der Ertragslage eines Unternehmens einschließlich Anhang.,Der Jahresabschluss wurde am 20. März zur Veröffentlichung genehmigt.
E,Financial year-to-date basis,Kumulierung seit Beginn des Geschäftsjahres,Berichterstattung über die seit Beginn des Geschäftsjahres kumulierten Ergebnisse.,Zwischenberichte werden auf Basis der Kumulierung seit Beginn des Geschäftsjahres erstellt.
E,Financing activities,Finanzierungstätigkeiten,"Aktivitäten, die die Größenordnung und Zusammensetzung des eingebrachten Eigenkapitals und der Kreditaufnahme verändern.",Erlöse aus Bankdarlehen werden den Finanzierungstätigkeiten zugeordnet.
E,Financing device,Finanzierungskonstruktion / Finanzierungsinstrument,"Eine Vereinbarung, deren wirtschaftlicher Gehalt ein Finanzierungsgeschäft ist.",Die Vereinbarung wurde ihrem wirtschaftlichen Gehalt nach als Finanzierungskonstruktion beurteilt.
E,Finder’s fees,Vermittlungsgebühr / Maklergebühr,"Gebühren, die an einen Vermittler gezahlt werden.",Die Vermittlungsgebühren wurden mit ihrer Entstehung als Aufwand erfasst.
E,Finished good,Fertigerzeugnis / Fertigprodukt,"Ein fertiges Erzeugnis, das den Produktionsprozess durchlaufen hat und verkaufsbereit ist.",Fertigerzeugnisse werden mit dem niedrigeren Wert aus Kosten und Nettoveräußerungswert bewertet.
E,Firm commitment,Festzusage / verbindliche Zusage,Eine verbindliche Vereinbarung über ein künftiges Geschäft.,Eine Festzusage über den Kauf von Vorräten wird offengelegt.
E,Firm purchase commitment,verbindliche Kaufzusage,Verbindliche Vereinbarung zum Kauf von Waren zu festen Konditionen.,Die verbindliche Kaufzusage wurde gegen Preisänderungen abgesichert.
E,Firm sales contracts,verbindliche Verkaufsverträge / Festverkaufsverträge,Verbindliche Vereinbarungen zum Verkauf von Waren zu festen Konditionen.,Die verbindlichen Verkaufsverträge legten die Preise für das kommende Jahr fest.
E,First IFRS financial statements,erstmals nach IFRS erstellte Finanzberichte / erster IFRS-Abschluss,"Der erste Jahresabschluss, in dem ein Unternehmen die IFRS mit ausdrücklicher Erklärung der Übereinstimmung anwendet.",Das Unternehmen legte seine erstmals nach IFRS erstellten Finanzberichte für das am 31. Dezember endende Geschäftsjahr vor.
E,First IFRS reporting period,erste IFRS-Berichtsperiode,"Die früheste Periode, für die ein Unternehmen vollständige IFRS-Finanzberichte vorlegt.",Die erste IFRS-Berichtsperiode erforderte eine Neudarstellung der Vergleichszahlen.
E,"First-in, first-out","First in, first out (FIFO)","Verfahren der Vorratsbewertung, bei dem angenommen wird, dass die zuerst beschafften Artikel zuerst verkauft werden.",Das Unternehmen bewertet seine Vorräte nach der First-in-first-out-Methode.
E,First-time adopter,erstmaliger IFRS-Anwender,"Ein Unternehmen, das erstmals Finanzberichte nach IFRS erstellt.",Ein erstmaliger IFRS-Anwender wendet bei der Umstellung IFRS 1 an.
E,First-time adoption,erstmalige IFRS-Anwendung / Übergang auf IFRS,Die erstmalige Anwendung der IFRS.,Die erstmalige Anwendung erfordert eine rückwirkende Anwendung.
E,First-time Adoption of International Financial Reporting Standards,Erstmalige Anwendung der International Financial Reporting Standards (IFRS),"Der Standard, der die Verfahren festlegt, die ein Unternehmen bei der erstmaligen Anwendung der IFRS einzuhalten hat.",Bei der erstmaligen Anwendung der International Financial Reporting Standards erstellte das Unternehmen eine IFRS-Eröffnungsbilanz.
E,First-time application,erstmalige Anwendung (der IFRS),Die erstmalige Anwendung der IFRS.,Die erstmalige Anwendung erfordert einen IFRS-Eröffnungsabschluss.
E,First-time Application of IASs as the Primary Basis of Accounting,Erstmalige Anwendung der IAS als primäre Rechnungslegungsgrundlage,"Leitlinien für Unternehmen, die die IAS als ihre primäre Rechnungslegungsgrundlage übernehmen.",Die erstmalige Anwendung erfordert eine Neudarstellung der Vergleichszahlen.
E,Fixed asset,Sachanlagevermögen / Anlagevermögen,"Ein langfristiger materieller Vermögenswert, der in der Geschäftstätigkeit genutzt wird.",Die neue Maschine wird als Sachanlage erfasst.
E,Fixed coupon rate,fester Kuponzinssatz,"Ein vertraglicher Zinssatz einer Anleihe, der über deren Laufzeit konstant bleibt.",Die Anleihe zahlt einen festen Kuponzinssatz von 5 % pro Jahr.
E,Fixed price contract,Festpreisvertrag,"Ein Vertrag, dessen Preis festgelegt ist und nicht variiert.",Der Festpreisvertrag setzte den Auftragnehmer Kostenüberschreitungen aus.
E,Fixed production overheads,fixe Produktionsgemeinkosten,"Indirekte Produktionskosten, die unabhängig vom Produktionsvolumen weitgehend konstant bleiben.",Fixe Produktionsgemeinkosten werden auf der Grundlage der normalen Kapazität verteilt.
E,Flat yield curve,flache Zinsstrukturkurve,"Eine Zinsstrukturkurve, bei der die Zinssätze über alle Laufzeiten ähnlich sind.",Bei einer flachen Zinsstrukturkurve sind kurzfristige und langfristige Zinssätze ähnlich.
E,Floating rate,variabler Zinssatz / flexibler Wechselkurs,"Ein Zinssatz oder Wechselkurs, der sich verändert.",Das Darlehen trägt einen an Marktzinsen gekoppelten variablen Zinssatz.
E,Floor,Zinsuntergrenze (Floor),"Eine Untergrenze für einen Zinssatz oder Preis, unter die dieser nicht fallen kann; häufig in Absicherungsgeschäften verwendet.","Die Zinsuntergrenze schützte das Unternehmen davor, dass die Marktzinsen unter das vereinbarte Niveau fallen."
E,For consolidation purposes,zu Konsolidierungszwecken,Zum Zweck der Erstellung des Konzernabschlusses.,Zu Konsolidierungszwecken werden einheitliche Rechnungslegungsmethoden verwendet.
E,Forecast,Prognose / Schätzung,Vorhersage künftiger finanzieller Ergebnisse oder Verhältnisse.,Die Geschäftsführung erstellte eine Prognose der Umsätze des kommenden Jahres.
E,Forecast transaction,erwartete (noch nicht verbindliche) Transaktion,"Ein erwartetes, aber noch nicht fest zugesagtes künftiges Geschäft.",Die erwartete Transaktion wurde mit einem Forward-Kontrakt abgesichert.
E,Foreign currency,Fremdwährung,"Eine Währung, die nicht die funktionale Währung des berichtenden Unternehmens ist.",Geschäfte in Fremdwährung werden mit dem Kassakurs am Transaktionstag umgerechnet.
E,Foreign currency borrowing,Verschuldung in Fremdwährung / Fremdwährungskredite,"Verbindlichkeiten, die auf eine andere als die funktionale Währung des Unternehmens lauten.",Die Verschuldung in Fremdwährung führte bei der Umrechnung zu Kursdifferenzen.
E,Foreign currency derivative,Devisenderivat / Derivat in Fremdwährung,"Ein Derivat, dessen Zahlungsmittelströme von Devisenkursen bestimmt werden.","Der Konzern schloss ein Devisenderivat ab, um seine Exporte abzusichern."
E,Foreign currency derivatives,Devisenderivate / Fremdwährungderivate,"Derivate, deren Wert von Devisenkursen abhängt.",Devisenderivate wurden zur Absicherung der Risikoposition eingesetzt.
E,Foreign currency exchange prices,Devisenkurse / Preise in Fremdwährung,"Preise, die in einer Fremdwährung ausgedrückt sind.",Für die Umrechnung wurden Devisenkurse verwendet.
E,Foreign currency transaction,Fremdwährungsgeschäft / Geschäft in Fremdwährung,"Ein Geschäft, das auf eine andere als die funktionale Währung des Unternehmens lautet.",Ein Fremdwährungsgeschäft wird beim erstmaligen Ansatz mit dem Devisenkassakurs am Transaktionstag erfasst.
E,Foreign currency translation reserve (FCTR),Rücklage für Umrechnungsdifferenzen aus Fremdwährung,"Eine Rücklage, in der Umrechnungsdifferenzen erfasst werden.",Die Rücklage für Umrechnungsdifferenzen aus Fremdwährung kumuliert die Kursdifferenzen.
E,Foreign entity,ausländischer Geschäftsbetrieb / ausländisches Unternehmen,"Ein Tochterunternehmen oder Geschäftsbetrieb, der sich in einem anderen Land befindet.",Die Vermögenswerte des ausländischen Geschäftsbetriebs werden mit den Stichtagskursen umgerechnet.
E,Foreign exchange contract,Devisenkontrakt / Devisengeschäft,Eine Vereinbarung zum Umtausch von Währungen zu einem festgelegten Kurs.,"Das Unternehmen schloss einen Devisenkontrakt ab, um den Kurs festzuschreiben."
E,Foreign exchange differences,Kursdifferenzen / Umrechnungsdifferenzen,"Gewinne oder Verluste, die aus der Umrechnung von auf eine Währung lautenden Beträgen in eine andere Währung entstehen.",Die Kursdifferenzen aus dem Euro-Darlehen wurden in der Gewinn- und Verlustrechnung erfasst.
E,Foreign exchange rates,Devisenkurse,"Kurse, zu denen eine Währung gegen eine andere getauscht werden kann.",Für die Umrechnung werden die Devisenkurse am Berichtsstichtag verwendet.
E,Foreign Exchange – Capitalisation of Losses Resulting from Severe Currency Devaluations,Fremdwährung – Aktivierung von Verlusten aus schweren Währungsabwertungen,"Rechnungslegungsbehandlung, die die Aktivierung bestimmter Kursverluste aus schweren Abwertungen erlaubt.",Das Unternehmen wendete die Vorschriften zur Aktivierung von Verlusten aus schweren Währungsabwertungen an.
E,Foreign operation,ausländischer Geschäftsbetrieb,"Ein Tochterunternehmen oder eine Niederlassung, die in einem anderen Land tätig ist.",Die Vermögenswerte eines ausländischen Geschäftsbetriebs werden mit dem Stichtagskurs umgerechnet.
E,Forgivable loans,erlassbare Darlehen,"Darlehen, die der Darlehensgeber erlassen kann.",Ein erlassbares Darlehen wird bei seinem Erlass als Zuwendung behandelt.
E,Former subsidiary,ehemaliges Tochterunternehmen,"Ein Unternehmen, das zuvor vom Mutterunternehmen beherrscht wurde, aber kein Tochterunternehmen mehr ist.",Die verbleibende Beteiligung am ehemaligen Tochterunternehmen wird mit dem beizulegenden Zeitwert am Tag des Wegfalls der Beherrschung bewertet.
E,Forward contract,Forward-Kontrakt / unbedingtes Termingeschäft,Ein Vertrag über den Kauf oder Verkauf zu einem künftigen Termin.,Der Forward-Kontrakt legt den Devisenkurs fest.
E,Forward coupon rate,Forward-Kuponsatz / Terminkuponsatz,"Ein Zinssatz, der sich aus den Forward-Sätzen für eine künftige Periode ergibt.",Der Forward-Kuponsatz wurde zur Bewertung des Swaps verwendet.
E,Forward purchase contract,Forward-Kaufvertrag / Terminkaufvertrag,Ein Vertrag über den Kauf eines Vermögenswerts zu einem künftigen Termin und Preis.,Der Terminkaufvertrag sicherte die Rohstoffversorgung ab.
E,Forward repurchase agreement,Forward-Repurchase-Abkommen / Termin-Rückkaufvereinbarung,"Eine Vereinbarung, ein Wertpapier jetzt zu verkaufen und es zu einem festgelegten künftigen Termin und Preis zurückzukaufen.",Die unter einem Forward-Repurchase-Abkommen verkauften Wertpapiere blieben in der Bilanz.
E,Framework,Konzeptrahmen / Rahmenkonzept,"Die konzeptionelle Grundlage, die die Entwicklung und Anwendung der Standards leitet.",Der Konzeptrahmen bildet die Grundlage für die Erstellung der Finanzberichte.
E,Framework for the Preparation and Presentation of Financial Statements,Konzeptrahmen für die Erstellung und Darstellung von Jahresabschlüssen,"Der Konzeptrahmen, der die der Abschlusserstellung zugrunde liegenden Konzepte festlegt.",Der Konzeptrahmen gibt Leitlinien für die Auswahl der Rechnungslegungsmethoden.
E,Franchise fee,Franchisegebühr / Konzessionsgebühr,"Eine Gebühr für das Recht, das System eines Franchisegebers zu nutzen.",Die anfängliche Franchisegebühr wird bei ihrer Realisierung als Umsatzerlös erfasst.
E,Frozen credit spread method,Methode des eingefrorenen Kreditspreads (konstante Kreditmarge),"Ein Verfahren, bei dem der Kreditspread konstant gehalten wird.",Die Methode des eingefrorenen Kreditspreads hält den Spread bei der erstmaligen Erfassung konstant.
E,Full fair value,vollständiger beizulegender Zeitwert,"Der beizulegende Zeitwert der gesamten Beteiligung am erworbenen Unternehmen, der zur Bewertung des Firmenwerts einschließlich der nicht beherrschenden Anteile verwendet wird.",Der Firmenwert wurde unter Verwendung des vollständigen beizulegenden Zeitwerts des erworbenen Unternehmens einschließlich der nicht beherrschenden Anteile bewertet.
E,Fully proportionate (pro rata) share of the cash flows,voll anteiliger (pro-rata-)Anteil an den Cashflows,Ein im Verhältnis der Beteiligung stehender Anteil an den Cashflows.,Der Investor erhält einen voll anteiligen (pro-rata-)Anteil an den Cashflows.
E,Function of expense,Funktionsgliederung der Aufwendungen / Aufwandsfunktion,"Darstellung der Aufwendungen, gegliedert nach Funktionen wie etwa Herstellungskosten der erzielten Umsatzerlöse.",Die Gewinn- und Verlustrechnung weist die Aufwendungen nach Funktionen aus.
E,Functional currency,funktionale Währung,"Die Währung des vorwiegenden wirtschaftlichen Umfelds, in dem das Unternehmen tätig ist.",Die funktionale Währung des türkischen Tochterunternehmens ist die Lira.
E,Fundamental errors,grundlegende Fehler,"Fehler von solcher Bedeutung, dass die Abschlüsse vorheriger Perioden nicht mehr als zuverlässig angesehen werden können.",Die grundlegenden Fehler der Vorperiode wurden durch eine Neudarstellung der Vergleichszahlen berichtigt.
E,Fundamental Errors and Changes in Accounting Policies,Grundlegende Fehler und Änderungen der Rechnungslegungsmethoden,"Themenkomplex, der die Berichtigung wesentlicher Fehler und Änderungen der Rechnungslegungsmethoden behandelt.",Grundlegende Fehler werden nach diesem Standard rückwirkend berichtigt.
E,Funded amount,gedeckter Betrag / finanzierter Betrag,"Der Betrag der Vermögenswerte, die zur Deckung einer Verpflichtung gebildet wurden.",Der gedeckte Betrag überstieg den Barwert der Verpflichtung.
E,Funding,Fondsbildung / Mittelbereitstellung,Bereitstellung von Mitteln zur Finanzierung einer Tätigkeit oder Verpflichtung.,Der Deckungsstatus des Plans wird jährlich offengelegt.
E,Funding (of post-employment benefits),Fondsbildung (für Leistungen nach Beendigung des Arbeitsverhältnisses),Geleistete Beiträge zur Finanzierung von Vorsorgeplänen.,Die Fondsbildung für Leistungen nach Beendigung des Arbeitsverhältnisses verringert das Defizit des Plans.
E,Funding (of retirement benefits),Fondsbildung (für Altersleistungen),Die Bildung von Vermögenswerten in einem Fonds zur Deckung künftiger Altersleistungsverpflichtungen.,Die Finanzierung der Altersleistungen erfolgt über einen separat verwalteten Pensionsfonds.
E,Future cash flow,künftiger Cashflow,In künftigen Perioden erwartete Zahlungsmittel.,Der Nutzungswert des Vermögenswerts basiert auf künftigen Cashflows.
E,Future economic benefit,künftiger wirtschaftlicher Nutzen,Potenzial zur Erwirtschaftung von Cashflows oder anderen Vorteilen.,Ein Vermögenswert verkörpert einen künftigen wirtschaftlichen Nutzen.
E,Futures contract,Futures-Kontrakt (börsengehandelter Terminkontrakt),Ein standardisierter Vertrag über den Kauf oder Verkauf zu einem künftigen Termin.,Der Futures-Kontrakt wurde an einer organisierten Börse gehandelt.
G,GAAP,allgemein anerkannte Rechnungslegungsgrundsätze (GAAP),"Die Gesamtheit der Rechnungslegungsvorschriften und Grundsätze, denen ein Unternehmen in einer bestimmten Rechtsordnung folgt.",Die Überleitung vom bisherigen GAAP zu IFRS wurde im Anhang dargestellt.
G,Gain on disposal,Veräußerungsgewinn,"Gewinn, der erfasst wird, wenn ein Vermögenswert über seinem Buchwert veräußert wird.",Für den Verkauf des Tochterunternehmens wurde ein Veräußerungsgewinn erfasst.
G,Gains,Gewinne / Erträge,"Zunahmen des wirtschaftlichen Nutzens, die nicht auf Einlagen der Eigentümer zurückgehen.","Die Neubewertung führte zu Gewinnen, die im sonstigen Gesamtergebnis erfasst wurden."
G,General purchasing power approach,Verfahren der allgemeinen Kaufkraft,Anpassung von Beträgen unter Verwendung eines allgemeinen Preisindex.,Nach dem Verfahren der allgemeinen Kaufkraft werden die Abschlüsse an die Inflation angepasst.
G,General purpose financial statements,Finanzberichte für allgemeine Informationszwecke,"Abschlüsse, die für einen breiten Nutzerkreis erstellt werden.",Finanzberichte für allgemeine Informationszwecke decken die Bedürfnisse der meisten Nutzer ab.
G,General recognition principle,allgemeiner Ansatzgrundsatz,"Der Grundsatz, dass Sachverhalte anzusetzen sind, wenn sie die Definition eines Abschlusspostens und die zugehörigen Ansatzkriterien erfüllen.","Nach dem allgemeinen Ansatzgrundsatz wird ein Vermögenswert angesetzt, wenn es wahrscheinlich ist, dass dem Unternehmen künftige wirtschaftliche Nutzen zufließen."
G,Geographical segments,geografische Segmente,Segmente auf der Grundlage der geografischen Zugehörigkeit.,Die Umsatzerlöse werden nach geografischen Segmenten angegeben.
G,Going concern,Unternehmensfortführung (Going-Concern-Grundlage),"Annahme, dass das Unternehmen seine Geschäftstätigkeit fortführen wird.",Die Finanzberichte wurden auf der Grundlage der Unternehmensfortführung (Going Concern) erstellt.
G,Goodwill,Firmenwert / Geschäftswert,"Ein Vermögenswert, der die künftigen Vorteile aus einem Unternehmenszusammenschluss verkörpert.",Der Firmenwert entstand aus der Übernahme des kleineren Wettbewerbers.
G,Governing board,Vorstand / Verwaltungsrat (leitendes Organ),"Das Gremium, das für die Überwachung und die strategische Ausrichtung einer Organisation verantwortlich ist.",Der Vorstand genehmigte den Jahresabschluss.
G,Governing body,leitendes Organ / Leitungsorgan,"Das Gremium, das für die Überwachung eines Unternehmens oder einer Organisation verantwortlich ist.",Das leitende Organ genehmigte den Jahresabschluss.
G,Governing charter,Satzung / Gesellschaftsvertrag,"Das Rechtsdokument, das die Verfassung und die Regeln eines Unternehmens festlegt.",Die Satzung des Unternehmens beschränkt die Übertragung von Geschäftsanteilen.
G,Government,Staat / öffentliche Hand,"Der Staat, staatliche Stellen und ähnliche Körperschaften.","Staatliche Zuschüsse werden angesetzt, wenn sie eingegangen sind oder der Anspruch darauf entstanden ist."
G,Government assistance,staatliche Beihilfe / staatliche Unterstützung,"Eine Maßnahme des Staates, die einen wirtschaftlichen Vorteil gewährt.","Staatliche Beihilfen sind offenzulegen, auch wenn es sich nicht um Zuschüsse handelt."
G,Government Assistance – No Specific Relation to Operating Activities,Staatliche Beihilfe – ohne besondere Beziehung zur Geschäftstätigkeit,"Staatliche Beihilfe, die ohne an die Geschäftstätigkeit des Unternehmens gebundene Bedingungen gewährt wird und deren Angabe geboten sein kann.",Der Standard behandelt staatliche Beihilfen ohne besondere Beziehung zur Geschäftstätigkeit.
G,Government Grants,staatliche Zuschüsse,Beihilfe des Staates in Form von Transferleistungen.,"Staatliche Zuschüsse werden angesetzt, wenn die Bedingungen erfüllt sind."
G,Government guarantee,Staatsgarantie,"Das Versprechen des Staates, für die Verpflichtungen eines Unternehmens einzustehen.",Das Darlehen war durch eine Staatsgarantie besichert.
G,Government-related entity,Mit dem Staat verbundenes Unternehmen,"Ein Unternehmen, das vom Staat kontrolliert oder maßgeblich von ihm beeinflusst wird.",Das Versorgungsunternehmen ist ein mit dem Staat verbundenes Unternehmen.
G,Grant date,Bewilligungsdatum / Gewährungsdatum,"Das Datum, an dem ein Unternehmen und seine Arbeitnehmer eine gegenseitige Einigung über die Bedingungen einer anteilsbasierten Vergütung erzielen.",Der beizulegende Zeitwert der Optionen wurde zum Bewilligungsdatum bemessen.
G,Grantor,Konzessionsgeber / öffentlicher Auftraggeber,"Die Partei, die einem Betreiber das Recht an einer Dienstleistungskonzession einräumt.",Der Konzessionsgeber behält die Kontrolle über den Infrastrukturvermögenswert.
G,Grants related to assets,Zuschüsse für Vermögenswerte,"Staatliche Zuschüsse, deren Hauptbedingung der Erwerb von langfristigen Vermögenswerten ist.",Zuschüsse für Vermögenswerte werden als abgegrenzter Ertrag angesetzt.
G,Grants related to income,Zuschüsse für Erträge,"Staatliche Zuschüsse, die andere als solche für Vermögenswerte sind.",Zuschüsse für Erträge werden über die jeweiligen Perioden erfolgswirksam erfasst.
G,Gross investment in the lease,Bruttoinvestition in den Leasingvertrag,Die Summe der Leasingzahlungen zuzüglich des nicht garantierten Restwerts.,Die Bruttoinvestition in den Leasingvertrag entspricht den gesamten Leasingzahlungen.
G,Gross margin,Bruttomarge / Rohergebnis / Bruttogewinn,"Die Differenz zwischen Umsatzerlösen und den Kosten des Umsatzes, die den Gewinn vor den Betriebsaufwendungen darstellt.",Die Bruttomarge verbesserte sich aufgrund niedrigerer Rohstoffkosten und höherer Verkaufspreise.
G,Gross profit,Bruttogewinn / Rohergebnis,Umsatzerlöse abzüglich der Kosten des Umsatzes.,Der Bruttogewinn wird vor den Betriebsaufwendungen ausgewiesen.
G,Group,Gruppe / Konzern,Ein Mutterunternehmen zusammen mit allen seinen Tochterunternehmen.,Die Gruppe wies konsolidierte Umsatzerlöse von zehn Millionen aus.
G,Group administration (employee benefit) plans,Gruppenverwaltete Pläne für Arbeitnehmerleistungen,"Leistungspläne, die gemeinsam für eine Gruppe von Unternehmen verwaltet werden.",Die gruppenverwalteten Pläne umfassten das Personal aller Tochterunternehmen.
G,Group and Treasury Share Transactions,Transaktionen innerhalb der Gruppe und mit eigenen Aktien (Treasury Shares),"Leitlinien zu anteilsbasierten Vergütungsvereinbarungen, die Konzernunternehmen und eigene Aktien betreffen.",Nach der Auslegung zu Transaktionen innerhalb der Gruppe und mit eigenen Aktien rechnete die Gruppe die Kosten der anteilsbasierten Vergütung weiter.
G,Group Cash-Settled Share-Based Payment Transactions,In bar abgerechnete anteilsbasierte Vergütungstransaktionen innerhalb der Gruppe,"Anteilsbasierte Vergütungen, die innerhalb einer Unternehmensgruppe in bar abgerechnet werden.",In bar abgerechnete anteilsbasierte Vergütungstransaktionen innerhalb der Gruppe erfordern eine sorgfältige Zurechnung.
G,Group insurance contract,Gruppenversicherungsvertrag / Sammelversicherungsvertrag,"Eine Versicherungspolice, die eine Gruppe von Personen unter einem einzigen Vertrag absichert.",Der Arbeitgeber stellte seinen Mitarbeitern einen Gruppenversicherungsvertrag zur Verfügung.
G,Group of assets,Gruppe von Vermögenswerten / Vermögenswertgruppe,"Eine Zusammenfassung von Vermögenswerten, die gemeinsam auf Wertminderung überprüft wird.",Die Vermögenswertgruppe wurde als Einheit einem Wertminderungstest unterzogen.
G,Group of biological assets,Gruppe biologischer Vermögenswerte,"Ähnliche biologische Vermögenswerte, die zu einer Gruppe zusammengefasst werden.",Eine Gruppe biologischer Vermögenswerte wird zum beizulegenden Zeitwert bewertet.
G,Group of similar financial assets,Gruppe ähnlicher finanzieller Vermögenswerte,"Ein Portfolio finanzieller Vermögenswerte mit ähnlichen Merkmalen des Kreditrisikos, das gemeinsam auf Wertminderung überprüft wird.",Die Wertminderung einer Gruppe ähnlicher finanzieller Vermögenswerte wurde auf kollektiver Basis beurteilt.
G,Grouping of assets,Gruppierung von Vermögenswerten,Die Zusammenfassung von Vermögenswerten zu Beurteilungszwecken.,Die Gruppierung von Vermögenswerten wird für Wertminderungstests verwendet.
G,Guarantee,Garantie / Bürgschaft,"Das Versprechen, für die Verbindlichkeit einer anderen Partei einzustehen.",Das Mutterunternehmen übernahm eine Bürgschaft für die Schulden der Tochtergesellschaft.
G,Guarantee amount,Garantiebetrag / Bürgschaftsbetrag,"Der höchste Betrag, den ein Unternehmen im Rahmen einer Garantie zu zahlen hat.",Der Garantiebetrag wurde im Anhang offengelegt.
G,Guarantee fund,Garantiefonds / Entschädigungsfonds,"Ein Fonds, der Versicherungsnehmer oder Einleger schützen soll, wenn ein Institut zahlungsunfähig wird.",Die Beiträge zum Garantiefonds wurden als Aufwand der Periode erfasst.
G,Guaranteed benefits,Garantierte Leistungen,"Leistungen, die den Arbeitnehmern unabhängig von der Entwicklung der Planvermögen zugesagt werden.",Garantierte Leistungen müssen auf ihren Barwert abgezinst werden.
G,Guaranteed element,Garantierte Komponente / Garantiebestandteil,"Ein Vertragsbestandteil, der eine Mindestverzinsung oder Mindestleistung garantiert.",Die garantierte Komponente wird abgespalten und gesondert bewertet.
G,Guaranteed residual value,Garantierter Restwert,"Ein Restwert, der vom Leasingnehmer oder einem Dritten garantiert wird.",Der garantierte Restwert beeinflusst die Einordnung als Finanzierungsleasing.
G,Guarantor,Garant / Bürge,"Eine Partei, die eine Verbindlichkeit garantiert.","Der Bürge haftet, wenn der Kreditnehmer in Verzug gerät."
H,Harmonise,Harmonisieren / Harmonisierung,Der Prozess der Angleichung nationaler Rechnungslegungsstandards an internationale Standards zur Verringerung der Unterschiede.,Die Aufsichtsbehörde startete ein Projekt zur Harmonisierung der lokalen Rechnungslegungsvorschriften mit den IFRS.
H,Harvest,Ernte / Ernten,Die Trennung der Erzeugnisse vom biologischen Vermögenswert.,"Die Ernte markiert den Zeitpunkt, zu dem landwirtschaftliche Erzeugnisse bewertet werden."
H,Hedge accounting,Hedge Accounting / Absicherungsrechnung,Die Gegenüberstellung von Gewinnen und Verlusten aus grundgesicherten Posten und Sicherungsinstrumenten.,Hedge Accounting verringert die Volatilität des ausgewiesenen Ergebnisses.
H,Hedge effectiveness,Sicherungseffektivität / Effektivität der Sicherung,"Das Ausmaß, in dem ein Sicherungsinstrument das abgesicherte Risiko ausgleicht.",Die Sicherungseffektivität wurde an jedem Berichtsstichtag getestet.
H,Hedged item,Grundgesicherter Posten / abgesichertes Geschäft,"Ein Vermögenswert, eine Schuld, ein festes Engagement, eine erwartete Transaktion oder eine Nettoinvestition, die einem abgesicherten Risiko ausgesetzt ist.",Der geplante Kupferkauf wurde als grundgesicherter Posten designiert.
H,Hedges of a Net Investment in a Foreign Operation,Absicherung einer Nettoinvestition in einen ausländischen Geschäftsbetrieb,Die Absicherung von Umrechnungsrisiken aus einer Nettoinvestition in ausländische Geschäftsbetriebe.,Sicherungen einer Nettoinvestition in einen ausländischen Geschäftsbetrieb werden im Eigenkapital erfasst.
H,Hedging,Absicherung / Hedging,"Die Bezeichnung eines Derivats, um Änderungen des beizulegenden Zeitwerts oder der Cashflows auszugleichen.",Das Unternehmen wandte Hedge Accounting auf seine Zinsswaps an.
H,Hedging instrument,Sicherungsinstrument,"Ein Derivat oder ein anderes Instrument, das zur Kompensierung eines abgesicherten Risikos eingesetzt wird.",Das Termingeschäft wird als Sicherungsinstrument designiert.
H,Hedging relationship,Sicherungsbeziehung,Die Kombination aus einem grundgesicherten Posten und einem Sicherungsinstrument.,Die Sicherungsbeziehung muss formell designiert werden.
H,Hedging reserve,Sicherungsrücklage,"Eine Eigenkapitalkomponente, in der der wirksame Teil der Gewinne und Verluste aus Sicherungsinstrumenten angesammelt wird.",Der wirksame Teil der Cashflow-Sicherung wurde in der Sicherungsrücklage erfasst.
H,Held for resale,Zur Weiterveräußerung gehalten,"Vermögenswerte, die zum Verkauf und nicht zur Nutzung gehalten werden.",Zur Weiterveräußerung gehaltene Vermögenswerte werden als Umlaufvermögen klassifiziert.
H,Held for sale,Zur Veräußerung gehalten,"Ein Vermögenswert, der in seinem gegenwärtigen Zustand sofort verkäuflich ist.",Das Gebäude wurde als zur Veräußerung gehalten klassifiziert.
H,Held for trading,Zu Handelszwecken gehalten,"Finanzielle Vermögenswerte, die überwiegend zur Erzielung kurzfristiger Gewinne aus Preisänderungen erworben werden.",Die Aktien werden als zu Handelszwecken gehalten klassifiziert.
H,Held-to-maturity investment,Bis zur Endfälligkeit gehaltene Investition,"Ein nicht-derivativer finanzieller Vermögenswert mit festen Zahlungen und fester Fälligkeit, den das Unternehmen zu halten beabsichtigt und bis zur Fälligkeit halten kann.",Die Staatsanleihen wurden als bis zur Endfälligkeit gehaltene Investitionen klassifiziert und zu fortgeführten Anschaffungskosten bewertet.
H,Higher level parent entity,Übergeordnetes Mutterunternehmen,"Ein Mutterunternehmen, das das berichtende Unternehmen mittelbar über ein anderes Mutterunternehmen kontrolliert.",Das übergeordnete Mutterunternehmen erstellt einen Konzernabschluss.
H,Highly probable,Hochwahrscheinlich,Wahrscheinlicher als wahrscheinlich; eine erwartete Transaktion wird voraussichtlich stattfinden.,Der geplante Verkauf gilt als hochwahrscheinlich.
H,Hire-purchase contract,Mietkaufvertrag / Leasingvertrag mit Kaufoption,Ein Vertrag über die Miete eines Vermögenswerts mit einer Kaufoption.,Ein Mietkaufvertrag kann im Wesentlichen alle Risiken und Chancen übertragen.
H,Historical cost,Historische Anschaffungskosten / Anschaffungskosten,Bewertung zu den ursprünglichen Transaktionskosten.,Immobilien werden zu historischen Anschaffungskosten abzüglich Abschreibungen bewertet.
H,Historical loss experience,Historische Verlusterfahrung,"Vergangene Daten zu Kreditausfällen, die zur Schätzung erwarteter Kreditverluste aus finanziellen Vermögenswerten verwendet werden.","Die erwarteten Kreditverluste wurden unter Verwendung historischer, an die aktuellen Bedingungen angepasster Verlusterfahrung geschätzt."
H,Historical summaries,Historische Zusammenfassungen (Daten früherer Perioden),Zusammenfassungen von Finanzdaten früherer Perioden.,Historische Zusammenfassungen werden häufig in Geschäftsberichten dargestellt.
H,Historical waste,Altabfälle,"Abfälle, die aus in früheren Perioden verkauften Produkten stammen.",Die Rückstellung deckt Altabfälle aus alten Produkten ab.
H,Holding company,Holdinggesellschaft / Holding,"Eine Gesellschaft, die andere Gesellschaften durch Beteiligungsbesitz kontrolliert.",Die Holdinggesellschaft besitzt drei operative Tochtergesellschaften.
H,Host contract,Grundvertrag (Wirtsvertrag),"Der nicht-derivative Vertrag, der ein eingebettetes Derivat enthält.",Das eingebettete Derivat wurde von seinem Grundvertrag abgespalten und zum beizulegenden Zeitwert bewertet.
H,Host instrument,Grundinstrument (Wirtsinstrument),"Der nicht-derivative Vertrag, in dem ein eingebettetes Derivat enthalten ist.",Das Grundinstrument ist ein Schuldvertrag mit einem eingebetteten Derivat.
H,Hybrid contract,Hybrider Vertrag / gemischter Vertrag,"Ein Vertrag, der einen nicht-derivativen Grundvertrag und ein eingebettetes Derivat enthält.",Das eingebettete Derivat im hybriden Vertrag wurde abgespalten.
H,Hybrid instrument,Hybridinstrument / hybrides Instrument,"Ein Instrument, das sowohl einen Grundvertrag als auch ein Derivat enthält.",Das eingebettete Derivat des Hybridinstruments wurde gesondert bewertet.
H,Hyperinflation,Hyperinflation,Eine sehr hohe und anhaltende Inflation.,Hyperinflation erfordert die Anpassung des Jahresabschlusses.
H,Hyperinflationary economies,Hyperinflatorische Volkswirtschaften,"Volkswirtschaften mit so hohen kumulativen Inflationsraten, dass die Abschlüsse in der zum Berichtsstichtag gültigen Rechnungseinheit angepasst werden müssen.",Die Abschlüsse von Unternehmen in hyperinflatorischen Volkswirtschaften müssen an Kaufkraftänderungen angepasst werden.
I,discontinuing operation),Erste öffentliche Bekanntgabe,Die erste öffentliche Bekanntgabe in Bezug auf eine aufgegebene Geschäftstätigkeit.,Das Unternehmen machte seine erste öffentliche Bekanntgabe zur aufgegebenen Geschäftstätigkeit.
I,IAS,IAS (International Accounting Standard),"International Accounting Standard, herausgegeben vom IASB.",IAS 2 regelt die Bilanzierung von Vorräten.
I,"IAS 19- The Limit on a Defined Benefit Asset, Minimum Funding Requirements and Their Interaction","IAS 19 - Begrenzung eines leistungsorientierten Vermögenswerts, Mindestfinanzierungsanforderungen und deren Wechselwirkung",Auslegung zur Begrenzung eines leistungsorientierten Vermögenswerts und zu Mindestfinanzierungsanforderungen.,Das Unternehmen wandte die Auslegung zur Begrenzung eines leistungsorientierten Vermögenswerts an.
I,IASC,Internationales Rechnungslegungsstandards-Komitee (IASC),"Der Vorgänger des IASB, der die ursprünglichen International Accounting Standards herausgab.","Das IASC gab die Standards heraus, die später als IFRS bekannt wurden."
I,IASC Foundation Constitution,Satzung der IASC Foundation (IASC-Stiftung),"Das Gründungsdokument, das Ziele und Struktur der IASC Foundation regelt.",Die Satzung der IASC Foundation legt die Verantwortlichkeiten der Treuhänder fest.
I,IASCF,"IASCF (IASC Foundation, Stiftung des IASC)","Die Stiftung, die das IASB und die IFRS-Standardsetzung beaufsichtigt.",Die IASCF wurde umstrukturiert und später in IFRS Foundation umbenannt.
I,Identifiability,Identifizierbarkeit,Die Abtrennbarkeit oder das Entstehen aus gesetzlichen oder vertraglichen Rechten.,Für den Ansatz eines immateriellen Vermögenswerts ist Identifizierbarkeit erforderlich.
I,Identifiable,Identifizierbar,Einzeln identifizierbar (abtrennbar).,Ein identifizierbarer Vermögenswert kann abgesondert werden oder entsteht aus Rechten.
I,Identifiable asset,Identifizierbarer Vermögenswert,"Ein Vermögenswert, der vom Unternehmen abgesondert werden kann oder aus vertraglichen oder gesetzlichen Rechten entsteht und in einem Unternehmenszusammenschluss gesondert bewertet wird.",In einem Unternehmenszusammenschluss werden nur die erworbenen identifizierbaren Vermögenswerte getrennt vom Firmenwert angesetzt.
I,IFAC,Internationaler Verband der Wirtschaftsprüfer (IFAC),Die International Federation of Accountants.,Die IFAC entwickelt internationale Standards für Buchhalter und Wirtschaftsprüfer.
I,IFRIC,IFRIC (IFRS Interpretations Committee),"Ein Ausschuss, der Auslegungen zu IFRS-Standards herausgibt.",Das IFRIC gab eine Auslegung zu Dienstleistungskonzessionen heraus.
I,IFRS,IFRS (International Financial Reporting Standards),"International Financial Reporting Standards, herausgegeben vom IASB.",Die Gruppe erstellt ihre Abschlüsse nach IFRS.
I,IFRS 2- Group and Treasury Share transactions,IFRS 2 - Transaktionen innerhalb der Gruppe und mit eigenen Aktien,"Der Teil von IFRS 2, der anteilsbasierte Vergütungstransaktionen innerhalb einer Gruppe und mit eigenen Aktien regelt.",Die IFRS-2-Anforderungen zu Transaktionen innerhalb der Gruppe und mit eigenen Aktien regelten die Weiterbelastung zwischen dem Mutterunternehmen und seiner Tochtergesellschaft.
I,IFRS-compliant,IFRS-konform,In Übereinstimmung mit den International Financial Reporting Standards aufgestellt.,Die Abschlüsse sind in allen wesentlichen Belangen IFRS-konform.
I,Illustrative example,Anwendungsbeispiel / erläuterndes Beispiel,"Ein unverbindliches Beispiel, das zeigt, wie ein Standard angewendet werden kann.",Das Anwendungsbeispiel klärte die Angabeanforderung.
I,Impairment,Wertminderung,Ein Rückgang des erzielbaren Betrags eines Vermögenswerts unter den Buchwert.,Für die Ausrüstung wurde ein Wertminderungsaufwand erfasst.
I,Impairment loss,Wertminderungsaufwand,"Der Betrag, um den der Buchwert den erzielbaren Betrag übersteigt.",Der Wertminderungsaufwand wurde erfolgswirksam in der Gewinn- und Verlustrechnung erfasst.
I,Impairment of assets,Wertminderung von Vermögenswerten,"Eine Minderung des erzielbaren Betrags eines Vermögenswerts unter seinen Buchwert, die eine außerplanmäßige Abschreibung erfordert.","Ein Wertminderungsaufwand wurde erfasst, weil der Buchwert des Vermögenswerts dessen erzielbaren Betrag überstieg."
I,Impairment test,Wertminderungstest,"Die Prüfung, ob der Wert eines Vermögenswerts gemindert ist.",Der Wertminderungstest verglich den erzielbaren Betrag mit dem Buchwert.
I,Implementation guidance,Umsetzungsleitfaden / Anwendungsleitfaden,"Unverbindliche Leitlinien, die Unternehmen bei der Anwendung eines Standards unterstützen.","Der Umsetzungsleitfaden erläutert, wie der Standard anzuwenden ist."
I,Import duties,Einfuhrzölle / Einfuhrabgaben,Abgaben auf in ein Land eingeführte Waren.,Die Einfuhrzölle erhöhten die Kosten der Ausrüstung.
I,Impracticability exemption,Unanwendbarkeitsausnahme,"Eine Erleichterung von einer Anforderung, wenn ein Unternehmen diese trotz aller zumutbaren Bemühungen nicht erfüllen kann.",Das Unternehmen nahm die Unanwendbarkeitsausnahme in Anspruch und passte die Vorperiode nicht an.
I,Impracticable,Unanwendbar / praktisch nicht durchführbar,Eine Anforderung ist trotz aller zumutbaren Bemühungen nicht erfüllbar.,Die rückwirkende Anwendung war wegen fehlender Unterlagen nicht durchführbar.
I,Improvements to IFRSs,Verbesserungen der IFRS,"Periodische Änderungen, die IFRS-Standards klarstellen oder korrigieren.",Die Verbesserungen der IFRS wurden als ein einziges Sammeldokument veröffentlicht.
I,Imputed rate of interest,Unterstellter Zinssatz / kalkulatorischer Zinssatz,"Der Zinssatz, mit dem ein Geschäftsvorfall auf seinen beizulegenden Zeitwert abgezinst wird.","Der unterstellte Zinssatz wurde verwendet, um den gestundeten Kaufpreis zu bewerten."
I,In the money,Im Geld (in the money),"Eine Option, deren Ausübungspreis günstig ist.","Die Option ist im Geld, wenn der Aktienkurs über dem Ausübungspreis liegt."
I,In-substance defeasance,Faktische Schuldbefreiung (in-substance defeasance),"Ein Geschäft, bei dem ein Unternehmen Vermögenswerte in einen unwiderruflichen Treuhandfonds einbringt, um eine Schuld zu bedienen, ohne dass die Verbindlichkeit rechtlich erlischt.",Bei der faktischen Schuldbefreiung erlischt die Verbindlichkeit rechtlich nicht und verbleibt daher in der Bilanz.
I,Incentives,Anreize,"Vorteile, die ein bestimmtes Verhalten fördern.",Verkaufsanreize werden als Minderung der Umsatzerlöse erfasst.
I,Inception of the lease,Vertragsbeginn des Leasingvertrags / Leasingbeginn,"Das Datum, an dem der Leasingvertrag beginnt.",Der Leasingvertrag wurde zum Vertragsbeginn klassifiziert.
I,Incidental income,Nebeneinnahmen / nebensächliche Erträge,Geringfügige Erträge aus Transaktionen außerhalb des eigentlichen Geschäftszwecks.,Die Nebeneinnahmen aus Schrottverkäufen waren unwesentlich.
I,Incidental operations,Nebentätigkeiten / nebensächliche Vorgänge,"Tätigkeiten, die während der Entwicklung eines Vermögenswerts ausgeübt werden und für dessen Herstellung nicht erforderlich sind.",Erträge aus Nebentätigkeiten wurden von den Kosten des im Bau befindlichen Vermögenswerts abgezogen.
I,Income,Ertrag / Erträge,"Zunahmen des wirtschaftlichen Nutzens, die das Eigenkapital erhöhen, mit Ausnahme von Einlagen.","Erträge werden erfasst, wenn die Leistungsversprechen erfüllt sind."
I,Income approach,Einkommensansatz / Ertragswertansatz,"Eine Bewertungstechnik, die zukünftige Größen in einen einzigen Barwert umrechnet.",Zur Bewertung des beizulegenden Zeitwerts wurde der Einkommensansatz verwendet.
I,Income statement = Statement of income,Gewinn- und Verlustrechnung (GuV),"Der Abschluss, der die Erträge und Aufwendungen eines Unternehmens darstellt.",Umsatzerlöse und Aufwendungen werden in der Gewinn- und Verlustrechnung dargestellt.
I,Income statement liability method,GuV-orientierte Schuldenmethode,"Eine Methode, bei der latente Steuern über die Gewinn- und Verlustrechnung erfasst werden.",Die GuV-orientierte Schuldenmethode konzentriert sich auf die Gewinn- und Verlustrechnung.
I,Income Tax,Einkommensteuer / Ertragsteuer,"Der Standard, der die Bilanzierung von Ertragsteuern einschließlich laufender und latenter Steuern regelt.","Der Ertragsteuerstandard verlangt von Unternehmen, die laufenden und künftigen Steuerfolgen von Geschäftsvorfällen zu bilanzieren."
I,Income tax expense,Ertragsteueraufwand,Der gesamte Steueraufwand einer Periode.,Der Ertragsteueraufwand umfasst laufende und latente Steuern.
I,Income Taxes,Ertragsteuern (IAS 12),"Der IAS 12, der die Bilanzierung von Ertragsteuern regelt.",IAS 12 Ertragsteuern behandelt die latenten Steuern.
I,Income Taxes – Changes in the Tax Status of an Enterprise or Its Shareholders,Ertragsteuern - Änderungen des Steuerstatus eines Unternehmens oder seiner Aktionäre,"Leitlinien zur Bilanzierung, wenn sich der Steuerstatus eines Unternehmens oder seiner Aktionäre ändert.",Die Auslegung behandelt Änderungen des Steuerstatus eines Unternehmens.
I,Income Taxes – Recovery of Revalued Non- Depreciable Assets,"Ertragsteuern - Wiedererlangung neubewerteter, nicht abschreibbarer Vermögenswerte","Leitlinien zu latenten Steuern, wenn ein nicht abschreibbarer Vermögenswert neubewertet und durch Verkauf realisiert wird.",Nach der Auslegung zu Ertragsteuern wurde die latente Steuer auf das neubewertete Grundstück unter Verwendung des Veräußerungssteuersatzes bemessen.
I,Increasing rate preference shares,Vorzugsaktien mit steigendem Dividendensatz,"Vorzugsaktien, deren Dividendensatz im Zeitverlauf steigt.",Vorzugsaktien mit steigendem Dividendensatz werden als finanzielle Verbindlichkeit eingestuft.
I,Incremental borrowing rate of interest (lessee’s),Marginaler Fremdkapitalzinssatz des Leasingnehmers,"Der Zinssatz, zu dem der Leasingnehmer Mittel zu vergleichbaren Bedingungen aufnehmen müsste.","Der Leasingnehmer verwendete seinen marginalen Fremdkapitalzinssatz, um die Leasingzahlungen abzuzinsen."
I,Incremental costs,Zusätzliche (inkrementelle) Kosten,"Kosten, die ohne das Geschäft nicht entstanden wären.","Zusätzliche Kosten, die dem Vertrag direkt zurechenbar sind, werden aktiviert."
I,Incremental share,Zusätzliche Aktien (inkrementelle Aktien),"Zusätzliche Aktien, deren Ausgabe unterstellt wird.",Zusätzliche Aktien werden bei der verwässerten Gewinnermittlung je Aktie berücksichtigt.
I,Indemnification assets,Entschädigungsansprüche,"Vermögenswerte, die ein Erwerber ansetzt, um eine vom Verkäufer erhaltene Entschädigungszusage für den Ausgang einer Ungewissheit widerzuspiegeln.","Der Erwerber erfasste einen Entschädigungsanspruch für die Zusage des Verkäufers, eine bedingte Verbindlichkeit zu erstatten."
I,Indication of an impairment,Hinweis auf eine Wertminderung / Wertminderungsindikator,"Ein Anzeichen dafür, dass ein Vermögenswert wertgemindert sein könnte.",Ein Rückgang des Marktwerts ist ein Hinweis auf eine Wertminderung.
I,Indicator [of impairment],Wertminderungsindikator / Hinweis auf Wertminderung,"Ein Zeichen, das darauf hindeutet, dass ein Vermögenswert wertgemindert sein könnte.",Ein fallender Marktpreis ist ein Indikator für eine Wertminderung.
I,Indirect method of reporting cash flows from operating activities,Indirekte Methode zur Darstellung der Cashflows aus der Geschäftstätigkeit,Darstellung der operativen Cashflows durch Anpassung des Ergebnisses um nicht zahlungswirksame Posten.,Die indirekte Methode beginnt mit dem Nettoergebnis und nimmt Anpassungen für nicht zahlungswirksame Posten vor.
I,Individual asset,Einzelner Vermögenswert / einzeln betrachteter Vermögenswert,"Ein einzelner Vermögenswert, der für sich allein und nicht als Teil einer Gruppe bewertet wird.","Die Wertminderung wird für jeden einzelnen Vermögenswert geprüft, sofern dieser nicht eigenständig Zahlungsströme erzeugt."
I,Individual financial statements,Einzelabschluss,"Abschlüsse, die ein Mutterunternehmen ohne Konsolidierung seiner Tochterunternehmen aufstellt.",Im Einzelabschluss werden Beteiligungen zu Anschaffungskosten oder zum beizulegenden Zeitwert ausgewiesen.
I,Induced conversion,Veranlasste (induzierte) Wandlung,"Eine Wandlung wandelbarer Schuld, die durch eine zusätzliche Gegenleistung gefördert wird.","Der Emittent bot einen Anreiz, um eine vorzeitige Wandlung zu fördern."
I,Industry segments,Branchensegmente / Geschäftssegmente,Abgrenzbare Teile eines Unternehmens anhand von Produkten oder Dienstleistungen.,Das Unternehmen berichtete seine Ergebnisse nach Branchensegmenten.
I,Inflation,Inflation,Ein allgemeiner Anstieg des Preisniveaus.,Die Inflation verringert die Kaufkraft des Geldes.
I,Information Reflecting the Effects of Changing Prices,Informationen über die Auswirkungen sich ändernder Preise,"Ergänzende Informationen, die die Auswirkungen sich ändernder Preise auf die Vermögens-, Finanz- und Ertragslage eines Unternehmens widerspiegeln.",In hyperinflatorischen Volkswirtschaften stellen Unternehmen Informationen über die Auswirkungen sich ändernder Preise bereit.
I,Initial classification,Erstklassifizierung / ursprüngliche Klassifizierung,Die Klassifizierung beim erstmaligen Ansatz.,Die Erstklassifizierung bestimmt die Folgebewertung.
I,Initial direct costs,Ursprüngliche direkte Kosten,"Kosten, die direkt auf die Verhandlung und Vermittlung eines Leasingvertrags entfallen.",Ursprüngliche direkte Kosten werden dem Vermögenswert aus Nutzungsrechten hinzugerechnet.
I,Initial disclosure event (for a,Erstmaliges Offenlegungsereignis (bei einer aufgegebenen Geschäftstätigkeit),"Das erste Ereignis, das eine Offenlegung zu aufgegebenen Geschäftstätigkeiten auslöst.","Das erstmalige Offenlegungsereignis trat ein, als die Veräußerung genehmigt wurde."
I,Initial measurement,Erstbewertung / erstmalige Bewertung,"Der Betrag, mit dem ein Vermögenswert oder eine Schuld erstmals im Abschluss angesetzt wird.",Die Erstbewertung des Vermögenswerts war sein beizulegender Zeitwert zuzüglich Transaktionskosten.
I,Initial public offering,Börsengang (IPO) / erstmaliges öffentliches Aktienangebot,Der erste Verkauf der Aktien einer Gesellschaft an die Öffentlichkeit.,Der Börsengang brachte erhebliches neues Kapital ein.
I,Initial recognition,Erstansatz / erstmaliger Ansatz,Die erstmalige Erfassung eines Postens im Abschluss.,Vermögenswerte werden beim erstmaligen Ansatz zu Anschaffungskosten bewertet.
I,Instrument-by-instrument approach,Instrumentbezogener Ansatz (Einzelinstrumentbetrachtung),Die Bewertung einzelner Instrumente zur Bestimmung der Klassifizierung.,Die Klassifizierung wurde für jedes einzelne Instrument beurteilt.
I,Insurable interest,Versicherbares Interesse (Versicherungsinteresse),Ein finanzielles Interesse am Gegenstand der Versicherung.,Für einen gültigen Versicherungsvertrag ist ein versicherbares Interesse erforderlich.
I,Insurance agency commissions,Versicherungsvermittlerprovisionen,"Gebühren, die ein Versicherungsvermittler für die Vermittlung von Versicherungsverträgen an Versicherer erhält.","Versicherungsvermittlerprovisionen werden als Umsatzerlöse erfasst, wenn der zugehörige Versicherungsvertrag vermittelt wird."
I,Insurance assets,Versicherungsansprüche,"Vermögenswerte, die aus Versicherungsverträgen entstehen.",Versicherungsansprüche werden nach dem Versicherungsstandard bewertet.
I,Insurance company,Versicherungsunternehmen / Versicherungsgesellschaft,"Ein Unternehmen, das Versicherungsverträge mit Versicherungsnehmern abschließt.",Das Versicherungsunternehmen wies ein starkes versicherungstechnisches Ergebnis aus.
I,Insurance contract,Versicherungsvertrag,"Ein Vertrag, bei dem eine Partei ein erhebliches Versicherungsrisiko übernimmt.",Der Versicherungsvertrag verlagerte das Risiko vom Versicherungsnehmer auf den Versicherer.
I,Insurance contracts,Versicherungsverträge,"Verträge, bei denen der Versicherer ein erhebliches Versicherungsrisiko vom Versicherungsnehmer übernimmt.",Der Versicherer wandte den Standard zu Versicherungsverträgen auf alle Bestandspolicen an.
I,Insurance enterprise,Versicherungsunternehmen,"Ein Unternehmen, das Versicherungsrisiken übernimmt und steuert.",Das Versicherungsunternehmen wendet bestimmte Angabeanforderungen an.
I,Insurance liability,Versicherungsverbindlichkeit,Die vertragliche Nettoverbindlichkeit eines Versicherers aus Versicherungsverträgen.,Der Versicherer erfasste eine Versicherungsverbindlichkeit für ausstehende Schäden.
I,Insurance obligations,Versicherungsverbindlichkeiten,"Verbindlichkeiten, die aus Versicherungsverträgen entstehen.",Versicherungsverbindlichkeiten werden auf der Grundlage aktueller Schätzungen bewertet.
I,Insurance risk,Versicherungsrisiko,"Risiko, das aufgrund eines Versicherungsvertrags übertragen wird.",Das Versicherungsrisiko entsteht aus der Unsicherheit über die versicherten Ereignisse.
I,Insurance swaps,Versicherungs-Swaps,"Finanzielle Vereinbarungen, bei denen die Parteien versicherungsbezogene Zahlungsströme oder Risiken austauschen.","Das Unternehmen nutzte Versicherungs-Swaps, um einen Teil des übernommenen Zeichnungsrisikos auf eine andere Vertragspartei zu übertragen."
I,Insured event,Versichertes Ereignis,"Ein Ereignis, das von einem Versicherungsvertrag abgedeckt ist.",Verluste aus dem versicherten Ereignis werden vom Versicherer gedeckt.
I,Insurer,Versicherer,"Partei, die einen Versicherungsvertrag abschließt.",Der Versicherer trägt das Risiko aus dem Vertrag.
I,Intangible asset,Immaterieller Vermögenswert,"Ein identifizierbarer, nicht monetärer Vermögenswert ohne physische Substanz.",Das Patent wird als immaterieller Vermögenswert angesetzt.
I,Intangible Assets,Immaterielle Vermögenswerte,"Identifizierbare, nicht monetäre Vermögenswerte ohne physische Substanz, wie z. B. Patente und Lizenzen.",Das erworbene Patent wurde als immaterieller Vermögenswert angesetzt und über zehn Jahre planmäßig abgeschrieben.
I,Intangible Assets – Web Site Costs,Immaterielle Vermögenswerte – Kosten von Websites,"Leitlinien dazu, wann Kosten der Entwicklung einer Website aktiviert werden dürfen.","Immaterielle Vermögenswerte – Kosten von Websites klären, welche Aufwendungen aktivierungsfähig sind."
I,Integral foreign operation,Integrierte ausländische Geschäftstätigkeit,"Eine ausländische Geschäftstätigkeit, die eine Erweiterung der Tätigkeiten des berichterstattenden Unternehmens darstellt.",Die ausländische Niederlassung wird als integrierte ausländische Geschäftstätigkeit behandelt.
I,Interest,Zinsen,Die Kosten der Nutzung geliehenen Geldes.,Zinsaufwendungen werden nach der Effektivzinsmethode erfasst.
I,Interest cost (for an employee benefit plan),Zinskosten (bei einem Plan für Mitarbeiterleistungen),Die Erhöhung der Leistungsverpflichtung infolge des Zeitablaufs.,Die Zinskosten spiegeln die Auflösung des Abzinsungseffekts wider.
I,Interest rate implicit in a lease,"Zinssatz, der im Leasingvertrag implizit enthalten ist","Der Abzinsungssatz, bei dem der Barwert der Leasingzahlungen zuzüglich des nicht garantierten Restwerts dem beizulegenden Zeitwert des Leasingguts entspricht.","Der Leasingnehmer verwendete den im Leasingvertrag implizit enthaltenen Zinssatz, um die Leasingverbindlichkeit zu bewerten."
I,Interest rate implicit in the lease,"Zinssatz, der im Leasingvertrag implizit enthalten ist","Der Zinssatz, mit dem die Leasingzahlungen auf den Wert des Vermögenswerts abgezinst werden.",Der implizit im Leasingvertrag enthaltene Zinssatz diskontiert die Leasingzahlungen.
I,Interest rate risk,Zinsänderungsrisiko,"Das Risiko, dass sich Zinsänderungen auf die finanzielle Lage auswirken.",Variabel verzinsliche Verbindlichkeiten setzen das Unternehmen dem Zinsänderungsrisiko aus.
I,Interest rate strip,Zinsstrip (Zins-Collar),"Ein Sicherungsinstrument, das eine Zinsobergrenze (Cap) und eine Zinsuntergrenze (Floor) kombiniert.",Der Zinsstrip begrenzte das Risiko aus Zinsbewegungen.
I,Interest rate swap,Zinsswap (Zinssatztausch),"Ein Derivat, bei dem zwei Parteien Zinszahlungsströme austauschen, typischerweise fest gegen variabel.","Das Unternehmen schloss einen Zinsswap ab, um seine variabel verzinslichen Schulden abzusichern."
I,Interest-only strip,Nur-Zins-Strip,Ein Recht auf den Erhalt ausschließlich der Zinszahlungsströme aus einem übertragenen Vermögenswert.,Der einbehaltene Nur-Zins-Strip wird zum beizulegenden Zeitwert bewertet.
I,Interest-only strip receivable,Zinsstrip-Forderung (Forderung aus einem Nur-Zins-Strip),Ein Recht auf den Erhalt ausschließlich der Zinszahlungsströme aus einem Finanzvermögenswert.,Das Unternehmen behielt bei der Verbriefung eine Forderung aus einem Nur-Zins-Strip zurück.
I,Interests in Joint Ventures,Anteile an Joint Ventures (Gemeinschaftsunternehmen),Die Beteiligungen eines Unternehmens an Joint Ventures.,Anteile an Joint Ventures werden nach der Equity-Methode bilanziert.
I,Interim financial report,Zwischenbericht,Ein Bericht für einen kürzeren Zeitraum als ein volles Jahr.,Ein Zwischenbericht deckt einen Sechs-Monats-Zeitraum ab.
I,Interim Financial Reporting,Zwischenberichterstattung (IAS 34),"Der Standard, der den Mindestinhalt eines Zwischenberichts sowie die Ansatz- und Bewertungsgrundsätze für Zwischenperioden vorschreibt.",Die Zwischenberichterstattung verlangt von Unternehmen die Vorlage eines zusammengefassten Abschlusses.
I,Interim financial reporting and impairment,Zwischenberichterstattung und Wertminderung,Wertminderungserwägungen in der Zwischenberichterstattung.,Zwischenberichterstattung und Wertminderung wenden dieselben Grundsätze an wie die Jahresberichterstattung.
I,Interim financial statements,Zwischenabschluss,Abschlüsse für einen kürzeren Zeitraum als ein volles Geschäftsjahr.,Das Unternehmen veröffentlichte den Zwischenabschluss für das Halbjahr.
I,Interim period,Zwischenperiode / Zwischenzeitraum,"Eine Berichtsperiode, die kürzer als ein volles Geschäftsjahr ist.",Die Zwischenperiode umfasste die ersten sechs Monate.
I,Intermediate or ultimate parent entity,Übergeordnetes oder oberstes Mutterunternehmen,"Ein Mutterunternehmen, das selbst ein Tochterunternehmen eines anderen Mutterunternehmens ist oder an der Spitze der Gruppe steht.",Das übergeordnete oder oberste Mutterunternehmen muss ebenfalls einen Konzernabschluss aufstellen.
I,Internal rate of return,Interner Zinsfuß / interner Ertragssatz,"Der Abzinsungssatz, bei dem der Kapitalwert null beträgt.",Der interne Zinsfuß bestimmt den Effektivzinssatz.
I,Internal risk transfer,Interne Risikoübertragung,Übertragung von Risiken zwischen Geschäftsbereichen desselben Unternehmens.,Interne Risikoübertragungen werden im Zuge der Konsolidierung eliminiert.
I,Internally generated,intern erstellt / im Unternehmen selbst erstellt,Im Unternehmen selbst entstanden statt erworben.,Intern erstellte Marken werden nicht als immaterielle Vermögenswerte angesetzt.
I,Internally generated goodwill,Selbst erstellter Firmenwert,"Im Unternehmen selbst geschaffener Firmenwert, der nicht angesetzt wird.",Selbst erstellter Firmenwert wird nicht als Vermögenswert angesetzt.
I,International Accounting Standard,International Accounting Standard (IAS),"Ein Standard, der vom Vorgänger des International Accounting Standards Board herausgegeben wurde und Bilanzierungsregelungen für bestimmte Geschäftsvorfälle vorschreibt.",International Accounting Standard 2 behandelt die Bewertung der Vorräte.
I,International Accounting Standards Committee,International Accounting Standards Committee (IASC),Das Vorgängergremium des IASB.,Das IASC gab die ursprünglichen International Accounting Standards heraus.
I,International Accounting Standards Committee Foundation,IASC Foundation (Stiftung des International Accounting Standards Committee),"Gremium, das das IASC bzw. das IASB beaufsichtigt.",Die IASC Foundation ernannte neue Treuhänder.
I,International Federation Of Accountants,International Federation of Accountants (IFAC),"Die weltweite Organisation, die den Berufsstand der Wirtschaftsprüfer vertritt.",Die IFAC gibt Standards zu Ethik und Abschlussprüfung heraus.
I,International Financial Reporting Interpretations Committee,International Financial Reporting Interpretations Committee (IFRIC),"Das Gremium, das Interpretationen zur Anwendung der IFRS auf spezielle Fragestellungen herausgegeben hat.",Das IFRIC gab Leitlinien zur Bilanzierung heraus.
I,International Financial Reporting Standard,International Financial Reporting Standard (IFRS),Vom IASB für die weltweite Finanzberichterstattung herausgegebene Standards.,Jeder International Financial Reporting Standard legt spezifische Anforderungen fest.
I,Intragroup,konzernintern / gruppintern,Zwischen Unternehmen derselben Gruppe stattfindend.,Konzerninterne Salden werden im Konzernabschluss eliminiert.
I,Intragroup payment arrangement,Konzerninterne Zahlungsvereinbarung,Eine Vereinbarung über Zahlungen innerhalb einer Unternehmensgruppe.,Die konzerninterne Zahlungsvereinbarung wird im Zuge der Konsolidierung eliminiert.
I,Intragroup transaction,Konzerninternes Geschäft / konzerninterne Transaktion,Geschäftsvorfälle zwischen Unternehmen derselben Gruppe.,Konzerninterne Geschäftsvorfälle werden im Zuge der Konsolidierung eliminiert.
I,Intrinsic value,Innerer Wert,"Die Differenz zwischen dem beizulegenden Zeitwert einer Aktie und dem Ausübungspreis einer Option, also der Betrag, der bei sofortiger Ausübung erzielt würde.","Der innere Wert der Aktienoption wird als der Betrag bemessen, um den der Aktienkurs den Ausübungspreis übersteigt."
I,Introduction of the Euro,Einführung des Euro,Die Einführung der Währung Euro.,Die Einführung des Euro beeinflusste die Währungsumrechnung.
I,Inventories,Vorräte,"Vermögenswerte, die zum Verkauf oder für die Produktion gehalten werden.",Vorräte werden mit dem niedrigeren Betrag aus Anschaffungs- oder Herstellungskosten und Nettoverkaufserlös bewertet.
I,Inverse floating interest rate,Umgekehrt variabler Zinssatz (inverser Floater),"Ein Zinssatz, der sich entgegengesetzt zum Referenzzinssatz entwickelt.","Die Anleihe zahlt einen umgekehrt variablen Zinssatz, wenn die Zinsen fallen."
I,Investee,"Beteiligungsgesellschaft / Gesellschaft, an der investiert wird","Ein Unternehmen, an dem ein anderes Unternehmen eine Beteiligung hält.",Der Investor übt maßgeblichen Einfluss auf die Beteiligungsgesellschaft aus.
I,Investing activities,Investitionstätigkeit,Zahlungsströme aus dem Erwerb und der Veräußerung langfristiger Vermögenswerte.,Zur Investitionstätigkeit gehören der Erwerb von Grundstücken und Ausrüstungen.
I,Investment,Investition / Kapitalanlage,"Ein Vermögenswert, der gehalten wird, um durch Erträge oder Wertsteigerung Vermögen zu mehren.",Das Unternehmen tätigte eine langfristige Investition in ein Tochterunternehmen.
I,Investment contract,Kapitalanlagevertrag / Investitionsvertrag,"Ein Vertrag, der eine Rendite auf Grundlage einer Kapitalanlage vorsieht.",Kapitalanlageverträge werden bei Vertragsabschluss zum beizulegenden Zeitwert bewertet.
I,Investment enterprise,Investmentunternehmen / Kapitalanlagegesellschaft,"Ein Unternehmen, dessen Geschäftstätigkeit im Tätigen von Kapitalanlagen besteht.",Ein Investmentunternehmen bewertet seine Kapitalanlagen zum beizulegenden Zeitwert.
I,Investment entity,Investmentunternehmen (Investment Entity),"Ein Unternehmen, das Mittel von Investoren einzieht, um ihnen Anlageverwaltungsdienstleistungen zu erbringen, und seine Investitionen zum beizulegenden Zeitwert mit Erfolgswirkung in der Gewinn- und Verlustrechnung bewertet.","Ein Investmentunternehmen konsolidiert seine beherrschten Beteiligungsgesellschaften nicht, sondern bewertet sie zum beizulegenden Zeitwert."
I,Investment grade,Investment-Grade-Rating / anlagefähige Bonität,"Eine Bonitätseinstufung, die ein geringes Ausfallrisiko anzeigt.",Die Anleihen haben ein Investment-Grade-Rating.
I,Investment performance,Anlageerfolg / Anlageperformance,Die in einer Periode mit einer Kapitalanlage erzielte Rendite.,Der Anlageerfolg wird den Versicherungsnehmern jährlich berichtet.
I,Investment property,Als Finanzinvestition gehaltene Immobilien,"Eine Immobilie, die gehalten wird, um Mieteinnahmen zu erzielen oder von Wertsteigerungen zu profitieren.",Das Bürogebäude ist eine als Finanzinvestition gehaltene Immobilie.
I,Investment retained,Einbehaltene Beteiligung,"Die Beteiligung an einem früheren Tochterunternehmen, die das Mutterunternehmen nach dem Verlust der Beherrschung weiterhin hält.",Die einbehaltene Beteiligung wurde bei Verlust der Beherrschung mit dem beizulegenden Zeitwert neu bewertet.
I,Investment securities,Als Kapitalanlage gehaltene Wertpapiere,"Finanzvermögenswerte, die zur Erzielung von Erträgen und nicht zu Handelszwecken gehalten werden.",Als Kapitalanlage gehaltene Wertpapiere werden nach ihren vertraglichen Zahlungsströmen klassifiziert.
I,Investment tax credits,Investitionszuschüsse / steuerliche Investitionsanreize,"Steuerliche Anreize, die zur Förderung von Kapitalinvestitionen gewährt werden.",Investitionsgutschriften senkten den Steueraufwand des Unternehmens.
I,Investment-linked insurance funds,Fondsgebundene Versicherungsfonds,"Versicherungsfonds, deren Wert an Kapitalanlagen gekoppelt ist.",In fondsgebundenen Versicherungsfonds gehaltene Vermögenswerte werden zum beizulegenden Zeitwert bewertet.
I,Investments in Associates,Anteile an assoziierten Unternehmen (IAS 28),Der Standard zur Bilanzierung von Anteilen an assoziierten Unternehmen.,Anteile an assoziierten Unternehmen werden nach der Equity-Methode bilanziert.
I,Investor,Investor / Anleger,"Eine Partei, die eine Beteiligung an einem anderen Unternehmen hält, z. B. durch Aktien, und Anspruch auf Erträge aus dieser Beteiligung hat.","Der Investor beurteilte, ob er maßgeblichen Einfluss auf das assoziierte Unternehmen ausübt."
I,Investor in a joint venture,Investor in einem Joint Venture,Eine Partei mit einer Beteiligung an einem Joint Venture.,Der Investor in einem Joint Venture wendet die Equity-Methode an.
I,Investor-owned entity,Von Investoren gehaltenes Unternehmen,"Ein Unternehmen, das von Investoren und nicht von Versicherungsnehmern gehalten wird.",Von Investoren gehaltene Unternehmen weisen Gewinne für die Aktionäre aus.
I,Involuntary liquidation,Zwangsliquidation,Die auf Anordnung eines Gerichts oder einer Aufsichtsbehörde erfolgende Abwicklung eines Unternehmens.,Die Bank sah sich nach dem Zusammenbruch mit einer Zwangsliquidation konfrontiert.
I,Irrevocable commitments,Unwiderrufliche Zusagen / Verpflichtungen,"Verbindliche Verpflichtungen, die das Unternehmen nicht storniert oder zurücknehmen kann.",Unwiderrufliche Zusagen zum Erwerb von Rohstoffen wurden im Anhang offengelegt.
I,Issued capital,Ausgegebenes Kapital (Grundkapital),"Der Betrag des Grundkapitals, der tatsächlich an die Aktionäre ausgegeben wurde.",Das ausgegebene Kapital wird getrennt von der Kapitalreserve (Agio) ausgewiesen.
I,Issued shares,Ausgegebene Aktien,"Aktien, die den Aktionären zugeordnet wurden und auf die diese eingezahlt haben.",Ausgegebene Aktien werden mit ihrem Nennwert erfasst.
I,Issuing entity,Ausgebendes Unternehmen (Emissionsunternehmen),"Das Unternehmen, das Eigenkapitalinstrumente an die Inhaber ausgibt.",Das Emissionsunternehmen erfasste die Vorzugsaktien als Eigenkapital.
I,Item,Posten / Position,Ein einzelnes Element des Jahresabschlusses.,"Jeder Posten wird als Vermögenswert, Schuld, Ertrag oder Aufwand klassifiziert."
I,Item by item basis,Einzelpostenweise (je Posten),"Ein Ansatz, bei dem jeder einzelne Posten gesondert statt in aggregierter Form betrachtet wird.",Das Unternehmen beurteilte seine Finanzvermögenswerte einzelpostenweise auf Wertminderung.
I,Item of inventory,Vorratsposten,Eine einzelne Einheit oder Kategorie der Vorräte.,Jeder Vorratsposten wird mit dem niedrigeren Betrag aus Anschaffungs- oder Herstellungskosten und Nettoverkaufserlös bewertet.
J-L,Joint control,Gemeinsame Kontrolle,"Vertraglich vereinbarte, geteilte Kontrolle über eine Vereinbarung.",Die beiden Parteien üben die gemeinsame Kontrolle über das Gemeinschaftsunternehmen aus.
J-L,Joint venture,Gemeinschaftsunternehmen / Joint Venture,"Eine gemeinsame Vereinbarung, bei der die Parteien die Kontrolle teilen und Rechte am Nettovermögen haben.",Die beiden Unternehmen gründeten für das Projekt ein Gemeinschaftsunternehmen.
J-L,Joint working group,Gemeinsame Arbeitsgruppe,"Eine Gruppe, die von zwei oder mehr Institutionen gebildet wurde, um gemeinsam an einem gemeinsamen Projekt oder Standard zu arbeiten.","Die gemeinsame Arbeitsgruppe wurde eingesetzt, um die beiden Rahmenwerke aufeinander abzustimmen."
J-L,Jointly Controlled Entities – Non-Monetary Contributions by Venturers,Gemeinsam kontrollierte Unternehmen – nicht monetäre Einlagen der Beteiligten,"Leitlinien zu nicht monetären Einlagen, die Beteiligte in gemeinsam kontrollierte Unternehmen einbringen.",Nicht monetäre Einlagen der Beteiligten erfordern eine sorgfältige Gewinnrealisierung.
J-L,Jointly controlled entity,Gemeinsam kontrolliertes Unternehmen,"Ein Unternehmen, dessen strategische Entscheidungen der einstimmigen Zustimmung der Beteiligten bedürfen.",Die Gewinne des gemeinsam kontrollierten Unternehmens werden zu gleichen Teilen aufgeteilt.
J-L,Jurisdiction,Rechtsgebiet / Gerichtsbarkeit,Ein Rechtsgebiet mit eigenen Vorschriften und Gerichten.,Steuersätze werden auf Grundlage des jeweiligen Rechtsgebiets angewendet.
J-L,Key management personnel,Führungskräfte / Schlüsselpersonal des Managements,"Personen, die die Befugnis für Planung und Kontrolle haben.",Die Vergütung der Führungskräfte wird offengelegt.
J-L,Larger financial asset,Wertgrößerer Finanzvermögenswert,"Der Finanzvermögenswert mit dem höheren Wert in einem Vergleich, relevant bei der Zuordnung oder Bewertung von Vermögenswerten.",Die Anpassung auf den beizulegenden Zeitwert wurde dem wertgrößeren Finanzvermögenswert im Portfolio zugeordnet.
J-L,"Last-in, first-out","Last-in, first-out (LIFO – zuletzt zugegangen, zuerst verbraucht)",Eine Methode der Vorratsbewertung.,"Last-in, first-out ist nach den IFRS nicht zulässig."
J-L,Lease,Leasingvertrag,"Ein Vertrag, der das Recht zur Nutzung eines Vermögenswerts einräumt.",Die Laufzeit des Leasingvertrags beträgt fünf Jahre ohne Verlängerungsoption.
J-L,Lease term,Leasinglaufzeit,"Der unkündbare Zeitraum, während dessen ein Leasingnehmer einen Vermögenswert nutzen darf.",Die Leasinglaufzeit wurde um eine optionale Verlängerungsperiode verlängert.
J-L,Leaseback,Sale-and-Lease-back (Verkauf und Rückmietung),"Ein Geschäft, bei dem der Verkäufer eines Vermögenswerts dieses vom Käufer zurück least.",Das Sale-and-Lease-back-Geschäft führte zu einem Nutzungsrecht.
J-L,Leased assets,Vermögenswerte aus Finanzierungsleasing,"Vermögenswerte, die von einem Leasingnehmer oder Leasinggeber im Rahmen eines Finanzierungsleasings angesetzt werden.",Vermögenswerte aus Finanzierungsleasing werden über die kürzere Dauer von Leasinglaufzeit oder Nutzungsdauer abgeschrieben.
J-L,Leasehold interest,Miet- bzw. Pachtrecht am Vermögenswert,Das Recht des Leasingnehmers an einem Vermögenswert aufgrund eines Miet- bzw. Leasingvertrags.,Das Mietrecht wurde als Vermögenswert eingestuft.
J-L,Leases,Leasingverhältnisse / Mietverträge,"Verträge, die das Recht zur Nutzung eines Vermögenswerts für eine bestimmte Zeit übertragen.",Leasingverhältnisse werden als Nutzungsrecht und als Leasingverbindlichkeit angesetzt.
J-L,Legal entity,Rechtsträger / juristische Person,"Ein Unternehmen, das als solches vom Gesetz anerkannt ist.",Ein Rechtsträger kann vom berichterstattenden Unternehmen getrennt sein.
J-L,Legal merger,Gesetzliche Verschmelzung,"Eine Unternehmensverbindung, bei der zwei oder mehr Unternehmen rechtlich zu einem einzigen Unternehmen verschmolzen werden.",Nach der gesetzlichen Verschmelzung übernahm das übernehmende Unternehmen alle Vermögenswerte und Schulden des verschmolzenen Unternehmens.
J-L,Legal obligation,Gesetzliche / rechtliche Verpflichtung,"Eine Verpflichtung, die aus Gesetz oder Rechtsvorschrift entsteht.",Eine gesetzliche Verpflichtung kann die Bildung einer Rückstellung erfordern.
J-L,Legal parent,Rechtliches Mutterunternehmen,"Das Unternehmen, das ein anderes Unternehmen durch Beteiligungsbesitz beherrscht.",Das rechtliche Mutterunternehmen beherrscht zwei Tochterunternehmen.
J-L,Legal release,Gesetzlicher Schulderlass / rechtliche Entpflichtung,Die rechtliche Entlassung aus einer Schuld oder Verpflichtung.,Der rechtliche Wegfall der Bürgschaft beseitigte die Verbindlichkeit.
J-L,Legal rights,Gesetzliche / rechtliche Rechte,"Durchsetzbare Rechte, die im Jahresabschluss angesetzt oder angegeben werden.","Das Unternehmen hatte gesetzliche Rechte, die beiden Salden aufzurechnen."
J-L,Legal subsidiary,Rechtliche Tochtergesellschaft,"Das Unternehmen, das bei einer umgekehrten Übernahme rechtlich als Tochterunternehmen bezeichnet wird.",Die rechtliche Tochtergesellschaft wird als bilanzieller Erwerber behandelt.
J-L,Legally enforceable right,Rechtlich durchsetzbares Recht,"Ein Recht, das vor Gericht durchsetzbar ist.",Die Saldierung setzt ein rechtlich durchsetzbares Aufrechnungsrecht voraus.
J-L,Legislative requirement,Gesetzliche Anforderung / gesetzliche Vorgabe,Eine durch Gesetz auferlegte Anforderung.,Eine gesetzliche Anforderung begründete eine gegenwärtige Verpflichtung.
J-L,Lender,Darlehensgeber / Kreditgeber,"Eine Partei, die Mittel als Darlehen zur Verfügung stellt.",Der Darlehensgeber beurteilt das Kreditrisiko des Kreditnehmers.
J-L,Lessee,Leasingnehmer (Mieter),"Die Partei, die das Recht erhält, einen zugrunde liegenden Vermögenswert für einen bestimmten Zeitraum gegen Entgelt zu nutzen.",Der Leasingnehmer erfasst zum Beginn des Leasingverhältnisses eine Leasingverbindlichkeit und ein Nutzungsrecht.
J-L,Lessee’s incremental borrowing rate of interest,Grenzkreditzinssatz des Leasingnehmers (Zinssatz für eine zusätzliche Kreditaufnahme),"Der Zinssatz, den ein Leasingnehmer für eine Kreditaufnahme zahlen müsste.",Der Grenzkreditzinssatz des Leasingnehmers diskontiert die Leasingzahlungen.
J-L,Lessor,Leasinggeber (Vermieter),"Die Partei, die einen Vermögenswert im Rahmen eines Leasingvertrags zur Verfügung stellt.",Der Leasinggeber erfasste eine Forderung aus Finanzierungsleasing.
J-L,Letters of credit,Akkreditive,"Bankdokumente, die dem Verkäufer die Zahlung garantieren.",Der Exporteur verlangte für die Lieferung ein Akkreditiv.
J-L,Level of serviceability,Betriebsbereitschaftsgrad,"Der Leistungsstandard bzw. das Leistungsniveau, das ein Vermögenswert aufweisen muss, um als nutzbar zu gelten.",Die Wartungsrückstellung hält das Flugzeug auf dem erforderlichen Betriebsbereitschaftsgrad.
J-L,Leverage,Kredithebel / Leverage-Effekt,"Der Einsatz von Schulden, um die potenzielle Eigenkapitalrendite zu erhöhen.",Ein hoher Kredithebel erhöht das finanzielle Risiko des Unternehmens.
J-L,Leveraged written option,Gehebelte geschriebene Option,"Eine geschriebene Option, deren Auszahlung überproportional zum Basiswert steigt.",Die gehebelte geschriebene Option erhöhte das Risikopotenzial des Unternehmens.
J-L,Liabilities Arising from Participating in a Specific Market – Waste Electrical and Electronic Equipment,Verbindlichkeiten aus der Teilnahme an einem bestimmten Markt – Elektro- und Elektronikaltgeräte,Verpflichtungen aus der Teilnahme an einem Markt für Elektro- und Elektronikaltgeräte.,Aus der Teilnahme am Markt für Elektro- und Elektronikaltgeräte entstehen Verbindlichkeiten.
J-L,Liabilities assumed,Übernommene Verbindlichkeiten,Im Rahmen eines Geschäftsvorfalls übernommene Verpflichtungen.,Übernommene Verbindlichkeiten werden in einer Unternehmenskombination zum beizulegenden Zeitwert bewertet.
J-L,Liability,Schuld / Verbindlichkeit (Fremdkapital),"Eine gegenwärtige Verpflichtung des Unternehmens, die aus vergangenen Ereignissen entsteht und deren Erfüllung voraussichtlich zu einem Abfluss von Ressourcen führt.","Die Verbindlichkeit aus Lieferungen und Leistungen wird als Schuld angesetzt, weil das Unternehmen eine gegenwärtige Zahlungsverpflichtung hat."
J-L,Liability adequacy test,Test der Angemessenheit der Verbindlichkeiten,"Ein Test, ob die Verbindlichkeiten ausreichend bemessen sind.","Der Test der Angemessenheit der Verbindlichkeiten stellt sicher, dass die Versicherungsverbindlichkeiten ausreichend sind."
J-L,Liability component,Schuldkomponente / Verbindlichkeitskomponente,Der Schuldbestandteil eines zusammengesetzten Finanzinstruments.,Die Schuldkomponente wurde mit dem Barwert bewertet.
J-L,Liability issue,Emission von Schuldtiteln,Die Ausgabe von Schuldtiteln zur Mittelbeschaffung.,Die Schuldtitelemission verschaffte Mittel für die Expansion.
J-L,Licence fee,Lizenzgebühr,Eine Zahlung für das Recht zur Nutzung geistigen Eigentums oder zur Ausübung einer Tätigkeit auf Grundlage einer Genehmigung.,Die Lizenzgebühr wurde über die Laufzeit der Lizenz als Umsatzerlös erfasst.
J-L,Licensing agreement,Lizenzvertrag / Lizenzvereinbarung,"Ein Vertrag, der Rechte zur Nutzung geistigen Eigentums oder von Technologie einräumt.",Der Lizenzvertrag sieht Lizenzgebührenzahlungen vor.
J-L,Life-contingent annuity,Leibrente (lebenslange Rente),"Eine Rente, deren Zahlungen vom Überleben des Rentenempfängers abhängen.",Der Versicherer kalkulierte die Leibrente auf der Grundlage von Sterblichkeitsannahmen.
J-L,LIFO,"LIFO (Last-in, first-out – zuletzt zugegangen, zuerst verbraucht)","Bewertungsmethode für Vorräte nach dem Prinzip zuletzt zugegangen, zuerst verbraucht.",LIFO ist nach den IFRS nicht zulässig.
J-L,Like transactions and events in similar circumstances,Gleiche Geschäftsvorfälle und Ereignisse unter ähnlichen Umständen,"Vergleichbare Geschäftsvorfälle, die einheitlich behandelt werden.",Gleiche Geschäftsvorfälle unter ähnlichen Umständen werden einheitlich behandelt.
J-L,Limited Exemption from Comparative IFRS 7 Disclosures for First-time Adopters,Eingeschränkte Befreiung von vergleichenden IFRS-7-Angaben für Erstanwender,"Eine Änderung, die Erstanwendern eine eingeschränkte Befreiung von der Vorlage vergleichender IFRS-7-Angaben einräumt.",Die eingeschränkte Befreiung von vergleichenden IFRS-7-Angaben für Erstanwender verringert den Übergangsaufwand.
J-L,Line item,Einzelposten / Position,"Eine einzelne, in einer Übersicht dargestellte Position.",Jeder Einzelposten wird gesondert dargestellt.
J-L,Line of business,Geschäftsbereich / Geschäftszweig,Ein abgrenzbarer Segment- oder Tätigkeitsbereich.,Die Ergebnisse werden nach Geschäftsbereichen berichtet.
J-L,Liquid assets,Liquide Mittel / flüssige Mittel,"Zahlungsmittel und Vermögenswerte, die leicht in Zahlungsmittel umgewandelt werden können.","Das Unternehmen verfügte über ausreichend liquide Mittel, um seine Zahlungen zu leisten."
J-L,Liquidity,Liquidität,"Die Verfügbarkeit von Zahlungsmitteln und die Fähigkeit des Unternehmens, seinen kurzfristigen Verpflichtungen nachzukommen.","Das Unternehmen hielt ausreichend Liquidität vor, um seinen fälligen Verpflichtungen nachzukommen."
J-L,Liquidity presentation,Liquiditätsorientierte Darstellung,Darstellung von Vermögenswerten und Schulden nach ihrer Nähe zu Zahlungsmitteln.,Die Bank wendet in ihrer Bilanz die liquiditätsorientierte Darstellung an.
J-L,Liquidity risk,Liquiditätsrisiko,"Das Risiko, dass ein Unternehmen seinen finanziellen Verpflichtungen nur schwer nachkommen kann.",Das Unternehmen überwacht das Liquiditätsrisiko anhand einer Restlaufzeitenanalyse.
J-L,Litigation settlements,Prozessvergleiche / Vergleiche aus Rechtsstreitigkeiten,Vereinbarte Beträge zur Beilegung von Rechtsstreitigkeiten.,Prozessvergleiche wurden als Rückstellung angesetzt.
J-L,Loan,Darlehen / Kredit,"Zur Verfügung gestellte Mittel, die zurückgezahlt werden müssen.",Das Darlehen wird zu fortgeführten Anschaffungskosten bewertet.
J-L,Loan asset,Darlehensforderung / Kreditvermögenswert,Ein Finanzvermögenswert aus der Geldvergabe an einen Kreditnehmer.,Die Darlehensforderung wird mit der Effektivzinsmethode zu fortgeführten Anschaffungskosten bewertet.
J-L,Loan commitment,Kreditzusage,Eine Zusage zur Bereitstellung eines Darlehens.,Die Gebühr für die Kreditzusage wird über den Zusagezeitraum erfasst.
J-L,Loan sub-participation,Kreditunterbeteiligung,"Vereinbarung, durch die ein Teil des Risikos und der Rendite eines Kredits übertragen wird.",Die Bank ging mit einem anderen Kreditgeber eine Kreditunterbeteiligung ein.
J-L,Loans and advances,Gewährte Darlehen und Vorschüsse,"Beträge, die eine Bank ihren Kunden geliehen hat.",Die Darlehen und Vorschüsse an Kunden sind im Laufe des Jahres gewachsen.
J-L,Loans and receivables,Darlehen und Forderungen,"Nichtderivative finanzielle Vermögenswerte mit festen oder bestimmbaren Zahlungen, die nicht in einem aktiven Markt notiert sind.",Handelsforderungen wurden nach der alten Norm als Darlehen und Forderungen klassifiziert.
J-L,Loans and receivables originated by the enterprise,Vom Unternehmen gewährte Darlehen und Forderungen,"Nichtderivative finanzielle Vermögenswerte, die durch Hingabe von Geld oder Waren entstehen.",Vom Unternehmen gewährte Darlehen und Forderungen werden zu fortgeführten Anschaffungskosten bewertet.
J-L,Loans payable,Darlehensverbindlichkeiten / aufgenommene Darlehen,"Verbindlichkeiten aus aufgenommenen Mitteln, die zurückgezahlt werden müssen.",Darlehensverbindlichkeiten werden als langfristige Verbindlichkeiten klassifiziert.
J-L,Loans payable in default,In Verzug geratene Darlehensverbindlichkeiten,"Darlehen, deren Vertragsbedingungen verletzt sind und die jederzeit zur Rückzahlung fällig gestellt werden können.",In Verzug geratene Darlehensverbindlichkeiten werden als kurzfristige Verbindlichkeiten klassifiziert.
J-L,Long-term employee benefits,Langfristige Leistungen an Arbeitnehmer,"Leistungen, die erst nach Ablauf von zwölf Monaten fällig werden.",Zu den langfristigen Leistungen an Arbeitnehmer gehört der Urlaub für langjährige Dienstzeit.
J-L,Long-term investment,Langfristige Investition / langfristige Finanzanlage,"Eine Investition, die voraussichtlich länger als ein Jahr gehalten und nicht kurzfristig in Zahlungsmittel umgewandelt wird.",Langfristige Investitionen werden in der Bilanz getrennt vom Umlaufvermögen dargestellt.
J-L,Look through,Durchgriff / Durchschau (Look-through),"Beurteilung des wirtschaftlichen Gehalts, der hinter einer Struktur steht.",Ein Durchgriffsansatz bewertet die zugrunde liegenden Vermögenswerte.
J-L,Look through approach,Durchgriffsansatz (Look-through-Ansatz),Ausrichtung der Behandlung am wirtschaftlichen Gehalt statt an der rechtlichen Form.,Der Durchgriffsansatz wird bei Finanzkonglomeraten angewendet.
J-L,Loss event,Verlustereignis,"Ein Ereignis, das einen tatsächlichen Kreditausfall verursacht.",Bei dem in Verzug geratenen Darlehen wurde ein Verlustereignis festgestellt.
J-L,Loss of control,Verlust der Beherrschung,"Das Ereignis, bei dem ein Mutterunternehmen die Beherrschung über ein ehemaliges Tochterunternehmen verliert.",Der Verlust der Beherrschung löste die Ausbuchung der Vermögenswerte und Schulden des Tochterunternehmens aus.
J-L,Loss per share,Verlust je Aktie,"Der Nettoverlust, der auf jede Stammaktie entfällt.",Das Unternehmen wies für die Periode einen Verlust je Aktie aus.
J-L,Loss recognition test,Verlusttest (bei Versicherungsunternehmen),"Ein Test zur Feststellung, ob ein Versicherungsvertrag belastend (unvorteilhaft) ist.",Ein Verlusttest wird für jedes Versicherungsportfolio durchgeführt.
J-L,Loss sharing arrangement,Verlustteilungsvereinbarungen,"Eine Vereinbarung, durch die Verluste zwischen den Parteien geteilt werden.",Nach der Verlustteilungsvereinbarung werden Verluste anteilig getragen.
J-L,Losses,Verluste,Minderungen des wirtschaftlichen Nutzens.,Verluste werden in Gewinn oder Verlust erfasst.
J-L,Lower level parent,Mutterunternehmen auf unterer Ebene,"Ein Mutterunternehmen, das selbst ein Tochterunternehmen eines weiter oben in der Konzernstruktur stehenden Mutterunternehmens ist.",Das Mutterunternehmen auf unterer Ebene erstellt einen Konzernabschluss für seine eigene Gruppe innerhalb der umfassenderen Struktur.
M-N,Majority interest,Mehrheitsbeteiligung,Eigentum an mehr als der Hälfte der Stimmrechte.,Die Mehrheitsbeteiligung verschafft dem Mutterunternehmen die Beherrschung.
M-N,Managed on a contractual yield basis,auf Basis vertraglich vereinbarter Erträge verwaltet,"Vermögenswerte, die mit dem Ziel verwaltet werden, vertraglich festgelegte Erträge zu erzielen.",Das Portfolio wird auf Basis vertraglich vereinbarter Erträge verwaltet.
M-N,Management,Geschäftsleitung / Management,"Die Personen, die für die Führung und Steuerung eines Unternehmens verantwortlich sind.",Die Geschäftsleitung ist für die Aufstellung des Jahresabschlusses verantwortlich.
M-N,Management approach,Management-Ansatz (Ansatz der Geschäftsleitung),"Ein Ansatz, der die Segmentberichterstattung auf die Informationen stützt, die die Geschäftsleitung intern verwendet.","Nach dem Management-Ansatz wurden die Segmente so berichtet, wie sie der für operative Entscheidungen zuständige oberste Entscheidungsträger prüft."
M-N,Management commentary,Managementkommentar / Lagebericht,"Erläuternder Bericht zu den Finanzergebnissen, der den Abschluss begleitet.",Der Managementkommentar erläutert die wichtigsten Leistungstreiber.
M-N,Management intentions,Absichten der Geschäftsleitung,Die erklärten Pläne der Geschäftsleitung zum Halten oder zur Veräußerung eines Vermögenswerts.,Die Klassifizierung hing von den Absichten der Geschäftsleitung ab.
M-N,Margin,Bruttomarge / Rohergebnis,Die Differenz zwischen Umsatzerlösen und Umsatzkosten.,Die Bruttomarge verbesserte sich nach Kostenreduzierungen.
M-N,Market condition,Marktbedingung,"Eine Bedingung, die an Marktpreise geknüpft ist.",Eine Marktbedingung beeinflusst den beizulegenden Zeitwert einer Aktienoption.
M-N,Market price,Marktpreis,"Der Preis, zu dem ein Vermögenswert oder eine Schuld in einem aktiven Markt gekauft oder verkauft werden könnte.",Zur Bestimmung des beizulegenden Zeitwerts der börsennotierten Aktien wurde der Marktpreis herangezogen.
M-N,Market rate of interest,Marktzinssatz,Der am Markt jeweils geltende Zinssatz.,Das Darlehen wurde zum Marktzinssatz gewährt.
M-N,Market risk,Marktrisiko,Verlustrisiko aus Schwankungen der Marktpreise.,Das Marktrisiko entsteht durch Schwankungen der Rohstoffpreise.
M-N,Market value,Marktwert,"Der Preis, zu dem ein Vermögenswert am Markt gehandelt werden könnte.",Der Marktwert des Grundstücks ist stark gestiegen.
M-N,Marketable,marktfähig / handelbar,"Bezeichnet einen Vermögenswert, der jederzeit am Markt gekauft oder verkauft werden kann.",Die marktfähigen Wertpapiere wurden zum Berichtsstichtag zum beizulegenden Zeitwert bewertet.
M-N,Marketing-related intangible assets,Marketingbezogene immaterielle Vermögenswerte,Im Marketing eingesetzte immaterielle Vermögenswerte wie Marken und Markennamen.,Zu den marketingbezogenen immateriellen Vermögenswerten gehören Marken und Internetdomänen.
M-N,Mask works,Schutzrechte an Halbleiterlayouts (Mask Works / Topografien),"Rechte des geistigen Eigentums, die Entwürfe von Halbleiterchips schützen.",Maskenwerke (Topografien) werden als immaterielle Vermögenswerte angesetzt.
M-N,Master netting arrangement,Master-Netting-Abkommen (Rahmenvertrag zur Saldierung),"Eine Vereinbarung, die bei Ausfall die Saldierung mehrerer Verträge erlaubt.",Ein Master-Netting-Abkommen ermöglicht die Saldierung im Ausfallfall.
M-N,Matching of costs with revenues,Zusammenführung von Aufwendungen und Erträgen (Matching),Erfassung von Aufwendungen zusammen mit den zugehörigen Erträgen.,Die Zuordnung von Aufwendungen zu Erträgen erfasst die Aufwendungen in derselben Periode.
M-N,Material,wesentlich,"Information ist wesentlich, wenn ihre Auslassung, ihre falsche Darstellung oder ihre Verschleierung die Entscheidungen der Nutzer beeinflussen könnte.",Die Auslassung der Angabe war für die Nutzer des Jahresabschlusses nicht wesentlich.
M-N,Material adjustments,Wesentliche Anpassungen,"Anpassungen, die so bedeutsam sind, dass sie berücksichtigt werden müssen.",Wesentliche Anpassungen wurden an den Zahlen der Vorperiode vorgenommen.
M-N,Material errors,Wesentliche Fehler,"Fehler, die so bedeutsam sind, dass sie die Entscheidungen der Nutzer beeinflussen können.",Wesentliche Fehler in früheren Abschlüssen wurden rückwirkend korrigiert.
M-N,Material omissions,Wesentliche Unterlassungen,"Versäumnisse, Informationen von so großer Bedeutung aufzunehmen, dass ihr Fehlen Entscheidungen beeinflussen kann.",Wesentliche Unterlassungen im Anhang führten zu einer Neufassung.
M-N,Materiality,Wesentlichkeit,"Die Schwelle, ab der Informationen die wirtschaftlichen Entscheidungen der Nutzer von Jahresabschlüssen beeinflussen können.",Die Auslassung wurde als nicht wesentlich für den Abschluss als Ganzes angesehen.
M-N,Matrix approach Matrix presentation,Matrixansatz / Matrixdarstellung,Darstellung von Informationen in zwei Dimensionen in Rasterform.,Die Matrixdarstellung legt die Risiken nach Art und Kategorie offen.
M-N,Matrix form of organisation,Matrixorganisation,"Eine Organisationsstruktur, in der Mitarbeiter mehr als einem Vorgesetzten Bericht erstatten.",Die Gruppe ist in Form einer Matrixorganisation organisiert.
M-N,Maturity,Fälligkeit,"Der Zeitpunkt, zu dem ein Instrument zur Abwicklung fällig wird.",Die Fälligkeit der Anleihe liegt zehn Jahre nach der Ausgabe.
M-N,Maturity value,Fälligkeitswert / Rückzahlungsbetrag,Der bei Fälligkeit zahlbare Betrag.,Die Anleihe wurde zu ihrem Fälligkeitswert zurückgezahlt.
M-N,Measured at fair value through other comprehensive income,Bewertung zum beizulegenden Zeitwert mit Erfassung von Wertänderungen im sonstigen Gesamtergebnis (FVOCI),"Eine Bewertungskategorie für finanzielle Vermögenswerte, deren Wertänderungen zum beizulegenden Zeitwert im sonstigen Gesamtergebnis statt im Periodenergebnis erfasst werden.","Der Schuldtitel wird zum beizulegenden Zeitwert über das sonstige Gesamtergebnis bewertet, da er im Geschäftsmodell des Haltens zum Zahlungseinzug und Verkaufens gehalten wird."
M-N,Measurement,Bewertung,Bestimmung des Geldbetrags eines Postens.,Bei der Bewertung der Rückstellung wurde die beste Schätzung herangezogen.
M-N,Measurement bases,Bewertungsmaßstäbe / Bewertungsmethoden,Methoden zur Bestimmung der Beträge im Jahresabschluss.,Der Standard führt mehrere Bewertungsmaßstäbe an.
M-N,Measurement date,Bewertungsstichtag,"Der Stichtag, zu dem ein Vermögenswert oder eine Schuld bewertet wird.",Der Bewertungsstichtag für die Planvermögen war das Jahresende.
M-N,Measurement of change,Ermittlung von Änderungen,"Die Bestimmung des Betrags der Änderung eines Postens, der anzusetzen oder offenzulegen ist.",Die ermittelte Änderung des beizulegenden Zeitwerts der Verbindlichkeit wurde in Gewinn oder Verlust erfasst.
M-N,Measurement or recognition inconsistency,Bewertungs- oder Ansatzinkonsistenz,Eine Inkongruenz in der Bilanzierung zwischen zueinander gehörenden Vermögenswerten und Schulden.,"Das Derivat wurde gehalten, um eine Bewertungs- oder Ansatzinkonsistenz zu beseitigen."
M-N,Measuring interim income tax expense,Ermittlung des Ertragsteueraufwands für Zwischenperioden,Berechnung der Ertragsteuer für Zwischenberichtszeiträume unter Verwendung der geschätzten effektiven Jahressteuerrate.,Die Ermittlung des Zwischenperioden-Ertragsteueraufwands erfordert eine geschätzte Jahresrate.
M-N,Membership fees,Mitgliedsbeiträge,"Beiträge, die für den Beitritt zu oder die Zugehörigkeit zu einer Organisation gezahlt werden.",Mitgliedsbeiträge werden über die Dauer der Mitgliedschaft als Umsatzerlöse erfasst.
M-N,Members’ shares,Anteile der Mitglieder,Von Mitgliedern einer Genossenschaft gehaltenes Eigenkapital.,Anteile von Mitgliedern können als Eigenkapital oder als Verbindlichkeit klassifiziert werden.
M-N,Members’ Shares in Co-operative Entities and Similar Instruments,Anteile der Mitglieder an Genossenschaften und ähnliche Instrumente,"Eine Auslegung, die regelt, ob Mitgliederanteile an Genossenschaften als Verbindlichkeiten oder als Eigenkapital zu klassifizieren sind.","Die Auslegung zu Mitgliederanteilen an Genossenschaften bestimmt, wann solche Anteile als Eigenkapital klassifiziert werden."
M-N,Merchandise,Waren / Handelswaren,"Waren, die zum Weiterverkauf gehalten werden.",Handelswaren werden innerhalb der Vorräte ausgewiesen.
M-N,Merger,Verschmelzung / Fusion,Zusammenschluss von zwei Unternehmen zu einem.,Die Fusion schuf die größte Bank der Region.
M-N,Method of accounting,Bilanzierungsmethode,"Der Ansatz, der zur Erfassung und Bewertung von Geschäftsvorfällen verwendet wird.",Das Unternehmen änderte seine Bilanzierungsmethode für Leasingverhältnisse.
M-N,Mid-market price,Mittelkurs (Mid-Market-Preis),"Der Kurs, der genau zwischen Geld- und Briefkurs eines Finanzinstruments liegt.",Die Aktien wurden zum Berichtsstichtag unter Verwendung des Mittelkurses bewertet.
M-N,Minerals and mineral products,Mineralien und Mineralprodukte,Gewonnene natürliche Ressourcen und daraus hergestellte Erzeugnisse.,Der Vorrat an Mineralien und Mineralprodukten wird zum Nettoveräußerungswert bewertet.
M-N,Minimum funding contributions,Mindestfinanzierungsbeiträge,Gesetzlich oder durch Vorschriften vorgegebene Beiträge zur Finanzierung eines Plans.,Das Unternehmen leistete Mindestfinanzierungsbeiträge an den Pensionsplan.
M-N,Minimum funding requirement,Mindestfinanzierungsanforderung,Ein gesetzlich vorgeschriebener Mindestbeitrag zur Finanzierung eines Leistungsplans.,Die Mindestfinanzierungsanforderung erhöhte die Verbindlichkeit aus dem Plan.
M-N,Minimum lease payments,Mindestleasingraten / Mindestleasingzahlungen,Über die Laufzeit des Leasingvertrags geschuldete Zahlungen.,Mindestleasingraten werden in der Leasingbilanzierung abgezinst.
M-N,Minority interest,Minderheitsanteile,"Der Anteil am Eigenkapital eines Tochterunternehmens, der dem Mutterunternehmen weder unmittelbar noch mittelbar zuzurechnen ist.",Die Minderheitsanteile werden in der konsolidierten Bilanz innerhalb des Eigenkapitals ausgewiesen.
M-N,Mismatch,Inkongruenz / Diskrepanz,Eine Inkongruenz zwischen Vermögenswerten und Schulden.,Die Diskrepanz zwischen den Fälligkeiten erzeugt Risiko.
M-N,Misstatement,Fehldarstellung / Unrichtigkeit,Differenz zwischen den ausgewiesenen und den sachlich erforderlichen Beträgen.,Der Abschlusssprüfer stellte eine Fehldarstellung in den Umsatzerlösen fest.
M-N,Mitigating device,Risikominderungsinstrument,"Ein Instrument oder eine Maßnahme, das bzw. die die Risikoposition verringert.",Das Derivat diente als Risikominderungsinstrument für das Währungsrisiko.
M-N,Mixed attribute approach,Gemischter Bewertungsansatz,"Ein Bilanzierungsansatz, bei dem auf unterschiedliche Posten unterschiedliche Bewertungsmaßstäbe angewendet werden.","Der Standard verwendet einen gemischten Bewertungsansatz und bewertet einige Vermögenswerte zu Anschaffungskosten, andere zum beizulegenden Zeitwert."
M-N,Monetary asset,Monetärer Vermögenswert / Geldvermögenswert,"Ein Vermögenswert, der Geld oder einen Anspruch auf feste Geldbeträge verkörpert.",Zahlungsmittel und Handelsforderungen sind monetäre Vermögenswerte.
M-N,Monetary items,Monetäre Posten,"Gehaltene Währungseinheiten sowie Vermögenswerte und Schulden, die in festen Beträgen zu erhalten oder zu zahlen sind.",Monetäre Posten werden zum Stichtagskurs umgerechnet.
M-N,Monetary items (monetary assets; monetary financial assets and financial liabilities; monetary financial instruments),Monetäre Posten (monetäre Vermögenswerte; monetäre finanzielle Vermögenswerte und finanzielle Schulden; monetäre Finanzinstrumente),"Vermögenswerte und Schulden, die in festen Geldeinheiten zu erhalten oder zu zahlen sind.",Monetäre Posten werden zum Stichtagskurs neu umgerechnet.
M-N,Monitor compliance,Einhaltung überwachen,Überwachung der Einhaltung von Regeln oder vertraglichen Auflagen.,Das Unternehmen überwacht die Einhaltung der Kreditvertragsauflagen.
M-N,Mortality risk,Sterblichkeitsrisiko,"Das Risiko, dass tatsächliche Sterblichkeitsraten von den erwarteten abweichen und damit die Bewertung von Versicherungs- oder Leistungsplänen beeinflussen.",Das Sterblichkeitsrisiko des Versicherers wurde anhand aktueller versicherungsmathematischer Tafeln bewertet.
M-N,Multi-employer (benefit) plans,Mehrarbeitgeber-(Leistungs-)Pläne,Von mehreren Arbeitgebern gemeinsam getragene Leistungspläne.,Mehrarbeitgeberpläne bündeln die Vermögenswerte mehrerer Arbeitgeber.
M-N,Multi-employer plans (for an employee benefit plan),Mehrarbeitgeberpläne (bei Arbeitnehmerleistungsplänen),"Pläne, die Beiträge mehrerer voneinander unabhängiger Arbeitgeber bündeln.",Mehrarbeitgeberpläne verteilen das Risiko auf die beteiligten Arbeitgeber.
M-N,Multiple arrangements,Mehrere verbundene Vereinbarungen,"Mehrere getrennte Verträge, die gleichzeitig oder etwa zur selben Zeit geschlossen werden.",Die mehreren Vereinbarungen wurden als ein einziges Geschäft beurteilt.
M-N,Multiple embedded derivatives,Mehrere eingebettete Derivate,Zwei oder mehr eingebettete Derivate in einem einzigen Basisvertrag.,"Enthält ein Vertrag mehrere eingebettete Derivate, können diese als ein einziges zusammengesetztes Derivat behandelt werden."
M-N,Mutual cooperative entity,Gegenseitige Genossenschaft,"Ein Unternehmen, das seinen Mitgliedern gehört, von ihnen kontrolliert wird und ihrem gegenseitigen Nutzen dient.",Die gegenseitige Genossenschaft verteilt ihre Überschüsse unter ihren Mitgliedern.
M-N,Mutual entity,Gegenseitigkeitsverein,"Ein Unternehmen, dessen Eigentümer Dividenden oder Erträge statt Anteilsrechte am Eigenkapital erhalten.",Ein Gegenseitigkeitsverein gewährt seinen Mitgliedern Mitgliedschaftsrechte.
M-N,Mutual fund,Investmentfonds,"Ein gebündeltes Anlagevehikel, das seinen Anlegern gehört.",Anteile am Investmentfonds werden zum beizulegenden Zeitwert bewertet.
M-N,Mutual insurance company,Versicherungsverein auf Gegenseitigkeit,"Ein Versicherer, der seinen Versicherungsnehmern gehört.",Ein Versicherungsverein auf Gegenseitigkeit gehört seinen Versicherungsnehmern.
M-N,National requirements,Nationale Vorschriften,"Örtliche gesetzliche oder regulatorische Anforderungen, denen ein Unternehmen zusätzlich zu den internationalen Standards nachkommen muss.","Weichen nationale Vorschriften von den IFRS ab, legt das Unternehmen die Art der Unterschiede offen."
M-N,Nature of expense method,Gesamtkostenverfahren (Aufwandsartenverfahren),Darstellung der Aufwendungen nach ihrer Art.,Das Gesamtkostenverfahren gruppiert die Aufwendungen nach Art.
M-N,Negative goodwill,Negativer Firmenwert,"Gewinn, wenn die Anschaffungskosten unter dem beizulegenden Zeitwert des erworbenen Vermögens liegen.",Der günstige Erwerb führte zu einem negativen Firmenwert.
M-N,Negotiable paper,Begebare Wertpapiere / Orderpapiere,"Ein übertragbares Finanzinstrument, das durch Indossament auf eine andere Partei übertragen werden kann.",Das begebbare Wertpapier wurde an die Bank indossiert.
M-N,Net assets,Nettovermögen / Reinvermögen,"Der Betrag, um den die Gesamtvermögenswerte die Gesamtschulden übersteigen; er entspricht dem Eigenkapital.",Nach dem ertragsstarken Jahr sind die Nettovermögen gestiegen.
M-N,Net assets available for benefits,Für Leistungen verfügbares Nettovermögen,Planvermögen abzüglich der zur Zahlung der Arbeitnehmerleistungen verfügbaren Schulden.,Das für Leistungen verfügbare Nettovermögen wuchs im Berichtszeitraum.
M-N,Net basis,Nettoprinzip / Nettobasis,Darstellung von Vermögenswerten und Schulden zu ihrem Nettobetrag.,Die Verbindlichkeit wurde auf Nettobasis beglichen.
M-N,Net cash-settled option,Netto in bar abgerechnete Option,"Eine Option, die in Höhe des Nettogewinns in bar abgewickelt wird.",Die netto in bar abgerechnete Option wird als Verbindlichkeit klassifiziert.
M-N,Net disposal proceeds,Nettoerlöse aus der Veräußerung,Veräußerungserlöse abzüglich der Veräußerungskosten.,Die Nettoveräußerungserlöse mindern den Gewinn oder Verlust aus der Veräußerung.
M-N,Net exchange differences,Nettokursdifferenzen,Der Nettobetrag der Gewinne und Verluste aus der Umrechnung von Fremdwährungsbeträgen zu unterschiedlichen Kursen.,Nettokursdifferenzen werden im sonstigen Gesamtergebnis erfasst und in einem gesonderten Eigenkapitalposten angesammelt.
M-N,Net identifiable assets,Identifizierbares Nettovermögen,Identifizierbare Vermögenswerte abzüglich der übernommenen Schulden.,"Der Firmenwert ist der Betrag, um den die Gegenleistung das identifizierbare Nettovermögen übersteigt."
M-N,Net income,Nettogewinn / Jahresüberschuss,Der nach allen Aufwendungen und Steuern verbleibende Gewinn.,Das Nettoergebnis ist in diesem Jahr um zwölf Prozent gestiegen.
M-N,Net investment hedge,Absicherung einer Nettoinvestition,Eine Absicherung des Währungsrisikos einer Nettoinvestition im Ausland.,Die Gruppe nutzte für ihre ausländische Tochtergesellschaft eine Absicherung der Nettoinvestition.
M-N,Net investment in a foreign entity,Nettoinvestition in ein ausländisches Unternehmen,Der Anteil des berichtenden Unternehmens an den Nettovermögenswerten einer ausländischen Operation.,Das konzerninterne Darlehen bildete einen Teil der Nettoinvestition in ein ausländisches Unternehmen.
M-N,Net investment in a foreign operation,Nettoinvestition in eine ausländische Operation,Der Nettoanteil des berichtenden Unternehmens an den Nettovermögenswerten einer ausländischen Operation.,Kursdifferenzen aus einer Nettoinvestition in eine ausländische Operation werden im Eigenkapital erfasst.
M-N,Net investment in a lease,Nettoinvestition in einen Leasingvertrag,"Die Bruttoinvestition in einen Leasingvertrag, abgezinst mit dem impliziten Zinssatz.",Die Nettoinvestition in einen Leasingvertrag entspricht der Bruttoinvestition abzüglich der noch nicht verdienten Finanzierungserträge.
M-N,Net loss,Nettoverlust / Jahresfehlbetrag,Die Gesamtaufwendungen einer Periode übersteigen die Gesamterträge.,Das Unternehmen wies für das Jahr einen Nettoverlust aus.
M-N,Net monetary position,Netto monetäre Position,Die Differenz zwischen monetären Vermögenswerten und Schulden.,Die netto monetäre Position führt bei Inflation zu einem Gewinn.
M-N,Net position,Nettoposition,Die Differenz zwischen den Gesamtvermögenswerten und Gesamtschulden einer bestimmten Risikoposition oder Kategorie.,Die Nettoposition des Unternehmens in Fremdwährung wurde im Risikomanagementanhang offengelegt.
M-N,Net profit,Nettogewinn,Gewinn nach allen Aufwendungen und Steuern.,Der Nettogewinn des Jahres ist um zehn Prozent gestiegen.
M-N,Net profit or loss [for the period],Nettogewinn oder -verlust (der Periode),Das Endergebnis der Berichtsperiode.,Der Nettogewinn oder -verlust wird in der Gewinn- und Verlustrechnung ausgewiesen.
M-N,"Net Profit or Loss for the Period, Fundamental Errors and Changes in Accounting Policies","Perioden-Nettogewinn oder -verlust, grundlegende Fehler und Änderungen der Bilanzierungsmethoden","Regelungen zur Berichterstattung über den Periodengewinn, grundlegende Fehler und Änderungen der Bilanzierungsmethoden.",Der Standard behandelte den Nettogewinn und Änderungen der Bilanzierungsmethoden.
M-N,Net realisable value,Nettoveräußerungswert,Der geschätzte Verkaufspreis abzüglich der geschätzten Vollendungskosten und der Kosten der Veräußerung.,"Der Vorrat wurde auf seinen Nettoveräußerungswert abgeschrieben, da er nicht mehr verwendungsfähig war."
M-N,Net selling price,Nettoverkaufspreis,Beizulegender Zeitwert abzüglich der Veräußerungskosten.,Der Nettoverkaufspreis lag unter dem Buchwert des Vermögenswerts.
M-N,Net settlement = Settle net,Nettoabwicklung (Settle Net),Abwicklung eines Vertrags durch Zahlung oder Empfang nur des Nettogewinns oder -verlusts.,Die Derivate ermöglichten eine Nettoabwicklung ohne körperliche Lieferung.
M-N,Neutrality,Neutralität,Freiheit von Verzerrungen bei Finanzinformationen.,Neutralität unterstützt die zutreffende Darstellung der Ergebnisse.
M-N,Newly acquired asset,Neu erworbener Vermögenswert,Ein kürzlich erlangter Vermögenswert.,Ein neu erworbener Vermögenswert wird zum Erwerbszeitpunkt zum beizulegenden Zeitwert bewertet.
M-N,Next most senior parent,Nächst höher gelegenes Mutterunternehmen,"Das Mutterunternehmen, das in der Konzernhierarchie unmittelbar über einem Mutterunternehmen auf unterer Ebene steht.","Das nächst höher gelegene Mutterunternehmen ist verpflichtet, einen Konzernabschluss zu erstellen, der den gesamten Konzern umfasst."
M-N,Non- adjusting event [after the balance sheet date],Nicht anpassungsbedürftiges Ereignis (nach dem Bilanzstichtag),"Ein Ereignis nach dem Berichtsstichtag, das keine Anpassung erfordert.",Ein Rückgang des Marktwerts nach dem Jahresende ist ein nicht anpassungsbedürftiges Ereignis.
M-N,Non-adjusting event after the reporting period,Nicht anpassungsbedürftiges Ereignis nach der Berichtsperiode,"Ein Ereignis nach Periodenende, das die ausgewiesenen Zahlen nicht verändert.",Ein Brand nach dem Jahresende ist ein nicht anpassungsbedürftiges Ereignis nach der Berichtsperiode.
M-N,Non-bank financial service firm,Nichtbank-Finanzdienstleistungsunternehmen,"Ein Finanzinstitut, das keine zugelassene Bank ist.",Der Leasinggeber ist ein Nichtbank-Finanzdienstleistungsunternehmen.
M-N,Non-cancellable lease,Unkündbares Leasingverhältnis,"Ein Leasingverhältnis, das der Leasingnehmer nicht ohne Vertragsstrafe beenden kann.",Die Mindestleasingraten aus dem unkündbaren Leasingverhältnis wurden auf den Barwert abgezinst.
M-N,Non-cash assets,Nicht in Zahlungsmitteln bestehende Vermögenswerte,"Vermögenswerte, die keine Zahlungsmittel oder Zahlungsmitteläquivalente sind.",Nicht in Zahlungsmitteln bestehende Vermögenswerte wurden in das Gemeinschaftsunternehmen eingebracht.
M-N,Non-cash collateral,Nicht in Zahlungsmitteln bestehende Sicherheiten,"Als Sicherheit für eine Verpflichtung verpfändete Vermögenswerte, die keine Zahlungsmittel sind.",Nicht in Zahlungsmitteln bestehende Sicherheiten müssen zum beizulegenden Zeitwert bewertet werden.
M-N,Non-cash items,Nicht zahlungswirksame Posten,Erträge oder Aufwendungen ohne Zahlungsmittelbewegung.,"Die Abschreibung ist ein nicht zahlungswirksamer Posten, der in der Kapitalflussrechnung wieder hinzugerechnet wird."
M-N,Non-cash transactions,Nicht zahlungswirksame Geschäftsvorfälle,"Geschäftsvorfälle, die keine Zahlungsmittelbewegung zur Folge haben.",Nicht zahlungswirksame Geschäftsvorfälle werden aus der Kapitalflussrechnung ausgeschlossen.
M-N,Non-controlling interest,Nicht beherrschende Anteile,"Das Eigenkapital eines Tochterunternehmens, das dem Mutterunternehmen weder unmittelbar noch mittelbar zuzurechnen ist.",Nicht beherrschende Anteile werden im Konzernabschluss innerhalb des Eigenkapitals gesondert ausgewiesen.
M-N,Non-controlling interests,Nicht beherrschende Anteile (Minderheitsanteile),"Das Eigenkapital eines Tochterunternehmens, das dem Mutterunternehmen nicht gehört.",Nicht beherrschende Anteile werden innerhalb des Eigenkapitals ausgewiesen.
M-N,Non-coterminous year-ends,Nicht übereinstimmende Geschäftsjahresenden,Verschiedene Berichtsperiodenenden innerhalb eines Konzerns.,Nicht übereinstimmende Geschäftsjahresenden erfordern Anpassungen für wesentliche Geschäftsvorfälle.
M-N,Non-current assets,Langfristige Vermögenswerte / Anlagevermögen,"Vermögenswerte, deren Realisierung erst nach mehr als zwölf Monaten erwartet wird.",Zu den langfristigen Vermögenswerten gehören Sachanlagen.
M-N,Non-current assets (or disposal groups) as held for distribution to owners,"Langfristige Vermögenswerte (oder Veräußerungsgruppen), die zur Ausschüttung an die Eigentümer gehalten werden","Vermögenswerte, die voraussichtlich in ihrer Eigenschaft als Eigentümer an die Eigentümer verteilt statt verkauft werden.",Die Vermögenswerte des Tochterunternehmens wurden als zur Ausschüttung an die Eigentümer gehaltene langfristige Vermögenswerte klassifiziert.
M-N,Non-current Assets Held for Sale and Discontinued Operations,Langfristige zum Verkauf gehaltene Vermögenswerte und aufgegebene Geschäftsbereiche,Klassifizierung und Darstellung von zum Verkauf gehaltenen Vermögenswerten und aufgegebenen Geschäftsbereichen.,Zum Verkauf gehaltene langfristige Vermögenswerte werden mit dem niedrigeren Betrag aus Buchwert und beizulegendem Zeitwert abzüglich Veräußerungskosten bewertet.
M-N,Non-current liabilities,Langfristige Verbindlichkeiten,"Verpflichtungen, die voraussichtlich erst nach mehr als zwölf Monaten erfüllt werden.",Langfristige Verbindlichkeiten werden getrennt von den kurzfristigen ausgewiesen.
M-N,Non-depreciable assets,Nicht abschreibungsfähige Vermögenswerte,"Vermögenswerte, die nicht der Abschreibung unterliegen, wie Grundstücke.",Grund und Boden ist ein nicht abschreibungsfähiger Vermögenswert.
M-N,Non-derivative,nicht derivativ / kein Derivat,"Ein Instrument, das kein Derivat ist.",Ein nicht derivativer Vertrag wird gesondert klassifiziert.
M-N,Non-derivative contract,Nicht derivativer Vertrag,"Ein Vertrag, dessen Wert nicht in der Art eines Derivats von einer zugrunde liegenden Variablen abhängt.","Der Vertrag über den Erwerb von Stammaktien ist ein nicht derivativer Vertrag, der als Eigenkapitalinstrument klassifiziert wird."
M-N,Non-discretionary,nicht diskretionär / verpflichtend,Nicht dem Ermessen unterliegend.,Die Abgabe ist eine verpflichtende Zahlung.
M-N,Non-discretionary employee profit- sharing plan,Verpflichtender Mitarbeiter-Gewinnbeteiligungsplan,"Plan, der feste Beiträge unabhängig von der Entscheidung des Managements erfordert.",Der nicht diskretionäre Plan verpflichtet das Unternehmen zur Zahlung von Prämien.
M-N,Non-financial assets,Nichtfinanzielle Vermögenswerte,"Vermögenswerte wie Vorräte und Ausrüstung, die keine Finanzinstrumente sind.",Vorräte sind nichtfinanzielle Vermögenswerte.
M-N,Non-linearities,Nichtlinearitäten,"Effekte in einer Sensitivitätsanalyse, bei denen eine Änderung einer Variablen keine proportionale Änderung des Ergebnisses bewirkt.",Die Sensitivitätsanalyse hat Nichtlinearitäten in der Beziehung zwischen den Variablen offengelegt.
M-N,Non-marketable securities,Nicht marktfähige Wertpapiere,"Wertpapiere, die nicht an einem aktiven Markt gehandelt werden.",Nicht marktfähige Wertpapiere werden mithilfe von Bewertungstechniken bewertet.
M-N,Non-monetary asset,Nichtmonetärer Vermögenswert,"Ein Vermögenswert, der keinen festen oder bestimmbaren Geldbetrag darstellt.",Das Sachanlagevermögen ist ein nichtmonetärer Vermögenswert.
M-N,Non-monetary government grants,Nichtmonetäre staatliche Zuschüsse,"Zuschüsse, die als Vermögenswerte und nicht in Form von Zahlungsmitteln erhalten werden.",Nichtmonetäre staatliche Zuschüsse werden mit ihrem beizulegenden Zeitwert bewertet.
M-N,Non-owner changes in equity,Eigenkapitaländerungen aus Geschäften mit Nicht-Eigentümern,"Änderungen des Eigenkapitals aus Transaktionen, die nicht mit den Eigentümern durchgeführt werden.",Das Gesamtergebnis spiegelt die Eigenkapitaländerungen aus Geschäften mit Nicht-Eigentümern wider.
M-N,Non-puttable ordinary shares,Nicht rückbegebare Stammaktien,"Stammaktien, die dem Inhaber nicht das Recht einräumen, vom Emittenten den Rückkauf gegen Zahlung eines Geldbetrags zu verlangen.","Nicht rückbegebare Stammaktien werden als Eigenkapital klassifiziert, da der Inhaber keine Einlösung verlangen kann."
M-N,Non-reciprocal distributions of assets,Nicht gegenleistungspflichtige Vermögensverteilungen (unentgeltliche Ausschüttungen),"Ausschüttungen, für die keine Gegenleistung erhalten wird.",Unentgeltliche Vermögensverteilungen mindern das Eigenkapital.
M-N,Non-redeemable,nicht einlösbar / nicht rückzahlbar,Keiner Rückzahlung oder Einlösung durch den Inhaber unterliegend.,Die Vorzugsaktien sind nicht rückzahlbar.
M-N,Non-refundable purchase taxes,Nicht erstattungsfähige Erwerbsteuern,"Steuern auf Anschaffungen, die von den Steuerbehörden nicht zurückverlangt werden können.",Nicht erstattungsfähige Erwerbsteuern sind Bestandteil der Anschaffungskosten des Vermögenswerts.
M-N,Normal capacity of production facilities,Normalkapazität der Produktionsanlagen,"Das Produktionsniveau, das die Anlage über mehrere Perioden hinweg im Durchschnitt voraussichtlich erreichen wird.",Die fixen Gemeinkosten wurden auf Basis der Normalkapazität der Produktionsanlagen verteilt.
M-N,Not-for-profit organizations,Organisationen ohne Gewinnerzielungsabsicht / gemeinnützige Organisationen,"Organisationen, deren Ziel nicht die Erzielung von Gewinnen für die Eigentümer ist.",Organisationen ohne Gewinnerzielungsabsicht berichten über ihre Leistungserbringung.
M-N,Notes (receivable/payable),Wechsel / Schuldschein (Forderungen bzw. Verbindlichkeiten aus Wechseln),"Schriftliche Zahlungsversprechen, an einem künftigen Termin einen Geldbetrag zu zahlen.",Das Unternehmen unterzeichnete einen auf die Bank lautenden Schuldschein (Wechsel).
M-N,Notional amount,Nennbetrag (Vertragsvolumen),Der einem Derivatgeschäft zugrunde liegende Nennbetrag.,Der Nennbetrag des Swap betrug 10 Millionen.
O,Objective,objektiv / unvoreingenommen; Ziel,Frei von Voreingenommenheit; auch ein Ziel oder Zweck.,Die Information sollte objektiv und frei von Voreingenommenheit sein.
O,Obligating event,verpflichtendes Ereignis,"Ein vergangenes Ereignis, das eine bestehende rechtliche oder konkludente Verpflichtung begründet, für die eine Rückstellung anzusetzen ist.","Die Umweltschäden stellten ein verpflichtendes Ereignis dar, das die Bildung einer Rückstellung erforderlich machte."
O,Obligation,Verpflichtung,"Eine Pflicht oder Verantwortung, etwas zu tun oder zu zahlen.",Für die Bildung einer Rückstellung ist eine bestehende Verpflichtung erforderlich.
O,Obligations for removal and restoration,Verpflichtungen aus Rückbau und Sanierung,Verpflichtungen zum Rückbau von Vermögenswerten und zur Wiederherstellung von Standorten.,Das Unternehmen hat Verpflichtungen aus Rückbau und Sanierung angesetzt.
O,Observable (benchmark) interest rate,beobachtbarer (Referenz-)Zinssatz,"Ein Zinssatz, der am Markt unmittelbar beobachtbar ist.",Zur Abzinsung der Zahlungsströme wurde der beobachtbare Zinssatz verwendet.
O,Observable markets,beobachtbare Märkte,"Märkte, für die den Marktteilnehmern Preisinformationen leicht zugänglich sind.",Der beizulegende Zeitwert wurde auf Grundlage von Preisen auf beobachtbaren Märkten ermittelt.
O,Observed (benchmark) interest rate,beobachteter (Referenz-)Zinssatz,Ein für vergleichbare Instrumente beobachteter Marktzinssatz.,Der beizulegende Zeitwert wurde unter Verwendung des beobachteten Referenzzinssatzes geschätzt.
O,Observed market price,beobachteter Marktpreis,"Ein Notierungspreis, der unmittelbar einem aktiven Markt entnommen wird.",Der beizulegende Zeitwert basierte auf dem beobachteten Marktpreis.
O,Obsolescence,Obsoleszenz / technisches Veralten,Verlust der Gebrauchsfähigkeit infolge technologischer oder marktlicher Veränderungen.,Die Obsoleszenz minderte den erzielbaren Betrag des Vermögenswerts.
O,Obtaining or losing control,Erlangung oder Verlust der Kontrolle,Erlangung oder Verlust der Herrschaft über ein Unternehmen.,Der Verlust der Kontrolle führt zur Dekonsolidierung.
O,Offer price,Angebotspreis / Briefkurs,"Der Preis, zu dem eine Partei anbietet, ein Finanzinstrument oder einen Vermögenswert zu kaufen oder zu verkaufen.","Der Briefkurs wird verwendet, wenn der beizulegende Zeitwert einer Verbindlichkeit auf dem Hauptmarkt gemessen wird."
O,Offset,Saldierung / Verrechnung,Ausweis eines Vermögenswerts und einer Verbindlichkeit in Nettohöhe.,"Finanzielle Vermögenswerte und Verbindlichkeiten werden saldiert, wenn die Kriterien erfüllt sind."
O,Offsetting,Saldierung / Verrechnung,Der Nettoausweis von Vermögenswerten und Verbindlichkeiten im Abschluss.,"Eine Saldierung ist nur zulässig, wenn sie geboten oder gestattet ist."
O,One-step approach,einstufiger Ansatz,"Eine Methode, bei der ein Gewinn oder Verlust in einem einzigen Schritt erfasst wird.",Der einstufige Ansatz vereinfachte die bilanzielle Behandlung.
O,One-way reclassification,einseitige Umklassifizierung,"Eine Änderung der Klassifizierung eines finanziellen Vermögenswerts, die nur in eine Richtung zulässig ist.",Der Standard erlaubte eine einseitige Umklassifizierung des Instruments aus der Handelskategorie heraus.
O,Onerous contract,belastender Vertrag,"Ein Vertrag, bei dem die unvermeidbaren Kosten die erwarteten wirtschaftlichen Nutzen übersteigen.",Für den belastenden Vertrag wird eine Rückstellung gebildet.
O,Onerous minimum funding requirements,belastende Mindestfinanzierungsauflagen,"Finanzierungsverpflichtungen, die eine Verbindlichkeit begründen, weil sie belastend sind.",Belastende Mindestfinanzierungsauflagen führten zu einer zusätzlichen Verbindlichkeit.
O,Ongoing access,fortlaufender Zugang,"Das durchgehende Recht, einen Vermögenswert oder eine Anlage zu nutzen.",Im Rahmen der Vereinbarung wird ein fortlaufender Zugang zur Infrastruktur gewährleistet.
O,Opening balance,Eröffnungssaldo / Anfangsbestand,Der Saldo zu Beginn einer Periode.,Der Eröffnungssaldo stimmt mit dem Schlusssaldo der Vorperiode überein.
O,Opening IFRS balance sheet,IFRS-Eröffnungsbilanz,"Die am Übergangsdatum zu den IFRS erstellte Bilanz, die den Ausgangspunkt für die erstmalige Anwendung der IFRS bildet.","Die IFRS-Eröffnungsbilanz wurde erstellt, indem alle Vermögenswerte und Schulden in Übereinstimmung mit den IFRS angesetzt und bewertet wurden."
O,Opening IFRS statement of financial position,IFRS-Eröffnungsausweis der Vermögens- und Finanzlage (Eröffnungsbilanz),Die erste IFRS-Bilanz zum Zeitpunkt des Übergangs.,Der IFRS-Eröffnungsausweis der Vermögens- und Finanzlage wird zum Übergangsdatum erstellt.
O,Operating activities,laufende (operative) Geschäftstätigkeit,Die wichtigsten umsatzerzeugenden Tätigkeiten des Unternehmens.,Der Mittelzufluss aus der laufenden Geschäftstätigkeit blieb positiv.
O,Operating cycle,Betriebszyklus / Umschlagzyklus,Die Zeitspanne zwischen der Beschaffung von Materialien und dem Eingang der Zahlungen von den Kunden.,Der Betriebszyklus des Einzelhändlers ist kurz.
O,Operating decisions,operative Entscheidungen,Entscheidungen über den täglichen Einsatz der Ressourcen im Rahmen der Geschäftstätigkeit des Unternehmens.,Die operativen Entscheidungen über das Werk trifft das Management des Segments.
O,Operating lease,Operating-Leasingvertrag,"Ein Leasingvertrag, bei dem im Wesentlichen nicht alle Risiken und Chancen des Eigentums übertragen werden.",Zahlungen aus Operating-Leasingverträgen werden linear als Aufwand erfasst.
O,Operating Leases—Incentives,Operating-Leasing – Leasinganreize,"Anreize (Vergünstigungen), die aus einem Operating-Leasingvertrag erhalten werden oder darauf entfallen.",Das Unternehmen erfasste die Leasinganreize aus dem Operating-Leasing über die Leasingdauer.
O,Operating Segments,Geschäftssegmente,"Teileinheiten des Unternehmens, die auf Grundlage des internen Berichtswesens gesondert berichtet werden.",Die Geschäftssegmente werden auf Grundlage der Berichte des wichtigsten operativen Entscheidungsträgers identifiziert.
O,Operator,Betreiber,"Eine Partei, die eine Anlage oder Dienstleistung betreibt.",Der Betreiber erfasst Umsatzerlöse aus dem Konzessionsvertrag.
O,Option,Option,"Ein Vertrag, der dem Inhaber das Recht, aber nicht die Pflicht einräumt, einen Vermögenswert zu einem bestimmten Preis zu kaufen oder zu verkaufen.",Der Inhaber der Kaufoption kann die Aktien zum vereinbarten Ausübungspreis erwerben.
O,Option contract,Optionsvertrag,"Ein Vertrag, der ein Recht zum Kauf oder Verkauf einräumt.","Der Optionsvertrag gibt dem Inhaber das Recht, Aktien zu kaufen."
O,Option pricing model,Optionspreismodell,Ein Modell zur Schätzung des beizulegenden Zeitwerts einer Option.,Das Unternehmen bewertete die Aktienoptionen mithilfe eines Optionspreismodells.
O,"Options, warrants and their equivalents","Optionen, Optionsscheine (Warrants) und deren Äquivalente","Verträge, die dem Inhaber das Recht zum Erwerb von Aktien einräumen.","Das Unternehmen emittierte gegenüber den Investoren Optionen, Optionsscheine und deren Äquivalente."
O,Ordinary activities,gewöhnliche Geschäftstätigkeit,"Die regelmäßigen Geschäftstätigkeiten eines Unternehmens, ohne außergewöhnliche oder nicht wiederkehrende Posten.",Der Ertrag entstand aus der gewöhnlichen Geschäftstätigkeit und wurde in das operative Ergebnis einbezogen.
O,Ordinary course of business,gewöhnlicher Geschäftsablauf,"Die üblichen laufenden Geschäftstätigkeiten, die zu Fremdvergleichskonditionen durchgeführt werden.",Der Verkauf erfolgte im gewöhnlichen Geschäftsablauf.
O,Ordinary equity holders,Stammaktionäre / Inhaber von Stammaktien,Eigentümer von Stammaktien eines Unternehmens.,Die Gewinne werden an die Stammaktionäre als Dividenden ausgeschüttet.
O,Ordinary share,Stammaktie,Ein grundlegendes Eigenkapitalinstrument mit Stimmrechten.,Stammaktien werden im Liquidationsfall nach den Vorzugsaktien bedient.
O,Original asset,ursprünglicher Vermögenswert,Der Vermögenswert vor einer Modifikation oder einem Tausch.,Der Buchwert des ursprünglichen Vermögenswerts beeinflusst den Tausch.
O,Original cost,ursprüngliche Anschaffungskosten / ursprüngliche Kosten,Der ursprünglich für den Erwerb eines Vermögenswerts gezahlte Betrag vor jeglichen Anpassungen.,Die ursprünglichen Kosten des Gebäudes basierten auf dem Kaufpreis zuzüglich der Transaktionskosten.
O,Originate and hold’ business model,Geschäftsmodell Originate and Hold (Kredite vergeben und halten),"Ein Geschäftsmodell, bei dem Vermögenswerte gehalten werden, um Zahlungsströme einzuziehen.",Beim Originate-and-Hold-Geschäftsmodell werden die Vermögenswerte zu fortgeführten Anschaffungskosten bewertet.
O,Originated loan approach,Ansatz der selbst vergebenen Kredite,"Methode, bei der die vom Unternehmen selbst eingeräumten Kredite zu Angabezwecken gesondert behandelt werden.",Nach dem Ansatz der selbst vergebenen Kredite werden nur die von der Bank eingeräumten Kredite einbezogen.
O,Originated loans and receivables,selbst vergebene Kredite und Forderungen,"Kredite und Forderungen, die vom Unternehmen selbst begründet wurden.",Selbst vergebene Kredite und Forderungen werden zu fortgeführten Anschaffungskosten bewertet.
O,Origination costs,Begebungskosten,"Kosten, die direkt der Begebung eines Finanzinstruments, etwa eines Kredits, zugerechnet werden können.",Kreditbegebungskosten werden über die Laufzeit des Kredits mithilfe der Effektivzinsmethode abgeschrieben.
O,Originator of the financial asset,Originator (ursprünglicher Gläubiger) des finanziellen Vermögenswerts,"Ein Unternehmen, das einen finanziellen Vermögenswert durch Lieferung von Gütern oder Erbringung von Leistungen begründet.",Die Bank war der Originator des finanziellen Vermögenswerts.
O,Other components of equity,andere Eigenkapitalkomponenten,"Eigenkapitalposten, die nicht gezeichnetes Kapital und Gewinnrücklagen sind.",Zu den anderen Eigenkapitalkomponenten gehört die Neubewertungsrücklage.
O,Other comprehensive income,sonstiges Gesamtergebnis,"Erträge und Aufwendungen, die nicht in der Gewinn- und Verlustrechnung erfasst werden.",Versicherungsmathematische Gewinne werden im sonstigen Gesamtergebnis ausgewiesen.
O,Other long-term employee benefits,sonstige langfristige Mitarbeiterleistungen,"Langfristige Leistungen an Arbeitnehmer, die keine Pensionen sind.",Sonstige langfristige Mitarbeiterleistungen erfordern eine versicherungsmathematische Bewertung.
O,Other price risk,sonstiges Preisrisiko,"Das Risiko, dass der beizulegende Zeitwert oder die künftigen Zahlungsströme eines Finanzinstruments aufgrund von Marktpreisänderungen schwanken, die nicht aus dem Zins- oder Währungsrisiko resultieren.",Das sonstige Preisrisiko entsteht aus Änderungen des Marktpreises der gehaltenen Eigenkapitalinstrumente.
O,Out of the money,aus dem Geld (ohne inneren Wert),Eine Option mit einem ungünstigen Ausübungspreis.,"Die Option ist aus dem Geld, wenn der Ausübungspreis über dem Aktienkurs liegt."
O,Outreach programme,Outreach-Programm (Informations- und Dialogveranstaltungen),Maßnahmen zur Information und Anhörung der Interessengruppen zu einem Projekt.,Das Board startete vor der Überarbeitung des Standards ein Outreach-Programm.
O,Outright sale,endgültiger Verkauf,"Ein bedingungsloser Verkauf, bei dem das Eigentum vollständig und dauerhaft übertragen wird.",Der Vermögenswert wurde im Wege eines endgültigen Verkaufs übertragen.
O,Outsourcing arrangements,Auslagerungsvereinbarungen,"Vereinbarungen, bei denen ein Unternehmen mit einem Dritten einen Vertrag schließt, damit dieser Tätigkeiten in seinem Namen ausführt.",Im Rahmen der Auslagerungsvereinbarungen übernimmt der Dienstleister die Lohn- und Gehaltsabrechnung.
O,Outsourcing provider,Outsourcing-Anbieter / externer Dienstleister,"Eine externe Partei, die Leistungen erbringt, die zuvor im eigenen Unternehmen wahrgenommen wurden.",Der externe Dienstleister übernimmt unsere Lohn- und Gehaltsabrechnung.
O,Over-the-counter market,außerbörslicher Markt (OTC-Markt),"Ein Markt, auf dem Wertpapiere direkt zwischen den Parteien außerhalb einer Börse gehandelt werden.",Die Aktien werden außerbörslich gehandelt.
O,Overheads,Gemeinkosten,Indirekte Kosten der Geschäftstätigkeit.,Die Produktionsgemeinkosten werden auf die Vorräte verteilt.
O,Own credit risk,eigenes Kreditrisiko,Das Risiko des eigenen Zahlungsverzugs (Ausfallrisiko) eines Unternehmens.,Das eigene Kreditrisiko beeinflusst den beizulegenden Zeitwert der Verbindlichkeiten.
O,Owner,Eigentümer / Gesellschafter (Anteilseigner),"Ein Inhaber eines Eigentumsanteils an einem Unternehmen, etwa ein Aktionär.",Geschäfte mit Eigentümern in deren Eigenschaft als Eigentümer werden direkt im Eigenkapital erfasst.
O,Owner changes in equity,Eigenkapitaländerungen aus Geschäften mit Eigentümern,Eigenkapitalveränderungen aus Transaktionen mit den Eigentümern.,Zu den Eigenkapitaländerungen aus Geschäften mit Eigentümern gehören Dividenden und Aktienemissionen.
O,Owner-occupied property,selbst genutzte Immobilie,"Eine Immobilie, die der Eigentümer für die Geschäftstätigkeit hält, nicht zur Vermietung.",Selbst genutzte Immobilien werden nach IAS 16 bilanziert.
O,Owners,Eigentümer / Anteilseigner,"Inhaber von Instrumenten, die beim Unternehmen als Eigenkapital klassifiziert werden.",Ausschüttungen an die Eigentümer werden direkt im Eigenkapital erfasst.
O,Ownership interest,Beteiligung / Eigentumsanteil,Der Anteil eines Investors am Eigenkapital eines Unternehmens.,Das Unternehmen erwarb eine Beteiligung von 25 % am gemeinsamen Unternehmen (Joint Venture).
O,Owners’ equity,Eigenkapital,Der verbleibende Anteil an den Vermögenswerten nach Abzug aller Schulden.,Das Eigenkapital stieg nach dem ertragsreichen Jahr.
P,Paid in capital,eingezahltes Kapital,"Kapital, das von den Gesellschaftern im Austausch gegen Anteile eingebracht wurde.",Das Unternehmen wies eingezahltes Kapital von einer Million aus.
P,Parent,Mutterunternehmen / Muttergesellschaft,"Ein Unternehmen, das ein oder mehrere andere Unternehmen beherrscht.",Das Mutterunternehmen erstellt den Konzernabschluss.
P,Parent-subsidiary relationship,Verhältnis zwischen Mutter- und Tochterunternehmen,Eine Beherrschungsbeziehung zwischen Unternehmen.,Das Verhältnis zwischen Mutter- und Tochterunternehmen löst die Konsolidierung aus.
P,Partial disposal,Teilveräußerung,"Der Verkauf eines Teils des Unternehmensanteils an einem Tochterunternehmen oder einer Investition, ohne die Kontrolle oder den beherrschenden Einfluss zu verlieren.",Die Teilveräußerung der Anteile am Tochterunternehmen führte nicht zum Verlust der Kontrolle.
P,Partially-owned subsidiary,teilweise gehaltenes Tochterunternehmen,"Ein Tochterunternehmen, das sich nicht vollständig im Besitz des Mutterunternehmens befindet.",Ein teilweise gehaltenes Tochterunternehmen führt zu nicht beherrschenden Anteilen (Anteilen anderer Gesellschafter).
P,Participants [in a pension plan],Teilnehmer (eines Pensionsplans),"Mitglieder, die einen Anspruch auf Leistungen aus einem Pensionsplan haben.",Alle Teilnehmer des Pensionsplans erhalten jährliche Aufstellungen.
P,Participating equity instruments,gewinnberechtigte Eigenkapitalinstrumente,"Eigenkapitalinstrumente, die berechtigt sind, an den Gewinnen zu partizipieren.",Gewinnberechtigte Eigenkapitalinstrumente erhalten einen Anteil am ausschüttungsfähigen Gewinn.
P,Pass-through arrangement,Durchleitungsvereinbarung (Pass-Through-Vereinbarung),"Ein Vertrag, bei dem ein Unternehmen Beträge für Rechnung Dritter einzieht und weiterleitet, ohne sie als eigene Erlöse zu erfassen.",Das Versorgungsunternehmen trat im Rahmen einer Durchleitungsvereinbarung als Vertreter (Agent) auf und erfasste als Erlös nur die Nettogebühr.
P,Past business combination,früherer Unternehmenszusammenschluss,"Ein Zusammenschluss, der in einer früheren Berichtsperiode stattfand.",Der Firmenwert stammt aus einem früheren Unternehmenszusammenschluss.
P,Past due,überfällig,"Eine Zahlung, die nicht zum vertraglichen Fälligkeitstermin geleistet wurde.",Die Forderung war um dreißig Tage überfällig.
P,Past event,vergangenes Ereignis,"Ein Ereignis, das bereits eingetreten ist und eine Verpflichtung begründet.",Ein vergangenes Ereignis führte zu einer bestehenden Verpflichtung.
P,Past service cost,Kosten für frühere Dienstzeiten,Änderung der Leistungsverpflichtung aufgrund von Dienstleistungen aus früheren Perioden.,"Die Kosten für frühere Dienstzeiten werden erfasst, wenn der Plan geändert wird."
P,Payables,Verbindlichkeiten,"Beträge, die ein Unternehmen seinen Lieferanten oder anderen Parteien für erhaltene Waren oder Dienstleistungen schuldet.","Verbindlichkeiten aus Lieferungen und Leistungen werden als kurzfristige Verbindlichkeiten ausgewiesen, wenn sie innerhalb von zwölf Monaten zu zahlen sind."
P,Pension,Rente / Pension,"Einkommen, das einer Person im Ruhestand gezahlt wird.",Die Rente wird nach Eintritt in den Ruhestand monatlich gezahlt.
P,Pension liability,Pensionsverbindlichkeit,Eine bestehende Verpflichtung zur Zahlung künftiger Ruhestandsleistungen an Arbeitnehmer.,Das Unternehmen hat eine Pensionsverbindlichkeit in seiner Bilanz (Vermögens- und Finanzlage) angesetzt.
P,Pension scheme,Pensionsplan / Altersversorgungssystem,"Eine Einrichtung, die Arbeitnehmern Leistungen nach Beendigung des Arbeitsverhältnisses gewährt.",Das Unternehmen betreibt einen leistungsorientierten Pensionsplan.
P,Percentage of completion method,Fertigstellungsgradmethode,"Eine Methode zur Erlöserfassung, bei der Erträge entsprechend dem Fertigstellungsgrad eines Vertrags erfasst werden.",Die Erlöse aus dem langfristigen Bauvertrag wurden nach der Fertigstellungsgradmethode erfasst.
P,Performance,Performance / Ertragslage,"Das Ausmaß, in dem ein Unternehmen seine finanziellen Ziele erreicht.",Die Ertragslage des Unternehmens verbesserte sich im zweiten Quartal.
P,Performance (=Financial performance),finanzielle Performance / finanzielle Leistungsfähigkeit,"Das Ausmaß, in dem ein Unternehmen seine finanziellen Ergebnisse erzielt.",Die finanzielle Performance wird anhand von Gewinn und Rendite gemessen.
P,Performance conditions,leistungsbezogene Bedingungen (Performance-Bedingungen),"Bedingungen, die eine bestimmte Leistung erfordern, damit eine Zuwendung fällig wird.",Aktienzuschüsse werden unter leistungsbezogenen Bedingungen fällig.
P,Period of service,Dienstzeit,"Die Zeitspanne, in der ein Arbeitnehmer seine Arbeitsleistung erbringt.",Die Ansprüche entstehen im Laufe der Dienstzeit.
P,Period-certain annuity,Rente mit garantierter Laufzeit (Zeitrente),"Eine Rente, die Zahlungen für eine feste Anzahl von Perioden garantiert, unabhängig davon, ob der Empfänger noch lebt.",Zur Sicherung eines Einkommens für einen festen zehnjährigen Zeitraum wurde eine Rente mit garantierter Laufzeit erworben.
P,Period-specific effects,periodenspezifische Effekte,"Effekte, die auf eine bestimmte Periode beschränkt sind.",Periodenspezifische Effekte werden nicht auf andere Perioden übertragen.
P,Perpetual debt instruments,perpetuelle (ewige) Schuldtitel,Schuldtitel ohne festes Fälligkeitsdatum.,"Perpetuelle Schuldtitel zahlen unbefristet Zinsen, tilgen jedoch niemals die Hauptschuld."
P,Persistency bonus,Bestandsbonus (Bonus für Vertragsfortführung),"Ein Bonus, der für die Verlängerung von Versicherungspolicen oder die fortgesetzte Teilnahme gezahlt wird.",Die Versicherungsnehmer erhielten einen Bestandsbonus für die Verlängerung ihrer Verträge.
P,Personnel,Personal,"Die Arbeitnehmer eines Unternehmens, deren Kosten und Leistungen im Jahresabschluss erfasst werden.","Die Personalkosten stiegen, als das Unternehmen seine Belegschaft ausweitete."
P,Phantom shares,Phantom-Aktien (virtuelle Aktien),"In Bar abzurechnende Zuwendungen, die anhand des Aktienkurses bewertet werden.","Phantom-Aktien gewähren den Arbeitnehmern eine Bargeldprämie, die an den Aktienkurs gebunden ist."
P,Physical capital,physisches (reales) Kapital,"Kapital, das als physische Produktionskapazität eines Unternehmens aufgefasst wird.",Physisches Kapital wird in Einheiten der Produktionskapazität gemessen.
P,Plan assets (of an employee benefit plan),Planvermögen,"Vermögenswerte, die von einem Fonds gehalten werden, um Verpflichtungen aus Arbeitnehmerleistungen zu erfüllen.",Das Planvermögen wird zum Berichtsstichtag mit dem beizulegenden Zeitwert bewertet.
P,Plan commitment date,Datum der Planfestlegung (Zusage),"Das Datum, an dem ein Plan festgelegt wird.",Das Datum der Planfestlegung bestimmt die bilanzielle Behandlung.
P,Plan to sell the controlling interest in a subsidiary,Plan zum Verkauf der beherrschenden Beteiligung an einem Tochterunternehmen,"Ein förmlicher Plan zur Veräußerung der beherrschenden Beteiligung an einem Tochterunternehmen, der die Klassifizierung als zur Veräußerung gehalten auslösen kann.",Ein Plan zum Verkauf der beherrschenden Beteiligung an einem Tochterunternehmen erfordert den Ausweis der Vermögenswerte als zur Veräußerung gehalten.
P,Pledged as collateral,als Sicherheit verpfändet,Als Sicherheit für ein Darlehen bereitgestellt.,Das Gebäude wurde als Sicherheit für das Darlehen verpfändet.
P,Policyholder,Versicherungsnehmer,"Eine Person oder ein Unternehmen, das einen Versicherungsvertrag hält.",Der Versicherungsnehmer kann den Vertrag jederzeit kündigen.
P,Pooling of interest method,Pooling-of-Interests-Methode (Zusammenführungsmethode),"Frühere Methode zur Zusammenführung von Unternehmen, ohne einen Firmenwert anzusetzen.",Auf den Unternehmenszusammenschluss wurde die Pooling-of-Interests-Methode angewendet.
P,Portfolio,Portfolio,"Eine Gruppe finanzieller Vermögenswerte oder Verbindlichkeiten, die gemeinsam zur Verfolgung eines gemeinsamen Ziels verwaltet werden.",Die Derivate werden als Teil eines Portfolios von Zinsrisikopositionen verwaltet.
P,Portfolio Hedge of Interest Rate Risk,Portfolio-Absicherung des Zinsänderungsrisikos,Absicherung des Zinsänderungsrisikos in Bezug auf ein Portfolio von Positionen.,Die Bank wandte eine Portfolio-Absicherung des Zinsänderungsrisikos an.
P,Portfolio transfer,Bestandsübertragung (Portfoliotransfer),Die Übertragung einer Gruppe von Versicherungsverträgen oder Vermögenswerten.,Der Versicherer schloss die Bestandsübertragung seiner Policen ab.
P,Post-employment benefit plans,Pläne für Leistungen nach Beendigung des Arbeitsverhältnisses,"Pläne, die Leistungen nach Beendigung des Arbeitsverhältnisses gewähren.",Pläne für Leistungen nach Beendigung des Arbeitsverhältnisses werden als beitragsorientiert oder leistungsorientiert klassifiziert.
P,Post-employment benefits,Leistungen nach Beendigung des Arbeitsverhältnisses,"Leistungen, die nach Beendigung des Arbeitsverhältnisses zu zahlen sind.",Leistungen nach Beendigung des Arbeitsverhältnisses umfassen Renten und Abfindungszahlungen.
P,Post-tax profit or loss,Ergebnis nach Steuern,Der Gewinn oder Verlust eines Unternehmens nach Abzug der Ertragsteuern.,Das Ergebnis aus aufgegebenen Geschäftsbereichen wird nach Steuern ausgewiesen.
P,Post-vesting transfer restriction,Übertragungsbeschränkung nach der Vesting-Phase (nach Erlangung des Anspruchs),Eine Beschränkung der Übertragung von Aktien nach Erlangung der Anspruchsreife (Vesting).,Die Übertragungsbeschränkung nach der Vesting-Phase beeinflusst den beizulegenden Zeitwert der Option.
P,Potential ordinary share,Potenzielle Stammaktie,"Ein Instrument, das seinem Inhaber einen Anspruch auf Stammaktien einräumen kann.",Wandelschuldverschreibungen sind beim verwässerten Ergebnis je Aktie potenzielle Stammaktien.
P,Potential voting rights,Potenzielle Stimmrechte,"Rechte, die zu Stimmrechten führen, sofern sie derzeit ausübbar sind.",Bei der Beurteilung der Kontrolle werden potenzielle Stimmrechte berücksichtigt.
P,Practical ability to sell the asset,"Tatsächliche Fähigkeit, den Vermögenswert zu veräußern","Die Fähigkeit eines Unternehmens, einen Vermögenswert in seinem gegenwärtigen Zustand ohne unangemessene Verzögerung zu veräußern.","Die Einstufung als zur Veräußerung gehalten setzte voraus, dass das Unternehmen die tatsächliche Fähigkeit besaß, den Vermögenswert zu veräußern."
P,Pre-combination,Vor dem Zusammenschluss,"Zeitraum oder Beträge, die vor dem Zeitpunkt des Unternehmenszusammenschlusses bestehen.",Die Umsatzerlöse vor dem Zusammenschluss wurden in den konsolidierten Abschlüssen neu dargestellt.
P,Preface to International Financial Reporting Interpretations Committee,Vorwort zum International Financial Reporting Interpretations Committee (IFRIC),"Einleitendes Dokument, das die Rolle und die Befugnisse des Interpretationsausschusses erläutert.",Das Vorwort beschreibt die Ziele des Interpretationsausschusses.
P,Preface to International Financial Reporting Standards,Vorwort zu den International Financial Reporting Standards,"Einleitendes Dokument, das den Zweck der IFRS darlegt.",Das Vorwort erläutert die Ziele und den Anwendungsbereich der IFRS.
P,Preference dividend,Vorzugsdividende,Die auf Vorzugsaktien gezahlte Dividende.,Die Vorzugsdividende hat Vorrang vor den gewöhnlichen Dividenden.
P,Preference share,Vorzugsaktie,"Eine Aktie, die vor Stammaktien ein bevorrechtigtes Recht auf Dividenden oder Kapitalrückzahlung vermittelt.","Die Vorzugsaktien werden als Verbindlichkeit eingestuft, da sie zwingend zurückzuzahlen sind."
P,Premium,Agio / Aufgeld,Ein über dem Grundpreis liegender Betrag.,Das Agio aus der Aktienemission wird im Eigenkapital erfasst.
P,Preparation and Presentation of Financial Statements,Aufstellung und Darstellung des Jahresabschlusses,"Titel des IAS 1, der Anforderungen an den Jahresabschluss festlegt.",IAS 1 Aufstellung und Darstellung des Jahresabschlusses gilt für alle Unternehmen.
P,Preparers,Abschlussersteller,"Diejenigen, die den Jahresabschluss eines Unternehmens aufstellen.",Die Abschlussersteller müssen die Standards über die Perioden hinweg einheitlich anwenden.
P,Prepayment risk,Vorzeitigkeitsrisiko (Risiko vorzeitiger Rückzahlung),"Das Risiko, dass Kreditnehmer Darlehen früher als erwartet zurückzahlen, wodurch die Zinserträge sinken.",Das Hypothekenportfolio setzte die Bank dem Vorzeitigkeitsrisiko aus.
P,Prepayments,Vorauszahlungen,Im Voraus geleistete Zahlungen für noch nicht erhaltene Waren oder Dienstleistungen.,Vorauszahlungen werden als Umlaufvermögen ausgewiesen.
P,Prepayments of future contributions,Vorauszahlungen auf künftige Beiträge,"Vorzeitige Zahlungen von Beiträgen, die in künftigen Perioden fällig werden.",Das Unternehmen leistete Vorauszahlungen auf künftige Beiträge an den Plan.
P,Present obligation,Bestehende (gegenwärtige) Verpflichtung,"Eine bestehende Pflicht, die aus einem vergangenen Ereignis entstanden ist.",Für eine Rückstellung ist am Berichtsstichtag eine bestehende Verpflichtung erforderlich.
P,Present value,Barwert,Der abgezinste Wert künftiger Zahlungsströme.,Die Rückstellung wird mit dem Barwert der erwarteten Abflüsse bewertet.
P,Present value of a defined benefit obligation,Barwert der leistungsorientierten Verpflichtung (Defined Benefit Obligation),"Der abgezinste Wert der erwarteten künftigen Leistungszahlungen, die zur Erfüllung einer leistungsorientierten Verpflichtung erforderlich sind.",Der Barwert der leistungsorientierten Verpflichtung wird unter Verwendung versicherungsmathematischer Annahmen zum Berichtsstichtag bemessen.
P,Presentation,Darstellung / Ausweis,Wie Posten im Abschluss dargestellt werden.,Die Darstellung des Jahresabschlusses richtet sich nach dem Standard.
P,Presentation currency,Berichtswährung (Abschlusswährung),"Die Währung, in der der Jahresabschluss aufgestellt wird.",Die Berichtswährung des Konzerns ist der US-Dollar.
P,Presentation of Financial Statements,Darstellung des Jahresabschlusses,"Standard, der festlegt, wie Abschlüsse dargestellt werden.",IAS 1 Darstellung des Jahresabschlusses regelt das Format.
P,Previous GAAP,Bisherige Rechnungslegungsvorschriften (vor der IFRS-Anwendung),"Der Rechnungslegungsrahmen, den ein Unternehmen unmittelbar vor der IFRS-Erstanwendung angewendet hat.",Die Abstimmung von den bisherigen Rechnungslegungsvorschriften auf IFRS ergab mehrere Eigenkapitalberichtigungen.
P,Price earnings ratios,Kurs-Gewinn-Verhältnisse,Marktpreis je Aktie dividiert durch das Ergebnis je Aktie.,Die Anleger verglichen die Kurs-Gewinn-Verhältnisse beider Gesellschaften.
P,Price index,Preisindex,Statistisches Maß zur Erfassung von Preisänderungen bei Waren.,Der Vertrag ist an einen Verbraucherpreisindex gekoppelt.
P,Price risk,Preisrisiko,"Das Risiko, dass sich Marktpreise nachteilig entwickeln.",Das Unternehmen ist einem Rohstoffpreisrisiko ausgesetzt.
P,Primary basis of accounting,Grundlegende Grundsätze der Rechnungslegung,Die grundlegenden Prinzipien der Rechnungslegung.,Die Periodenabgrenzung (Accrual) und die Going-Concern-Grundlage sind grundlegende Grundsätze der Rechnungslegung.
P,Primary economic environment,Primäres wirtschaftliches Umfeld,"Das wirtschaftliche Umfeld, in dem ein Unternehmen hauptsächlich Zahlungsmittel erwirtschaftet und verausgabt; es bestimmt dessen Funktionswährung.","Die Funktionswährung ist die Währung des primären wirtschaftlichen Umfelds, in dem das Unternehmen tätig ist."
P,Primary financial instruments,Basisfinanzinstrumente (primäre Finanzinstrumente),"Finanzinstrumente, die keine Derivate sind.",Zu den Basisfinanzinstrumenten zählen Darlehen und Aktien.
P,Primary objective,Hauptziel / vorrangiges Ziel,"Das wichtigste Ziel, das ein Standard oder Rahmenkonzept verfolgt.",Das Hauptziel von IFRS 9 ist die Verbesserung der Rechnungslegung für Finanzinstrumente.
P,Primary reporting format,Vorrangiges Berichtsformat,"Die hauptsächliche Grundlage, nach der Segmentinformationen dargestellt werden.",Geschäftssegmente wurden als vorrangiges Berichtsformat festgelegt.
P,Principal amount,Nennbetrag (Kapitalbetrag),"Der Nennbetrag eines Schuldtitels, auf den Zinsen berechnet werden, ohne die Zinsen selbst.",Der Nennbetrag des Darlehens ist in zehn gleichen Raten zurückzuzahlen.
P,Principal-only strip,Principal-Only-Strip (Wertpapier mit alleinigen Kapitaltilgungen),"Ein Wertpapier, das nur die Kapitaltilgungen aus den zugrunde liegenden Vermögenswerten erhält.",Der Principal-Only-Strip zahlt bis zur Fälligkeit keine Zinsen.
P,Principles-based approach,Prinzipienbasierter Ansatz,"Ein Rechnungslegungsansatz, der auf allgemeinen Grundsätzen statt auf detaillierten Regeln beruht.",Die IFRS verfolgen bei der Standardsetzung einen prinzipienbasierten Ansatz.
P,Prior period error,Fehler vorangegangener Perioden (Vorperiodenfehler),Eine Unterlassung oder Falschdarstellung im Jahresabschluss vorangegangener Perioden.,Der Vorperiodenfehler wurde rückwirkend korrigiert.
P,Private entity,Nicht öffentlich gehandeltes Unternehmen,"Ein Unternehmen, dessen Wertpapiere nicht öffentlich gehandelt werden.",Ein nicht öffentlich gehandeltes Unternehmen kann einen vereinfachten Rechnungslegungsrahmen anwenden.
P,Privatisation,Privatisierung,Die Übertragung des Eigentums an einem staatlichen Unternehmen auf den Privatsektor.,Die Privatisierung des staatlichen Unternehmens wurde vom Staat als Verkauf bilanziell erfasst.
P,Pro forma,Pro forma / vorläufige Darstellung,Eine hypothetische oder vorläufige Darstellung.,Pro-forma-Zahlen veranschaulichen die Auswirkung eines Geschäftsvorfalls.
P,Pro rata basis,Anteilige Verteilung (Pro-rata-Basis),Die Verteilung im Verhältnis des Anteils jeder Partei.,Die Kosten wurden nach der Pro-rata-Methode auf jedes Segment verteilt.
P,Pro rata share of the net assets,Anteiliger Anteil an den Nettovermögenswerten,"Der anteilige Teil der Nettovermögenswerte, der dem Inhaber zuzurechnen ist.",Die Minderheit hält einen anteiligen Anteil an den Nettovermögenswerten.
P,Probability recognition criterion,Ansatzkriterium der Wahrscheinlichkeit,"Die Bedingung, dass ein Posten nur anzusetzen ist, wenn es wahrscheinlich ist, dass dem Unternehmen wirtschaftliche Nutzen zufließen oder von ihm abfließen.",Die Rückstellung erfüllte das Ansatzkriterium der Wahrscheinlichkeit und wurde in den Büchern erfasst.
P,Probable,Wahrscheinlich,"Ein Ereignis, dessen Eintritt wahrscheinlicher ist als sein Nichteintritt.","Eine Rückstellung wird angesetzt, wenn ein Ressourcenabfluss wahrscheinlich ist."
P,Probable maximum loss,Wahrscheinlicher Maximalschaden (Probable Maximum Loss),"Der größte Versicherungsschaden, der unter normalen Bedingungen als wahrscheinlich gilt.",Der wahrscheinliche Maximalschaden wurde von Versicherungsmathematikern geschätzt.
P,Product warranty obligations,Verpflichtungen aus Produktgarantien,Verpflichtungen zur Reparatur oder zum Austausch von Produkten innerhalb der Garantie.,Verpflichtungen aus Produktgarantien werden beim Verkauf als Rückstellung angesetzt.
P,Production overheads,Produktionsgemeinkosten,Indirekte Kosten der Produktion.,Die Produktionsgemeinkosten werden auf die Vorräte verteilt.
P,Production process,Produktionsprozess,"Die Abfolge von Tätigkeiten, durch die Rohstoffe zu Fertigerzeugnissen umgewandelt werden.",Zur Ermittlung der im Produktionsprozess zugerechneten fixen Gemeinkosten wird die normale Kapazität herangezogen.
P,Profit,Gewinn,Überschuss der Erträge über die Aufwendungen.,Der Periodengewinn wird in der Gewinn- und Verlustrechnung ausgewiesen.
P,Profit after tax,Ergebnis nach Steuern (Jahresüberschuss),Das nach Abzug des Ertragsteueraufwands verbleibende Nettoergebnis.,Das Ergebnis nach Steuern stieg auf fünf Millionen Euro.
P,Profit allowance,Gewinnkorrektur (Absetzung für erwartete Verluste),Ein vom Gewinn abgezogener Betrag für erwartete Verluste.,Für erwartete künftige Verluste wurde eine Gewinnkorrektur erfasst.
P,Profit before tax,Ergebnis vor Steuern,Das von einem Unternehmen erwirtschaftete Ergebnis vor Abzug des Ertragsteueraufwands.,Das Ergebnis vor Steuern betrug im Geschäftsjahr 12 Millionen.
P,Profit or loss,Periodenergebnis (Gewinn oder Verlust),Die gesamten Erträge abzüglich der Aufwendungen einer Berichtsperiode.,Die Gewinne wurden im Periodenergebnis erfasst.
P,Profit sharing,Gewinnbeteiligung,Eine Vereinbarung zur Verteilung von Gewinnen an Arbeitnehmer oder Gesellschafter.,Das Unternehmen führt einen Gewinnbeteiligungsplan für seine Arbeitnehmer durch.
P,Progress billing,Abschlagsrechnung (Teilrechnung nach Fertigstellungsgrad),Die Fakturierung nach dem Fertigstellungsgrad der Arbeiten.,Abschlagsrechnungen werden mit Vertragsvermögenswerten verrechnet.
P,Progress payment,Abschlagszahlung (nach Baufortschritt),"Zahlungen, die mit fortschreitender Ausführung der Arbeiten geleistet werden.",Abschlagszahlungen werden gegen den Vertragsvermögenswert verrechnet.
P,Prohibitions,Verbote,"Einschränkungen, die einem Unternehmen verbieten, eine bestimmte bilanzielle Behandlungsmethode oder ein Wahlrecht anzuwenden.","Der Standard sieht Verbote vor, Bilanzierungsmethoden ohne Begründung rückwirkend zu ändern."
P,Projected unit credit method,Partialwertverfahren (Projected Unit Credit Method),Ein versicherungsmathematisches Verfahren für leistungsorientierte Pläne.,Das Partialwertverfahren verteilt die Leistungen auf die Dienstperioden.
P,Promissory notes,Schuldscheine (Wechsel),"Schriftliches Versprechen, an einem künftigen Zeitpunkt einen bestimmten Betrag zu zahlen.","Das Unternehmen gab Schuldscheine aus, um eine kurzfristige Finanzierung zu sichern."
P,Property interest,Recht an einer Immobilie (Grundstücksrecht),Ein Recht oder Interesse an einem Grundstück bzw. einer Immobilie.,Die Partei hält ein Recht an dem gemieteten Gebäude.
P,Property revaluation,Neubewertung des Sachanlagevermögens (von Immobilien),Die Neubewertung von Immobilien auf den beizulegenden Zeitwert nach dem Neubewertungsmodell.,Die Neubewertung erhöhte den Buchwert des Gebäudes und führte zu einer Neubewertungsrücklage.
P,"Property, plant and equipment",Sachanlagevermögen,"Materielle Vermögenswerte, die zur Herstellung von Waren oder Erbringung von Dienstleistungen gehalten werden.",Maschinen werden dem Sachanlagevermögen zugeordnet.
P,"Property, Plant and Equipment – Compensation for the Impairment or Loss of Items",Sachanlagen – Entschädigung für Wertminderung oder Verlust von Posten,Erhaltene Entschädigungen für wertgeminderte oder verlorene Sachanlagen.,Entschädigungen für den Verlust von Posten werden in der Gewinn- und Verlustrechnung erfasst.
P,"Property, Plant and Equipment – Major Inspection or Overhaul Costs",Sachanlagen – Kosten großer Inspektionen oder Überholungen,"Kosten großer Inspektionen, die als Bestandteil des Vermögenswerts angesetzt werden.","Kosten großer Inspektionen werden aktiviert, wenn sie die Ansatzkriterien erfüllen."
P,Proportionate consolidation,Proportionale Konsolidierung (Anteilskonsolidierung),Die Einbeziehung eines anteiligen Anteils an Vermögenswerten und Schulden in den Konzernabschluss.,Die proportionale Konsolidierung ist bei Joint Ventures nicht mehr üblich.
P,Proportionate interest,Anteiliger Anteil (proportionaler Anteil),"Ein Anteil am Ergebnis oder an den Nettovermögenswerten einer Vereinbarung, der dem Eigentumsanteil des Unternehmens entspricht.",Im Rahmen der proportionalen Konsolidierung erfasste der Partner seinen anteiligen Anteil an den Vermögenswerten des Joint Ventures.
P,Proposed improvements,Vorgeschlagene Verbesserungen,Vorgeschlagene Änderungen der Standards.,Die vorgeschlagenen Verbesserungen wurden zur Kommentierung veröffentlicht.
P,Prospective application,Zukunftsgerichtete (prospektive) Anwendung,Die Anwendung einer Änderung nur auf Ereignisse nach dem Änderungszeitpunkt.,Die neue Bilanzierungsmethode wurde ab Januar zukunftsgerichtet angewendet.
P,Provision,Rückstellung,Eine Verbindlichkeit mit ungewissem Zeitpunkt oder ungewisser Höhe.,Für die Gewährleistungsverpflichtungen wurde eine Rückstellung gebildet.
P,Provisional value,Vorläufiger Wert,"Ein vorläufiger Betrag, der bei einem Unternehmenszusammenschluss angesetzt wird, solange der beizulegende Zeitwert eines Vermögenswerts oder einer Verbindlichkeit noch nicht abschließend feststeht.",Der vorläufige Wert des erworbenen immateriellen Vermögenswerts wurde innerhalb des Bewertungszeitraums angepasst.
P,"Provisions, Contingent Liabilities and Contingent Assets","Rückstellungen, Eventualverbindlichkeiten und Eventualforderungen","Standard, der den Ansatz von Rückstellungen und Eventualverbindlichkeiten regelt.","IAS 37 umfasst Rückstellungen, Eventualverbindlichkeiten und Eventualforderungen."
P,Proxy,Vollmacht / Bevollmächtigter,"Eine Person oder Urkunde, die bevollmächtigt ist, für eine andere Person zu handeln.",Die Aktionäre können in der Versammlung durch einen Bevollmächtigten abstimmen.
P,Prudence,Vorsicht (Vorsichtsprinzip),Vorsicht bei Urteilsbildungen unter Unsicherheit.,Die Vorsicht unterstützt die neutrale Behandlung unsicherer Schätzungen.
P,Prudential supervisors,Aufsichtsbehörden (prudenzielle Aufseher),"Aufsichtsorgane, die die Finanzstabilität überwachen.","Die Aufsichtsbehörden verlangen von den Banken, ausreichend Kapital vorzuhalten."
P,Public accountability,Öffentliche Rechenschaftspflicht,"Die Verantwortung eines Unternehmens, der Öffentlichkeit für die ihm anvertrauten Mittel Rechenschaft abzulegen; ein Kriterium für die Anwendung der IFRS.","Die öffentliche Rechenschaftspflicht ist eines der Kriterien, die darüber entscheiden, ob ein Unternehmen IFRS anwenden muss."
P,Public entity,Öffentlich gehandeltes Unternehmen,"Ein Unternehmen, dessen Wertpapiere öffentlich gehandelt werden.",Ein öffentlich gehandeltes Unternehmen muss die vollständigen IFRS anwenden.
P,Public sector,Öffentlicher Sektor,"Staatlich kontrollierte Einrichtungen, die öffentliche Dienstleistungen erbringen.",Einrichtungen des öffentlichen Sektors können anstelle der IFRS die IPSAS anwenden.
P,Public securities markets,Öffentliche Wertpapiermärkte,"Märkte, an denen Wertpapiere öffentlich gehandelt werden.",Die Aktien werden an öffentlichen Wertpapiermärkten notiert.
P,Public-to-private’ service concession arrangement,Dienstleistungskonzession von der öffentlichen Hand an einen privaten Betreiber (Public-to-Private),"Eine Vereinbarung, bei der die öffentliche Hand einem privaten Betreiber das Recht einräumt, öffentliche Dienstleistungen zu erbringen.",Die gebührenpflichtige Straße wurde im Rahmen einer Public-to-Private-Dienstleistungskonzession betrieben.
P,Publicly quoted entity,Börsennotiertes Unternehmen,"Ein Unternehmen, dessen Wertpapiere an einem öffentlichen Markt gehandelt werden.",Ein börsennotiertes Unternehmen muss Quartalsberichte einreichen.
P,Publish what you pay campaign,Publish-what-you-pay-Kampagne (Zahlungen an Regierungen offenlegen),"Eine Kampagne, die Unternehmen zur Offenlegung von Zahlungen an Regierungen aufruft.",Die Publish-what-you-pay-Kampagne fördert die Transparenz in der Rohstoffindustrie.
P,Published price,Veröffentlichter Preis (Notierung),"Ein notierter Preis, der in einem aktiven Markt verfügbar ist.",Der veröffentlichte Preis wurde zur Ermittlung des beizulegenden Zeitwerts herangezogen.
P,Purchase consideration,Erwerbsentgelt (Kaufpreis),Was der Erwerber bei einem Unternehmenszusammenschluss zahlt.,Das Erwerbsentgelt kann bedingte Zahlungen umfassen.
P,Purchase method,Erwerbermethode (Purchase Method),"Eine Methode der Abbildung eines Unternehmenszusammenschlusses, bei der der Erwerber die identifizierbaren Vermögenswerte und Schulden zu beizulegenden Zeitwerten ansetzt.",Nach der Erwerbermethode werden die Kosten des Zusammenschlusses auf die erworbenen identifizierbaren Vermögenswerte verteilt.
P,Purchase price,Kaufpreis,Der für den Erwerb gezahlte Preis.,Der Kaufpreis wurde auf die erworbenen Vermögenswerte verteilt.
P,Purchased option hedging instrument,Gekaufte Option als Sicherungsinstrument,"Eine gekaufte Option, die zur Kompensation eines Risikos in einer Sicherungsbeziehung erworben wird.",Ein gekauftes Optionssicherungsinstrument begrenzt das Verlustrisiko des Unternehmens.
P,Purchased options,Gekaufte Optionen,"Optionskontrakte, die das Unternehmen als Inhaber erworben hat.",Gekaufte Optionen wurden zur Absicherung des Preisrisikos gehalten.
P,Put option,Verkaufsoption (Put-Option),"Ein Kontrakt, der dem Inhaber das Recht, aber nicht die Pflicht einräumt, einen Vermögenswert zu einem festgelegten Preis zu verkaufen.","Der nicht beherrschende Anteil hielt eine Verkaufsoption, die den Konzern zum Erwerb dieser Anteile verpflichten konnte."
P,Puttable,Mit Rückgaberecht versehen (puttable),"Ein Instrument, das dem Inhaber das Recht einräumt, dessen Rückzahlung zu verlangen.",Mit Rückgaberecht ausgestattete Anteile werden als Finanzverbindlichkeiten eingestuft.
P,Puttable Financial Instruments and Obligations Arising on Liquidation,Rückgabefähige Finanzinstrumente und Verpflichtungen im Zusammenhang mit einer Liquidation,"Instrumente, die ihren Inhabern ein Recht auf Rückgabe einräumen.",Rückgabefähige Instrumente können den Emittenten zum Rückkauf der Aktien verpflichten.
P,Puttable instrument,Instrument mit Rückgaberecht,"Ein Instrument, das dem Inhaber das Recht einräumt, die Rückzahlung zu verlangen.",Ein Instrument mit Rückgaberecht kann unter strengen Voraussetzungen als Eigenkapital eingestuft werden.
Q-R,Qualify for recognition/derecognition,Ansatz- bzw. Ausbuchungskriterien erfüllen,Die Kriterien für den Ansatz oder die Ausbuchung eines Postens erfüllen.,"Der Vermögenswert muss die Ansatzkriterien erfüllen, bevor er gebucht wird."
Q-R,Qualifying asset,Qualifizierter Vermögenswert,"Ein Vermögenswert, dessen Herrichtung für die beabsichtigte Nutzung oder Veräußerung zwangsläufig einen erheblichen Zeitraum in Anspruch nimmt und auf den Fremdkapitalkosten aktiviert werden dürfen.","Fremdkapitalkosten werden insoweit aktiviert, als sie sich auf den Erwerb eines qualifizierten Vermögenswerts beziehen."
Q-R,Qualifying insurance policy,Qualifizierte Versicherungspolice,"Eine Police, die festgelegte Kriterien erfüllt.",Die qualifizierte Versicherungspolice dient der Absicherung der Altersversorgungsleistung.
Q-R,Qualitative characteristics,Qualitative Merkmale,"Eigenschaften, die Finanzinformationen für die Nutzer nützlich machen.",Relevanz und zutreffende Darstellung sind grundlegende qualitative Merkmale.
Q-R,Quantitative disclosures,Quantitative Angaben,"Zahlenmäßige Informationen, die im Jahresabschluss offengelegt werden.",Quantitative Angaben zum Kreditrisiko wurden gemacht.
Q-R,Quoted equity instrument,Notiertes Eigenkapitalinstrument,"Ein Eigenkapitalinstrument, für das veröffentlichte Marktpreise verfügbar sind.",Der beizulegende Zeitwert des notierten Eigenkapitalinstruments beruhte auf dem Börsenschlusskurs.
Q-R,Quoted market price,Notierter Marktpreis,Der für den Vermögenswert in einem aktiven Markt verfügbare Preis.,Der beizulegende Zeitwert entspricht dem notierten Marktpreis.
Q-R,Rated and unrated credit exposures,Kreditengagements mit und ohne Rating,"Kreditengagements, die danach klassifiziert werden, ob sie ein Rating besitzen.",Die Bank legte ihre Kreditengagements mit und ohne Rating offen.
Q-R,Reacquired rights,Wieder erworbene Rechte,"Rechte, die der Erwerber bei einem Unternehmenszusammenschluss wieder erwirbt.",Wieder erworbene Rechte werden getrennt vom Firmenwert angesetzt.
Q-R,Reacquisition provision,Rückkaufsklausel (Wiedererwerbsvorbehalt),Eine Regelung in Bezug auf den Wiedererwerb eines Postens.,Die Rückkaufsklausel beeinflusst die Bewertung des Vertrags.
Q-R,Readily obtainable assets,Leicht beschaffbare Vermögenswerte,"Vermögenswerte, die am Markt erworben werden können, anstatt sie selbst zu errichten oder zu entwickeln.",Die Kosten eines selbsterstellten Vermögenswerts übersteigen nicht die Kosten leicht beschaffbarer Vermögenswerte gleicher Qualität.
Q-R,Realisable value,Realisierbarer Wert (Veräußerungswert),Der bei einer Veräußerung zu erzielende Betrag.,Vorräte werden mit dem niedrigeren von Anschaffungs- oder Herstellungskosten und realisierbarem Wert bewertet.
Q-R,Reasonable estimate,Vertretbare (sachgerechte) Schätzung,Eine Schätzung auf Grundlage ausreichender Informationen und sachgerechter Beurteilung.,Die Rückstellung beruhte auf einer vertretbaren Schätzung der künftigen Kosten.
Q-R,Reasonably possible,"Gut möglich (mehr als entfernt, aber unwahrscheinlich)","Wahrscheinlicher als nur entfernt möglich, aber weniger wahrscheinlich als wahrscheinlich.","Ein Verlust wurde als gut möglich, nicht als wahrscheinlich bewertet."
Q-R,Reassessment,Neubeurteilung (erneute Bewertung),"Die Überprüfung einer früheren Beurteilung oder Bewertung, um festzustellen, ob sie weiterhin zutrifft.",Nach der Ausübung der Verlängerungsoption war eine Neubeurteilung der Mietdauer erforderlich.
Q-R,Reassessment of Embedded Derivatives,Neubeurteilung eingebetteter Derivate,"Standard, der die Überprüfung verlangt, ob ein eingebettetes Derivat abzutrennen ist.",IFRIC 9 behandelt die Neubeurteilung eingebetteter Derivate.
Q-R,Rebates,Rabatte (Rückvergütungen),"Beträge, die einem Kunden nach einem Kauf zurückerstattet werden.",Das Unternehmen erfasste Rabatte als Minderung der Umsatzerlöse.
Q-R,Rebuttable presumption,Widerlegbare Vermutung,"Eine Annahme, die gilt, sofern sie nicht durch Gegenbeweis widerlegt wird.","Es besteht die widerlegbare Vermutung, dass der Erwerber der frühere Eigentümer ist."
Q-R,Receivables,Forderungen,"Beträge, die einem Unternehmen von Kunden oder Dritten geschuldet werden.",Forderungen werden zu fortgeführten Anschaffungskosten abzüglich Wertminderungen bewertet.
Q-R,Reclassification adjustments,Reklassifizierungsberichtigungen,"Beträge, die in der laufenden Periode aus dem sonstigen Gesamtergebnis in das Periodenergebnis umgegliedert werden.","Reklassifizierungsberichtigungen werden gesondert offengelegt, um eine doppelte Erfassung von Posten des sonstigen Gesamtergebnisses zu vermeiden."
Q-R,Reclassification date,Reklassifizierungsdatum (Umgliederungsdatum),"Das Datum, zu dem ein Posten umgegliedert wird.",Das Reklassifizierungsdatum kennzeichnet den Wechsel der Bewertung.
Q-R,Recognised financial instruments,Angesetzte (in der Bilanz erfasste) Finanzinstrumente,"Finanzinstrumente, die in der Bilanz erfasst sind.",In der Bilanz erscheinen nur angesetzte Finanzinstrumente.
Q-R,Recognition,Ansatz (Erfassung im Jahresabschluss),Die Aufnahme eines Postens in den Jahresabschluss.,Der Ansatz des Vermögenswerts erfolgte mit der Übertragung der Kontrolle.
Q-R,Recognition as an expense,Erfassung als Aufwand (aufwandswirksame Behandlung),Die Behandlung von Kosten als Aufwand im Periodenergebnis statt als Vermögenswert.,Forschungskosten wurden bei ihrer Entstehung sofort als Aufwand erfasst.
Q-R,Recognition criteria,Ansatzkriterien,"Voraussetzungen, die für die Erfassung eines Postens im Jahresabschluss erfüllt sein müssen.",Der Vermögenswert erfüllte die Ansatzkriterien.
Q-R,Reconciliation,Abstimmung / Überleitung,"Der Prozess, zwei Zahlenwerke miteinander in Einklang zu bringen.",Die Abstimmung erläutert die Unterschiede zwischen den beiden Salden.
Q-R,Recourse loan,Kredit mit Rückgriffsrecht,"Ein Darlehen, bei dem der Kreditgeber auf den Kreditnehmer Rückgriff nehmen kann.",Das Darlehen mit Rückgriffsrecht wurde als Finanzverbindlichkeit angesetzt.
Q-R,Recoverability,Wiedererlangbarkeit (Einbringlichkeit),"Die Fähigkeit, einen Buchwert wiederzuerlangen.",Die Wiedererlangbarkeit des Vermögenswerts wurde angezweifelt.
Q-R,Recoverable,Wiedererlangbar,"Fähig, durch künftige Nutzung oder Veräußerung wiedererlangt zu werden, im Gegensatz zur vollständigen Abschreibung.",Der Buchwert des Vermögenswerts wurde auf seinen erzielbaren Betrag reduziert.
Q-R,Recoverable amount,Erzielbarer Betrag,Der höhere Betrag aus beizulegendem Zeitwert abzüglich Veräußerungskosten und Nutzungswert.,Der erzielbare Betrag überstieg den Buchwert.
Q-R,Recycling,Wiedereinbuchung (Überleitung aus dem sonstigen Gesamtergebnis),Die Überleitung von im sonstigen Gesamtergebnis erfassten Beträgen in das Periodenergebnis.,Die Wiedereinbuchung von Veräußerungsgewinnen ist für einige Posten zulässig.
Q-R,Redemption,Tilgung / Rückzahlung,Die Rückzahlung oder Ausbuchung eines Instruments durch den Emittenten.,Die Anleihen können nach Wahl des Emittenten getilgt werden.
Q-R,Redemption amount,Tilgungsbetrag,Der bei der Tilgung eines Finanzinstruments an den Inhaber zu zahlende Betrag.,Der Tilgungsbetrag der Vorzugsaktien wurde im Anhang offengelegt.
Q-R,Redemption price,Tilgungspreis / Rückzahlungspreis,"Betrag, der gezahlt wird, um ein Wertpapier bei oder vor Fälligkeit einzulösen.",Der Tilgungspreis wurde auf den Nennwert festgelegt.
Q-R,Redemption prohibition,Rückkaufverbot / Einlösungsverbot,"Beschränkung, die es einem Unternehmen untersagt, seine Instrumente einzulösen.",Für die Vorzugsaktien galt ein Rückkaufverbot.
Q-R,Refinancing,Refinanzierung / Umschuldung,Ersetzung einer bestehenden Schuld durch eine neue Finanzierung.,Die vor dem Jahresende abgeschlossene Refinanzierung ermöglichte die Einstufung als langfristig.
Q-R,Reformatted,Neu formatiert / neu gegliedert,Für eine neue Darstellung umstrukturiert.,Die Vergleichszahlen wurden aus Gründen der Konsistenz neu formatiert.
Q-R,Reformatted (IAS),Neu formatiert (neu aufgelegt),"Ein Standard, der in einem neuen Format umstrukturiert oder neu aufgelegt wurde, ohne dass sich seine inhaltlichen Anforderungen ändern.","Der neu formatierte International Accounting Standard wurde mit aktualisierten Verweisen, aber ohne inhaltliche Änderungen veröffentlicht."
Q-R,Refund or a reduction in future contributions,Erstattung oder Verringerung künftiger Beiträge,Erstattungen aus einem Leistungsplan.,Eine Erstattung spiegelt einen Überschuss im Plan wider.
Q-R,Regular way purchase or sale,Kauf oder Verkauf zu marktüblichen Bedingungen,Kauf oder Verkauf eines finanziellen Vermögenswerts zu marktüblichen Vertragsbedingungen.,Zu marktüblichen Bedingungen getätigte Käufe werden am Handelstag oder am Abrechnungstag erfasst.
Q-R,Regulator,Aufsichtsbehörde / Regulierungsbehörde,"Organ, das die Finanzmärkte beaufsichtigt und reguliert.",Die Aufsichtsbehörde verlangte von der Bank zusätzliche Angaben.
Q-R,Rehabilitate-operate-transfer,Sanieren-Betreiben-Übertragen (Rehabilitate-Operate-Transfer),"Ein Konzessionsmodell, bei dem der Betreiber bestehende Infrastruktur instand setzt, betreibt und anschließend an den öffentlichen Sektor zurücküberträgt.",Die Wasseraufbereitungsanlage wurde im Rahmen einer Sanieren-Betreiben-Übertragen-Konzession modernisiert.
Q-R,Reimbursement,Ersatz / Erstattung,Ersatz für entstandene Kosten oder Verluste.,Der Versicherer bestätigte den Ersatz des Schadens.
Q-R,Reinsurance assets,Rückversicherungsaktiva / Rückversicherungsforderungen,"Bei Rückversicherern gedeckte Beträge, die als Vermögenswert angesetzt werden.",Rückversicherungsaktiva werden getrennt von den Verbindlichkeiten ausgewiesen.
Q-R,Reinsurance contract,Rückversicherungsvertrag,"Ein Vertrag, durch den ein Versicherer Risiko auf einen Rückversicherer überträgt.",Der Rückversicherungsvertrag wurde hinsichtlich einer wesentlichen Risikoüberwälzung bewertet.
Q-R,Reinsurer,Rückversicherer,"Ein Versicherer, der einen anderen Versicherer versichert.",Der Rückversicherer übernimmt einen Teil des Risikos des Versicherers.
Q-R,Reinvestment of dividends,Dividendenreinvestition / Wiederanlage der Dividenden,Die Verwendung erhaltener Dividenden zum Erwerb zusätzlicher Aktien anstelle der Auszahlung in bar.,"Der Aktionär wählte die Dividendenreinvestition, um zusätzliche Aktien des Unternehmens zu erwerben."
Q-R,Related parties,Nahe stehende Unternehmen und Personen,"Parteien, die in einer Beziehung zum Unternehmen stehen.",Zu den nahe stehenden Unternehmen und Personen zählt das leitende Führungspersonal.
Q-R,Related Party Disclosures,Angaben über nahe stehende Unternehmen und Personen (IAS 24),"IAS 24, der die Offenlegung von Geschäften mit nahe stehenden Unternehmen und Personen verlangt.",Die Angaben über nahe stehende Unternehmen und Personen verlangen die Offenlegung der Vergütungen des leitenden Führungspersonals.
Q-R,Related party transaction,Geschäft mit nahe stehenden Unternehmen und Personen,Übertragung von Ressourcen zwischen nahe stehenden Unternehmen und Personen.,Jedes Geschäft mit nahe stehenden Unternehmen und Personen muss offengelegt werden.
Q-R,Relevance,Relevanz / Entscheidungsrelevanz,"Die qualitative Eigenschaft, wonach Informationen geeignet sind, die Entscheidungen der Nutzer zu beeinflussen.",Die Information hatte Voraussagewert und besaß daher Relevanz.
Q-R,Reliability,Zuverlässigkeit,"Eigenschaft von Informationen, die frei von wesentlichen Fehlern ist.",Die Zuverlässigkeit der Schätzung wurde von den Prüfern in Frage gestellt.
Q-R,Reliability exception,Zuverlässigkeitsvorbehalt / Ausnahme aus Gründen der Zuverlässigkeit,"Ausnahme, die aus Gründen der Zuverlässigkeit eine Abweichung von einer Anforderung erlaubt.",Der Zuverlässigkeitsvorbehalt gilt für bestimmte Angaben über nahe stehende Unternehmen und Personen.
Q-R,Reliable measurement test,Test der zuverlässigen Bewertbarkeit,"Prüfung, ob ein Betrag zuverlässig bemessen werden kann.",Die Rückstellung erfüllte den Test der zuverlässigen Bewertbarkeit nicht.
Q-R,Reload feature,Reload-Merkmal (automatische Nachgewährung),"Ein Merkmal, das automatisch neue Optionen gewährt.",Das Reload-Merkmal gewährt bei Ausübung zusätzliche Optionen.
Q-R,Reload option,Reload-Option (Nachgewährungsoption),"Ein Merkmal einer Aktienoption, das dem Inhaber bei Ausübung bestehender Optionen neue Optionen gewährt und die verbrauchten Aktien ersetzt.",Im Rahmen der Reload-Option gewährte die Ausübung der Option dem Inhaber eine neue Option über die gleiche Anzahl von Aktien.
Q-R,Remeasurement,Neubewertung / Neumessung,Neuberechnung eines Betrags auf Grundlage neuer Informationen.,Die Neubewertung des Plans wurde im sonstigen Gesamtergebnis erfasst.
Q-R,Removal of accounts provision,Klausel zur Herausnahme von Forderungen (bedingungsloses Rückkaurecht),"Recht, Forderungen aus einer Verbriefungsstruktur herauszunehmen.","Die Klausel zur Herausnahme von Forderungen ermöglicht dem Übertragenden, Forderungen zurückzuziehen."
Q-R,Rendering of services,Dienstleistungserbringung,"Erbringung von Dienstleistungen, aus denen Umsatzerlöse aus Verträgen entstehen.",Umsatzerlöse aus der Erbringung von Dienstleistungen werden im Zeitablauf erfasst.
Q-R,Renewal rights,Verlängerungsrechte,"Rechte eines Leasingnehmers oder Vertragspartners, die Laufzeit eines Vertrags zu verlängern.",Die Verlängerungsrechte wurden bei der Bestimmung der durchsetzbaren Leasinglaufzeit berücksichtigt.
Q-R,Reorganisations,Reorganisationen / Umstrukturierungen,Umstrukturierung der rechtlichen oder operativen Struktur eines Unternehmens.,Reorganisationen verursachen häufig erhebliche einmalige Kosten.
Q-R,Repackaging,Repackaging / Neupaketierung von Finanzinstrumenten,Kombination und Weiterverkauf von Finanzinstrumenten in einer neuen Form.,Repackaging-Geschäfte wurden aus dem Konsolidierungskreis ausgeschlossen.
Q-R,Repairs and maintenance,Instandhaltung und Reparaturen,"Regelmäßige Aufwendungen, um Vermögenswerte funktionsfähig zu erhalten.","Instandhaltung und Reparaturen werden in dem Zeitpunkt, in dem sie entstehen, als Aufwand erfasst."
Q-R,Repayment,Tilgung / Rückzahlung,Rückzahlung geliehener Mittel.,Die Tilgung des Darlehens ist in fünf Jahren fällig.
Q-R,Replacement award,Ersatzzusage / Ersatzgewährung,"Eine Gewährung auf Basis von Zahlungen in Form von Aktien (share-based payment), die eine bestehende Gewährung ersetzt, beispielsweise in einem Unternehmenszusammenschluss.",Die den Mitarbeitern des erworbenen Unternehmens gewährte Ersatzzusage wurde unter Bezugnahme auf die ursprüngliche Gewährung bewertet.
Q-R,Replacement cost of an asset,Wiederbeschaffungskosten eines Vermögenswerts,Die Kosten für die Ersetzung eines Vermögenswerts.,Die Wiederbeschaffungskosten spiegeln die aktuellen Marktpreise wider.
Q-R,Repledge,Weiterverpfändung,"Verpfändung von Sicherheiten, die von einer Vertragspartei erhalten wurden, an einen Dritten.",Die Bank verpfändete die als Sicherheit erhaltenen Wertpapiere weiter.
Q-R,Reportable segment,Berichtspflichtiges Segment / meldepflichtiges Segment,"Ein Segment, das die Schwellenwerte für den gesonderten Bericht erfüllt.",In diesem Jahr wurde nur ein berichtspflichtiges Segment identifiziert.
Q-R,Reporting currency,Berichtswährung,"Die Währung, in der ein Unternehmen seinen Abschluss darstellt.",Die Ergebnisse des ausländischen Unternehmens wurden in die Berichtswährung umgerechnet.
Q-R,Reporting Currency – Measurement And Presentation of Financial Statements Under IAS 21 and IAS 29,Berichtswährung – Bewertung und Darstellung der Abschlüsse nach IAS 21 und IAS 29,Leitlinien zur Bewertung und Darstellung der Abschlüsse nach IAS 21 und IAS 29.,Das Dokument behandelt die Berichtswährung nach IAS 21 und IAS 29.
Q-R,Reporting Currency – Translation from Measurement Currency to Presentation Currency,Berichtswährung – Umrechnung von der Bewertungswährung in die Darstellungswährung,Umrechnung von Beträgen aus der Bewertungswährung in die Berichtswährung.,Die Umrechnung in die Darstellungswährung erfolgt unter Verwendung des Stichtagskurses.
Q-R,Reporting date,Stichtag / Berichtsdatum,Der Stichtag des Abschlusses eines Unternehmens.,Vermögenswerte werden zum Stichtag bewertet.
Q-R,Reporting enterprise,Berichtendes Unternehmen,"Das Unternehmen, dessen Abschluss erstellt wird.",Das berichtende Unternehmen stellt seinen eigenen Abschluss dar.
Q-R,Reporting entity,Berichtseinheit / berichtendes Unternehmen,"Ein Unternehmen oder ein Teil eines Unternehmens, für den ein Abschluss erstellt und dargestellt wird.","Eine Berichtseinheit kann ein einzelnes Unternehmen oder eine Gruppe sein, die aus einem Mutterunternehmen und dessen Tochterunternehmen besteht."
Q-R,Reporting package,Berichtspaket,"Ein Satz von Berichten, der für die Konsolidierung erstellt wird.",Die Tochterunternehmen legen dem Mutterunternehmen ein Berichtspaket vor.
Q-R,Reporting period,Berichtszeitraum / Berichtsperiode,Der durch einen Abschluss abgedeckte Zeitraum.,Der Berichtszeitraum endet jedes Jahr am 31. Dezember.
Q-R,Representational faithfulness,Zutreffende Darstellung / Abbildungstreue,"Informationen, die die wirtschaftlichen Sachverhalte, die sie darstellen sollen, getreu abbilden.",Die zutreffende Darstellung erfordert vollständige und neutrale Informationen.
Q-R,Repurchase agreement,Rückkaufsvereinbarung (Repo),"Eine Vereinbarung über den Verkauf von Wertpapieren mit der Verpflichtung, sie zu einem späteren Zeitpunkt zurückzukaufen.",Die im Rahmen der Rückkaufsvereinbarung verkauften Wertpapiere wurden als besicherte Kreditaufnahme erfasst.
Q-R,Repurchase transactions,Rückkaufgeschäfte (Repo-Geschäfte),Verkauf von Vermögenswerten mit Vereinbarung über den Rückkauf.,Rückkaufgeschäfte werden als besicherte Kreditaufnahme behandelt.
Q-R,Research,Forschung,"Originaluntersuchung mit dem Ziel, neues Wissen zu gewinnen.","Forschungsaufwendungen werden in dem Zeitpunkt, in dem sie entstehen, als Aufwand erfasst."
Q-R,Reserve,Rücklage / Reserve,"Ein Teil des Eigenkapitals, der für einen bestimmten Zweck zurückgestellt wird.",Die Neubewertungsrücklage wird innerhalb des Eigenkapitals ausgewiesen.
Q-R,Residual cost,Restkostenwert / verbleibender Buchwert,Der verbleibende Buchwert eines Postens.,"Die Restkosten spiegeln den verbleibenden, noch nicht angesetzten Wert wider."
Q-R,Residual interest,Restbeteiligung / verbleibendes Residualinteresse,"Der verbleibende Anteil an einem Unternehmen, nachdem andere Anteile abgerechnet wurden, häufig zum beizulegenden Zeitwert bemessen.",Die nach der Veräußerung verbleibende Restbeteiligung wurde zum beizulegenden Zeitwert neu bewertet.
Q-R,Residual value,Restwert,Der geschätzte Wert am Ende der Nutzungsdauer.,"Der Restwert wird von den Kosten abgezogen, um die Abschreibungsbasis zu ermitteln."
Q-R,Resolution of the IASB – Withdrawal of IAS 15 by the Board,Beschluss des IASB – Rückzug des IAS 15 durch das Board,"Beschluss des Boards, den IAS 15 aus den Standards zu entfernen.",Der Beschluss des IASB zog den IAS 15 aus seinen Standards zurück.
Q-R,Restatement,Neufestsetzung / Anpassung,Berichtigung bereits veröffentlichter Abschlüsse wegen Fehlern.,Eine Neufestsetzung der Vorperiodenzahlen war erforderlich.
Q-R,Restricted shares,Gesperrte Aktien / mit Beschränkungen belegte Aktien,"Aktien, die Übertragungsbeschränkungen oder Vesting-Bedingungen unterliegen und häufig als Vergütung an Arbeitnehmer ausgegeben werden.",Die den Führungskräften gewährten gesperrten Aktien werden über drei Jahre hinweg unverfallbar.
Q-R,Restructuring,Restrukturierung / Umstrukturierung,"Ein Programm, das den Umfang oder die Art der Geschäftstätigkeit wesentlich ändert.",Die Restrukturierung führte zur Schließung zweier Produktionsstätten.
Q-R,Restructuring provision,Restrukturierungsrückstellung,Für die Kosten einer geplanten Restrukturierung angesetzte Rückstellung.,Die Restrukturierungsrückstellung deckt die Kosten der Beendigung von Arbeitsverhältnissen ab.
Q-R,Result,Ergebnis,Der Gewinn oder Verlust einer Periode.,Das Jahresergebnis wurde nach Steuern ausgewiesen.
Q-R,Retail method,Einzelhandelsmethode (Retail-Methode),Schätzung des Vorratswerts unter Verwendung von Einzelhandelspreisen.,Die Einzelhandelsmethode schätzt den Endbestand der Vorräte zum Verkaufspreis abzüglich der Handelsspanne.
Q-R,Retail store chain,Einzelhandelskette,"Ein Unternehmen, das mehrere Einzelhandelsgeschäfte unter gemeinsamer Eigentümerschaft oder Leitung betreibt.",Die Einzelhandelskette meldete im Jahresverlauf ein starkes Umsatzwachstum auf vergleichbarer Fläche.
Q-R,Retained earnings,Gewinnrücklagen / einbehaltene Gewinne,"Kumulierte, nicht ausgeschüttete Gewinne.",Die Gewinnrücklagen werden innerhalb des Eigenkapitals ausgewiesen.
Q-R,Retained profit,Einbehaltener Gewinn,"Kumulierte Gewinne, die im Unternehmen verbleiben, anstatt ausgeschüttet zu werden.",Der einbehaltene Gewinn wird innerhalb des Eigenkapitals ausgewiesen.
Q-R,Retirement benefit plans,Altersversorgungspläne / Pläne für Leistungen nach dem Berufsausscheiden,"Vereinbarungen, die Leistungen nach Beendigung des Arbeitsverhältnisses vorsehen.",Die Gruppe ist Trägerin mehrerer Altersversorgungspläne.
Q-R,Retroactive classification,Rückwirkende Klassifizierung,Die Anwendung einer Klassifizierungsentscheidung auf frühere Perioden sowie auf die laufende Periode.,Die Änderung der Segmentstruktur erforderte die rückwirkende Klassifizierung der Vorperiodenzahlen.
Q-R,Retrospective application,Rückwirkende Anwendung,"Anwendung einer neuen Bilanzierungsmethode, als wäre sie stets angewendet worden.",Die Änderung wurde durch rückwirkende Anwendung vorgenommen.
Q-R,Retrospective restatement,Rückwirkende Neufestsetzung,"Berichtigung der Vorperiodenzahlen, als sei der Fehler nie aufgetreten.",Der Fehler wurde durch rückwirkende Neufestsetzung berichtigt.
Q-R,Return on investment,Kapitalrendite / Return on Investment (ROI),Eine Kennzahl für den Ertrag im Verhältnis zur getätigten Investition.,Die Kapitalrendite des Projekts überstieg die geforderte Mindestrendite.
Q-R,Return on plan assets (of an employee benefit plan),Ertrag auf das Planvermögen (eines Leistungsplans),Erzielte Erträge aus den Anlagen des Planvermögens.,Der Ertrag auf das Planvermögen mindert den Pensionsaufwand.
Q-R,Revaluation,Neubewertung / Aufwertung,"Die Neumessung eines Vermögenswerts des Anlagevermögens auf seinen beizulegenden Zeitwert, wobei der Anstieg im sonstigen Gesamtergebnis erfasst wird.","Eine Neubewertung der Immobilie erhöhte deren Buchwert, und der Überschuss wurde im sonstigen Gesamtergebnis erfasst."
Q-R,Revaluation reserve,Neubewertungsrücklage,"Eine Rücklage, die aus der Neubewertung von Vermögenswerten entsteht.",Die Neubewertungsrücklage stieg durch die Neubewertung der Immobilie.
Q-R,Revaluation surplus,Neubewertungsüberschuss / Aufwertungsdifferenz,Erhöhung des Buchwerts eines Vermögenswerts bei Neubewertung.,Der Neubewertungsüberschuss wird im sonstigen Gesamtergebnis erfasst.
Q-R,Revalued amount of an asset,Neubewerteter Betrag eines Vermögenswerts,Beizulegender Zeitwert zum Neubewertungsstichtag abzüglich der nachfolgenden Abschreibungen.,Der neubewertete Betrag eines Vermögenswerts ersetzt dessen Buchwert.
Q-R,Revenue,Umsatzerlöse,"Erträge aus der gewöhnlichen Geschäftstätigkeit eines Unternehmens, wie dem Verkauf von Waren oder Dienstleistungen.","Umsatzerlöse aus Verträgen mit Kunden werden erfasst, wenn die Kontrolle über die Waren übergeht."
Q-R,Revenue—Barter Transactions Involving Advertising Services,Umsatzerlöse – Tauschgeschäfte (Barter) mit Werbeleistungen,Leitlinien zur Erfassung von Umsatzerlösen aus Barter-Werbegeschäften.,"SIC 31 behandelt Tauschgeschäfte, die Werbeleistungen beinhalten."
Q-R,Reversal,Rückbuchung / Auflösung,Minderung oder Aufhebung eines zuvor angesetzten Betrags.,Die Auflösung des Wertminderungsaufwands erhöhte den Gewinn.
Q-R,Reverse acquisition,Umgekehrter Unternehmenserwerb (Reverse Acquisition),"Ein Unternehmenszusammenschluss, bei dem das rechtlich erworbene Unternehmen das buchhalterisch erwerbende Unternehmen ist.",Bei einem umgekehrten Unternehmenserwerb ist die rechtliche Tochtergesellschaft der buchhalterische Erwerber.
Q-R,Reverse share split,Aktienzusammenlegung (Reverse Split),Zusammenlegung von Aktien zur Erhöhung des Nennwerts.,Eine Aktienzusammenlegung verringert die Anzahl der ausstehenden Aktien.
Q-R,Revised,Überarbeitet / revidiert,"Geändert oder aktualisiert, bezogen auf einen Standard, eine Schätzung oder eine Angabe, die verändert wurde.",Das Unternehmen wendete den überarbeiteten Standard vom Beginn des Berichtszeitraums an prospektiv an.
Q-R,Revised (IAS),Überarbeitet (IAS),Eine geänderte Fassung eines Standards.,"Der überarbeitete Standard gilt für Jahresperioden, die nach 2020 beginnen."
Q-R,Revoke a designation,Festlegung widerrufen / Zuordnung aufheben,Aufhebung einer zuvor getroffenen Festlegung eines finanziellen Vermögenswerts oder einer finanziellen Verbindlichkeit.,Ein Unternehmen kann eine Festlegung nur in begrenzten Situationen widerrufen.
Q-R,Rewards associated with a leased asset,Mit einem Leasingobjekt verbundene Erträge,Erwartete Vorteile und Erträge aus dem Leasingobjekt.,Die mit einem Leasingobjekt verbundenen Erträge sprechen für ein Finanzierungsleasing.
Q-R,Right of first refusal,Vorkaufsrecht,"Ein vertragliches Recht, dass ein Vermögenswert angeboten wird, bevor er anderen Parteien angeboten wird.",Der Gesellschafter hatte hinsichtlich jeder Übertragung der Anteile ein Vorkaufsrecht.
Q-R,Right of set-off,Aufrechnungsrecht / Verrechnungsrecht,"Rechtlicher Anspruch, zwischen zwei Parteien geschuldete Beträge zu verrechnen.",Das Unternehmen hatte über die Salden ein Aufrechnungsrecht.
Q-R,Right to explore,Aufsuchungsrecht / Erkundungsrecht,"Das Recht eines Unternehmens, nach Ressourcen zu erkunden.","Das Unternehmen hält das Recht, das Offshore-Feld zu erkunden."
Q-R,Rights issue,Bezugsrechtsemission / Kapitalerhöhung mit Bezugsrechten,Das Angebot neuer Aktien an bestehende Aktionäre.,Die Bezugsrechtsemission wurde den bestehenden Aktionären anteilig angeboten.
Q-R,"Rights to Interests Arising from Decommissioning, Restoration and Environmental Rehabilitation Funds","Rechte an Anteilen aus Rückbau-, Sanierungs- und Umweltsanierungsfonds",Rechte an Anteilen aus Stilllegungs- und Rückbaufonds.,Diese Anteilsrechte werden als Vermögenswert angesetzt.
Q-R,Risk,Risiko,"Die Möglichkeit, dass tatsächliche Ergebnisse von den erwarteten Ergebnissen abweichen, einschließlich Finanzrisiken wie Kredit-, Liquiditäts- und Marktrisiko.",Das Unternehmen legt Art und Umfang der aus Finanzinstrumenten entstehenden Risiken offen.
Q-R,Risk exposure,Risikoexposition / Risikoaussetzung,Der risikobehaftete Betrag.,Das Unternehmen legte seine Risikoexposition nach Risikotyp offen.
Q-R,Risk of divergence,Divergenzrisiko / Abweichungsrisiko,"Risiko, dass bewertete Größen sich in unterschiedliche Richtungen entwickeln.",Das Hedging scheiterte aufgrund des Abweichungsrisikos zwischen den Variablen.
Q-R,Risk-free interest rate,Risikofreier Zinssatz,Rendite einer Anlage ohne Ausfallrisiko.,Der Abzinsungssatz basierte auf dem risikofreien Zinssatz.
Q-R,Risks and rewards,Risiken und Erträge (Vorteile),"Die mit dem Eigentum an einem Vermögenswert verbundenen Risiken und Vorteile, die zur Beurteilung der Übertragung im Leasing und bei der Ausbuchung herangezogen werden.",Der Leasingvertrag übertrug im Wesentlichen alle Risiken und Erträge des Eigentums auf den Leasingnehmer.
Q-R,Risks and rewards of ownership,Risiken und Erträge der Eigentümerschaft,"Risikotragung von Gewinnen und Verlusten, die mit dem Eigentum an einem Vermögenswert verbunden sind.",Die Übertragung der Risiken und Erträge der Eigentümerschaft bestimmt den Ansatz.
Q-R,Risks associated with a leased asset,Mit einem Leasingobjekt verbundene Risiken,Risiken aus dem Eigentum an oder der Nutzung eines Leasingobjekts.,Im Wesentlichen alle mit dem Leasingobjekt verbundenen Risiken wurden übertragen.
Q-R,Roll back,Rückführung eines Betrags,Minderung eines Buchwerts auf einen niedrigeren früheren Wert.,Das Unternehmen musste den Neubewertungsüberschuss zurückführen.
Q-R,Roll forward,Fortschreibung / Vortrag eines Betrags,Übertragung eines Saldos in die folgende Periode.,Die Bewegungsübersicht trägt den Rückstellungssaldo fort.
Q-R,Royalty,Lizenzgebühr / Tantieme,"Eine Zahlung an den Eigentümer eines Vermögenswerts, etwa eines Patents oder einer Marke, für das Recht zu dessen Nutzung.",Lizenzgebührenerträge aus der Markenlizenzierung werden nach dem Periodenabgrenzungsprinzip erfasst.
S,Sale,Verkauf,Übertragung eines Vermögenswerts gegen ein Entgelt.,"Umsatzerlöse aus dem Verkauf werden erfasst, wenn die Kontrolle übergeht."
S,Sale and leaseback transaction,Sale-and-Lease-back-Transaktion / Verkauf und Rückleasing,"Geschäft, bei dem ein Eigentümer einen Vermögenswert verkauft und ihn zurückleast.",Das Unternehmen erfasste einen Gewinn aus der Sale-and-Lease-back-Transaktion.
S,SARS,Aktienwertsteigerungsrechte (Share Appreciation Rights),"Rechte, die Arbeitnehmern die Wertsteigerung von Aktien auszahlen.",Den Arbeitnehmern wurden in bar abzuwickelnde Aktienwertsteigerungsrechte (SARS) gewährt.
S,Scope,Anwendungsbereich / Geltungsbereich,"Der Umfang der Geschäfte oder Unternehmen, auf die ein Standard oder eine Bilanzierungsmethode anwendbar ist.",Das Geschäft fiel in den Anwendungsbereich des Leasingstandards.
S,Scope of IFRS 2,Anwendungsbereich des IFRS 2,"Das Ausmaß, in dem die Vorschriften zu auf Aktien basierenden Vergütungen (share-based payment) anwendbar sind.",Der Anwendungsbereich des IFRS 2 umfasst auf Eigenkapital basierende Gewährungen.
S,Secondary segment information,Sekundäre Segmentinformationen,"Segmentangaben, die für das sekundäre Berichtsformat bereitgestellt werden.",Sekundäre Segmentinformationen werden nach geografischen Gebieten berichtet.
S,Securities,Wertpapiere,Handelbare Finanzinstrumente wie Aktien und Schuldverschreibungen.,Zu Handelszwecken gehaltene Wertpapiere werden zum beizulegenden Zeitwert bewertet.
S,Securitisation,Verbriefung,Umwandlung von Vermögenswerten in handelbare Wertpapiere.,Die Verbriefung überträgt finanzielle Vermögenswerte auf eine Zweckgesellschaft.
S,Segment,Segment / Geschäftsbereich / Teilbereich,"Ein abgrenzbarer Teilbereich eines Unternehmens, für den separate Finanzinformationen verfügbar sind und von der Geschäftsführung beurteilt werden.",Die Vermögenswerte und Verbindlichkeiten jedes Segments werden im Anhang zur Segmentberichterstattung offengelegt.
S,Segment assets,Segmentvermögenswerte,Einem berichtspflichtigen Segment zurechenbare Vermögenswerte.,Die Segmentvermögenswerte werden für jedes Segment offengelegt.
S,Segment expense,Segmentaufwendungen,Aufwendungen aus der Geschäftstätigkeit eines Segments.,Die Segmentaufwendungen umfassen die dem Segment direkt zurechenbaren Kosten.
S,Segment manager,Segmentleiter / Segmentmanager,"Person, die für die Geschäftstätigkeit eines berichtspflichtigen Segments verantwortlich ist.",Der Segmentleiter berichtet die Ergebnisse an die Geschäftsleitung.
S,Segment profit or loss,Segmentgewinn oder Segmentverlust,"Der Gewinn oder Verlust eines operativen Segments, wie er dem für operative Entscheidungen zuständigen Entscheider (chief operating decision maker) berichtet wird.",Das Segmentergebnis jedes berichtspflichtigen Segments wurde im Anhang offengelegt.
S,Segment Reporting,Segmentberichterstattung,Offenlegung von Finanzinformationen nach operativen Segmenten.,"Die Segmentberichterstattung hilft den Nutzern, verschiedene Geschäftsbereiche zu beurteilen."
S,Segment result,Segmentergebnis,Gewinn oder Verlust eines berichtspflichtigen operativen Segments.,Das Segmentergebnis wird vor nicht zugeordneten Konzernkosten ausgewiesen.
S,Segment revenue,Segmentumsatzerlöse / Segmenterlöse,Einem berichtspflichtigen Segment zurechenbare Umsatzerlöse.,Die Segmentumsatzerlöse werden für jedes berichtspflichtige Segment offengelegt.
S,Self-constructed asset,Selbst erstellter Vermögenswert,"Ein Vermögenswert, den das Unternehmen selbst erstellt hat.",Die Kosten eines selbst erstellten Vermögenswerts umfassen die direkt zurechenbaren Kosten.
S,Self-insurance,Selbstversicherung,"Ein Risikomanagementansatz, bei dem ein Unternehmen ein Risiko selbst behält, anstatt es auf einen Versicherer zu übertragen.",Das Unternehmen praktiziert für kleinere Sachschadenansprüche eine Selbstversicherung.
S,Selling price,Verkaufspreis,"Der Preis, zu dem eine Ware verkauft wird.",Der Verkaufspreis bestimmt die Umsatzerlöse für die Einheit.
S,Sensitivity analysis,Sensitivitätsanalyse,"Methode, die zeigt, wie sich Ergebnisse bei Änderungen der Annahmen verändern.",Die Bank legte eine Sensitivitätsanalyse für das Marktrisiko offen.
S,Separability,Separierbarkeit / Abtrennbarkeit,"Fähigkeit eines Vermögenswerts, getrennt und verkauft werden zu können.",Die Separierbarkeit ist ein Kriterium für den Ansatz immaterieller Vermögenswerte.
S,Separability criterion,Separierbarkeitskriterium,"Die Voraussetzung, dass ein immaterieller Vermögenswert getrennt und verkauft oder übertragen werden kann.",Die Software erfüllte das Separierbarkeitskriterium und wurde als immaterieller Vermögenswert angesetzt.
S,Separable assets,Separierbare Vermögenswerte,"Vermögenswerte, die eigenständig getrennt und verkauft werden können.",Im Rahmen der Kaufpreisaufteilung wurden separierbare Vermögenswerte identifiziert.
S,Separate financial statements,Einzelabschluss / separate Abschlüsse,"Abschlüsse, die von einem Mutter- oder Investorunternehmen für sich allein aufgestellt werden.",In den Einzelabschlüssen werden Tochterunternehmen zu Anschaffungskosten bilanziert.
S,Separate liability,Eigenständige Verbindlichkeit / gesonderte Verbindlichkeit,"Eine Verbindlichkeit, die für sich allein angesetzt wird und nicht als Teil einer anderen.",Die Garantie wird als eigenständige Verbindlichkeit angesetzt.
S,Separately identifiable,Gesondert identifizierbar / separat identifizierbar,"Fähig, gesondert identifiziert zu werden.",Der Vermögenswert ist gesondert vom Firmenwert identifizierbar.
S,Service Concession Arrangement,Dienstleistungskonzessionsvereinbarung (Service Concession Arrangement),"Eine Vereinbarung, bei der ein Staat einem privaten Betreiber das Recht einräumt, über einen bestimmten Zeitraum hinweg öffentliche Dienstleistungen zu erbringen.",Im Rahmen einer Dienstleistungskonzessionsvereinbarung setzt der Betreiber einen finanziellen Vermögenswert oder einen immateriellen Vermögenswert an.
S,Service cost,Dienstleistungskosten (Perioden-Servicekosten),Die in der laufenden Periode erdiente Leistung.,Die Dienstleistungskosten werden in der Gewinn- und Verlustrechnung erfasst.
S,Service date,Datum der Dienstleistung (Dienstleistungsdatum),"Datum, an dem ein Arbeitnehmer Leistungen unter einem Plan erbringt.",Die Leistungen (Ansprüche) erwachsen ab dem Datum der Dienstleistung des Arbeitnehmers.
S,Service mark,Dienstleistungsmarke,"Eine Marke, die die Dienstleistungen eines Anbieters kennzeichnet.",Das Unternehmen hat für seine Marke eine Dienstleistungsmarke eingetragen.
S,Servicing asset,Servicing-Vermögenswert (Betreuungsaktivposten),"Ein Recht auf Vergütungen für die Betreuung (Servicing) finanzieller Vermögenswerte, das die angemessene Vergütung übersteigt.",Der einbehaltene Servicing-Vermögenswert wurde bei Entstehung mit dem beizulegenden Zeitwert bewertet.
S,Servicing costs,Servicing-Kosten (Kosten der Betreuung),Kosten der Verwaltung von Krediten oder Vermögenswerten für Dritte.,Die Servicing-Kosten minderten die Nettozinserträge.
S,Servicing liabilities,Servicing-Verbindlichkeiten,"Verpflichtungen zur Betreuung (Servicing) finanzieller Vermögenswerte, die nach der Übertragung einbehalten werden.",Servicing-Verbindlichkeiten werden anfänglich mit dem beizulegenden Zeitwert bewertet.
S,Servicing liability,Servicing-Verbindlichkeit,Eine Verpflichtung zur Betreuung (Servicing) finanzieller Vermögenswerte.,Für das einbehaltene Servicing wurde eine Servicing-Verbindlichkeit angesetzt.
S,Servicing rights,Servicing-Rechte (Betreuungsrechte),Rechte zur Betreuung (Servicing) übertragener finanzieller Vermögenswerte.,"Servicing-Rechte werden angesetzt, wenn die Vermögenswerte übertragen werden."
S,Set of financial statements,Vollständiger Abschluss (Gesamtheit der Finanzberichte),"Die Gesamtheit der Abschlussteile, die zur Darstellung der Vermögens-, Finanz- und Ertragslage sowie der Cashflows eines Unternehmens erforderlich ist.","Ein vollständiger Abschluss umfasst eine Bilanz (Finanzlageübersicht), eine Gewinn- und Verlustrechnung sowie weitere Übersichten."
S,"Set-off, legal right of",Gesetzliches Aufrechnungsrecht (Recht zur Saldierung),"Ein rechtlich durchsetzbares Recht, Beträge miteinander zu verrechnen.","Um Salden zu verrechnen, ist ein gesetzliches Aufrechnungsrecht erforderlich."
S,Settle net = net settlement,Nettoabwicklung (Nettoregulierung),Erfüllung eines Vertrags durch Leistung nur des Nettobetrags.,Die Verträge werden netto in bar abgewickelt.
S,Settlement,Erfüllung (Begleichung),Das Erlöschen einer Verbindlichkeit durch Zahlung oder Übertragung von Ressourcen.,Die Erfüllung der Verbindlichkeit erfolgte in der Folgeberiode.
S,Settlement (of employee benefit obligations),Erfüllung von Verpflichtungen aus Leistungen an Arbeitnehmer (Abgeltung),"Ein Geschäftsvorfall, der die weitere gesetzliche oder faktische Verpflichtung für einen Teil oder alle der Leistungen zum Erlöschen bringt.","Die Erfüllung der Altersversorgungsverpflichtung führte zu einem Ertrag, der in der Gewinn- und Verlustrechnung erfasst wurde."
S,Settlement date,Erfüllungstag (Verrechnungstag),"Datum, an dem ein Geschäft endgültig erfüllt wird.",Das Geschäft wurde am Erfüllungstag gebucht.
S,Settlement date accounting,Bilanzierung zum Erfüllungstag,"Erfassung von Geschäften zu dem Zeitpunkt, an dem die Vermögenswerte geliefert werden.",Das Unternehmen wendet die Bilanzierung zum Erfüllungstag auf gewöhnliche Geschäfte (Regular-Way-Geschäfte) an.
S,Settlement provision,Rückstellung für die Erfüllung (Regulierungsrückstellung),"Eine Rückstellung, die für eine erwartete Erfüllung gebildet wird.",Für den Anspruch wurde eine Erfüllungsrückstellung gebildet.
S,Settlement value,Erfüllungswert (Regulierungswert),"Der Wert, zu dem eine Verbindlichkeit erfüllt wird.",Der Erfüllungswert wurde mit der Gegenpartei vereinbart.
S,Severally liable,Nur für den eigenen Anteil haftend (Einzelhaftung),"Situation, in der jede Partei einer Gesamtverpflichtung nur für ihren eigenen Anteil an der Verbindlichkeit haftet.",Nach dem Gesellschaftsvertrag haftet jeder Gesellschafter für die Schulden des Unternehmens nur in Höhe seines Anteils.
S,Shadow accounting,Schattenbilanzierung (Shadow Accounting),Angleichung der Rechnungslegung zwischen Versicherungsnehmern und Anteilseignern.,Die Schattenbilanzierung grenzt bestimmte unrealisierte Gewinne ab.
S,Share,Anteil / Aktie,Einheit des Eigentumsanteils am Kapital einer Gesellschaft.,Jede Aktie gewährt ein Stimmrecht.
S,Share appreciation rights,Rechte auf Aktienwertsteigerung (Kursanstaltsrechte),"Zusagen, die in bar ausgeglichen werden und auf der Steigerung des Aktienkurses basieren.",Rechte auf Aktienwertsteigerung werden mit dem beizulegenden Zeitwert bewertet.
S,Share buy-back arrangements,Vereinbarungen über den Rückkauf eigener Aktien,"Vereinbarungen, durch die ein Unternehmen eigene Aktien von den Aktionären zurückkauft.",Im Rahmen der Rückkaufvereinbarungen erworbene eigene Aktien wurden vom Eigenkapital abgesetzt.
S,Share call options,Aktien-Kaufoptionen,"Verträge, die das Recht einräumen, Aktien zu einem festgelegten Preis zu kaufen.",Führenden Managern wurden Aktien-Kaufoptionen gewährt.
S,Share capital,Gezeichnetes Kapital / Grundkapital,Der von den Aktieninhabern eingebrachte Kapitalbetrag.,Das gezeichnete Kapital wird in der Bilanz ausgewiesen.
S,Share Capital – Reacquired Own Equity Instruments (Treasury Shares),Gezeichnetes Kapital – Rückgekaufte eigene Eigenkapitalinstrumente (eigene Aktien),"Rückgekaufte eigene Aktien, die vom Eigenkapital abgesetzt werden.",Eigene Aktien werden vom Eigenkapital abgesetzt.
S,Share consolidation,Aktienzusammenlegung,Zusammenfassung mehrerer Aktien in eine Aktie.,Die Aktienzusammenlegung verringerte die Zahl der Stammaktien.
S,Share option,Aktienoption,"Ein Vertrag, der dem Inhaber das Recht einräumt, Aktien eines Unternehmens innerhalb eines festgelegten Zeitraums zu einem bestimmten Preis zu erwerben.","Die Anwartschaftsbedingungen (Vesting Conditions) der Aktienoption verlangen, dass der Arbeitnehmer drei Jahre im Dienst bleibt."
S,Share option plan,Aktienoptionsplan,"Ein Plan, der Arbeitnehmern Aktienoptionen einräumt.",Der Aktienoptionsplan wird über drei Jahre unverfallbar (vested).
S,Share premium,Kapitalrücklage (Aktienagio),Der für Aktien über deren Nennwert hinaus vereinnahmte Betrag.,Die Emission brachte eine Kapitalrücklage (Agio) von zwei Millionen.
S,Share split,Aktiensplit,"Erhöhung der Zahl der ausstehenden Aktien, ohne dass sich das Gesamtkapital ändert.",Der Aktiensplit verdoppelte die Zahl der ausgegebenen Aktien.
S,Share warrant,Aktienwarrant (Bezugschein),"Ein Wertpapier, das dem Inhaber das Recht einräumt, vor einem festgelegten Datum Aktien zu einem bestimmten Preis zu erwerben.",Die vom Unternehmen begebenen Aktienwarrants wurden als Eigenkapitalinstrumente klassifiziert.
S,Share-based Payment,Zahlungen auf Aktienbasis (Share-based Payment),"Standard zur Bilanzierung von Zahlungen, die in Aktien oder bar beglichen werden.",IFRS 2 regelt Geschäftsvorfälle mit Zahlungen auf Aktienbasis.
S,Share-based payment arrangement,Vereinbarung über Zahlungen auf Aktienbasis,"Vereinbarung, Waren oder Dienstleistungen mit Aktien (Eigenkapitalinstrumenten) zu vergüten.",Die Vereinbarung über Zahlungen auf Aktienbasis wird über drei Jahre unverfallbar (vested).
S,Share-based payment awards,Zusagen auf Aktienbasis (Aktienvergütungen),"Zusagen, die durch Ausgabe von Aktien oder Aktienoptionen erfüllt werden.",Zusagen auf Aktienbasis werden über den Dienstleistungszeitraum unverfallbar (vested).
S,Share-based payment transaction,Geschäftsvorfall mit Zahlungen auf Aktienbasis,"Ein Geschäftsvorfall, der in Aktien oder Optionen erfüllt wird.",Der Geschäftsvorfall mit Zahlung auf Aktienbasis wird mit dem beizulegenden Zeitwert bewertet.
S,Shareholder,Aktionär / Anteilseigner,"Eine Person oder ein Unternehmen, das Aktien einer Gesellschaft besitzt und einen Restanspruch an deren Nettovermögenswerten hält.",An Aktionäre gezahlte Dividenden werden direkt im Eigenkapital erfasst.
S,Shareholders’ equity,Eigenkapital (der Aktionäre),Der nach Abzug der Schulden verbleibende Restanspruch an den Vermögenswerten.,Das Eigenkapital setzt sich aus Kapital und Rücklagen zusammen.
S,Short seller,Leerverkäufer,"Marktteilnehmer, der geliehene Wertpapiere verkauft in der Erwartung fallender Kurse.",Der Leerverkäufer muss die geliehenen Aktien später zurückgeben.
S,Short-term employee benefits,Kurzfristige Leistungen an Arbeitnehmer,"Leistungen, die innerhalb von zwölf Monaten nach Erbringung der Arbeitsleistung fällig werden.",Kurzfristige Leistungen an Arbeitnehmer umfassen Löhne und bezahlten Urlaub.
S,SIC,"SIC (Standing Interpretations Committee, Ständiger Interpretationsausschuss)","Ein früheres Gremium, das Interpretationen zur Anwendung der International Accounting Standards herausgab.",Die SIC-Interpretationen wurden nach und nach durch IFRIC-Interpretationen ersetzt.
S,Significant influence,Maßgeblicher Einfluss,"Die Befugnis, an Entscheidungen über die Finanz- und Geschäftspolitik mitzuwirken.",Eine Beteiligung von 30 % verleiht in der Regel einen maßgeblichen Einfluss.
S,Single product enterprise,Einproduktunternehmen,"Unternehmen, dessen Umsatzerlöse überwiegend aus einem Produkt stammen.",Ein Einproduktunternehmen kann dennoch betriebliche Segmente berichten.
S,Sinking fund,Tilgungsfonds,Zurückgestellte Mittel zur Rückzahlung einer Schuld bei Fälligkeit.,"Das Unternehmen richtete einen Tilgungsfonds ein, um die Anleihen zurückzuzahlen."
S,Social security,Sozialversicherung,Von staatlicher Seite getragene Leistungssysteme.,Sozialversicherungsbeiträge werden als Aufwand erfasst.
S,Social security contribution,Sozialversicherungsbeitrag,"Zahlungen, die ein Arbeitgeber oder Arbeitnehmer für Leistungen an Arbeitnehmer an ein Sozialversicherungssystem leistet.","Sozialversicherungsbeiträge werden in der Periode als Aufwand erfasst, in der die entsprechende Arbeitsleistung erbracht wird."
S,Solvency,Solvenz / Zahlungsfähigkeit,"Die Fähigkeit, Verbindlichkeiten bei Fälligkeit nachzukommen.",Die Solvenz wird anhand von Liquiditäts- und Kapitalkennzahlen beurteilt.
S,SPE,SPE (Special Purpose Entity) / Zweckgesellschaft,"Ein Unternehmen, das für einen eng umgrenzten, klar definierten Zweck gegründet wird.","Die Bank gründete eine Zweckgesellschaft, um die verbrieften Vermögenswerte zu halten."
S,Special purpose entity,"Zweckgesellschaft (Special Purpose Entity, SPE)","Ein Unternehmen, das für ein eng umgrenztes, klar definiertes Ziel gegründet wird.","Die Zweckgesellschaft wurde gegründet, um verbriefte Vermögenswerte zu halten."
S,Specific identification of costs,Spezifische (individuelle) Identifikation der Kosten,"Ein Verfahren, bei dem Kosten einzelnen Positionen direkt und nicht durch Umlage zugerechnet werden.",Für das Bauprojekt wurden die Kosten mittels spezifischer Identifikation der Kosten zugerechnet.
S,Specifically identified cash flows,Eindeutig identifizierte Cashflows,"Cashflows, die eindeutig einem bestimmten Vermögenswert oder einer bestimmten Verbindlichkeit zugeordnet sind.",Das Sicherungsgeschäft wurde eindeutig identifizierten Cashflows zugeordnet.
S,Speculative grade,Spekulative Bonitätsnote (unter Investment-Grade),"Kreditwürdigkeitseinstufung unterhalb des Investment-Grade, die auf ein höheres Risiko hinweist.",Die Anleihen wurden nach der Herabstufung in den spekulativen Bereich (unter Investment-Grade) eingestuft.
S,Spin-off,Abspaltung (Spin-off),Ausgliederung eines Unternehmensteils in ein eigenständiges Unternehmen.,Im Zuge der Abspaltung wurden die Aktien der Tochtergesellschaft an die Aktionäre ausgegeben.
S,Sponsoring employers,Sponsernde Arbeitgeber (Plan-Sponsoren),"Arbeitgeber, die einen Leistungsplan finanzieren.",Die sponsernden Arbeitgeber tragen die Risiken des Altersversorgungsplans.
S,Spot exchange rate,Kassakurs (Spot-Kurs),"Der Wechselkurs für die sofortige Lieferung von Währungen, der zur Umrechnung von Fremdwährungsgeschäften bei der Ersterfassung verwendet wird.",Das Fremdwährungsgeschäft wurde mit dem Kassakurs am Transaktionstag gebucht.
S,Spot foreign exchange risk,Spot-Devisenkursrisiko,"Risiko, das aus Kassakursen (Spot-Kursen) entsteht.",Das Spot-Devisenkursrisiko entsteht durch die sofortige Abwicklung.
S,Spot rate,Kassakurs (Spot-Kurs),Wechselkurs für die sofortige Lieferung von Währungen.,Die Transaktion wurde zu dem an diesem Tag geltenden Kassakurs umgerechnet.
S,Stand-alone basis,Einzelbetrachtung (Stand-alone-Basis),Betrachtung eines Unternehmens ohne Einbeziehung des Mutterunternehmens oder des Konzerns.,Die Tochtergesellschaft wurde auf Stand-alone-Basis (einzeln) beurteilt.
S,Stand-alone derivative,Eigenständiges Derivat,"Ein Derivatinstrument, das eigenrechtlich besteht und nicht in einen anderen Vertrag eingebettet ist.",Der Terminkontrakt (Forward) war ein eigenständiges Derivat und wurde mit dem beizulegenden Zeitwert bewertet.
S,Stand-alone entity,Einzelaufstellendes Unternehmen (Stand-alone-Unternehmen),"Unternehmen, das berichtet, ohne andere Unternehmen zu konsolidieren.",Das Mutterunternehmen erstellte einen Einzelabschluss (Stand-alone-Abschluss).
S,Stand-by credit facilities,Stand-by-Kreditlinien (Bereitstellungskredite),"Zugesagte Kreditaufnahmemöglichkeiten, die bei Bedarf zur Verfügung stehen.",Stand-by-Kreditlinien stellen eine zusätzliche Liquiditätsreserve bereit.
S,Standard cost method,Standardkostenmethode,Bewertung der Vorräte auf Basis vorbestimmter Standardkosten.,Die Standardkostenmethode wird für die routinemäßige Vorratsbewertung verwendet.
S,Standby letters of credit,Stand-by-Akkreditive (Aval-/Garantieakkreditive),Eine Zahlungsgarantie einer Bank.,Das Stand-by-Akkreditiv unterstützt die Zahlungsverpflichtung des Unternehmens.
S,Standing Interpretation Committee,Ständiger Interpretationsausschuss (SIC),"Ein Ausschuss, der Interpretationen zu Rechnungslegungsstandards entwickelte, um abweichende oder nicht akzeptable Bilanzierungen zu beseitigen.","Der Ständige Interpretationsausschuss gab Interpretationen heraus, um die Anwendung der bestehenden Standards zu klären."
S,Start-up costs,Gründungs- und Anlaufkosten,Kosten zur Einrichtung eines neuen Geschäftsbetriebs.,"Gründungs- und Anlaufkosten werden in dem Zeitpunkt, in dem sie entstehen, als Aufwand erfasst."
S,State (employee benefit) plan,Staatlicher (Leistungs-)Plan,"Ein Plan, der vom Staat und nicht vom berichtenden Unternehmen betrieben wird.",Beiträge an einen staatlichen Plan werden bei Fälligkeit als Aufwand erfasst.
S,State-controlled entities,Staatlich kontrollierte Unternehmen,"Unternehmen, die durch Eigentum oder Machtausübung von staatlicher Seite kontrolliert werden.",Staatlich kontrollierte Unternehmen können bestimmte Befreiungen von Angabepflichten in Anspruch nehmen.
S,Stated or implied substantive terms,Ausdrücklich vereinbarte oder stillschweigend unterstellte wesentliche Vertragsbedingungen,"Die ausdrücklichen oder impliziten Bedingungen eines Vertrags, die durchsetzbare Rechte und Pflichten begründen.","Die ausdrücklich vereinbarten oder stillschweigend unterstellten wesentlichen Bedingungen des Vertrags deuteten darauf hin, dass ein Leasingvertrag vorlag."
S,Statement of cash flows = cash flow statement,Kapitalflussrechnung,"Eine Rechnung, die die Zu- und Abflüsse von Zahlungsmitteln eines Zeitraums darstellt.",Die Kapitalflussrechnung weist die laufende Geschäftstätigkeit (Betätigungsaktivitäten) aus.
S,Statement of changes in equity,Eigenkapitalveränderungsrechnung,"Eine Rechnung, die die Bewegungen im Eigenkapital während der Periode zeigt.",Die Eigenkapitalveränderungsrechnung gleicht Anfangs- und Endbestände miteinander ab.
S,Statement of compliance with IFRSs,Erklärung zur Übereinstimmung mit den IFRS,"Eine Erklärung, dass der Abschluss den IFRS entspricht.",Die Erklärung zur Übereinstimmung mit den IFRS muss ausdrücklich und vorbehaltlos erfolgen.
S,Statement of comprehensive income,Gesamtergebnisrechnung,"Eine Rechnung, die das Ergebnis der Gewinn- und Verlustrechnung und das sonstige Gesamtergebnis ausweist.",Die Gesamtergebnisrechnung umfasst die Neubewertungsgewinne (Aufwertungsgewinne).
S,Statement of financial position,Bilanz (Statement of Financial Position),"Ein Abschlussbestandteil, der die Vermögenswerte, Schulden und das Eigenkapital eines Unternehmens zu einem bestimmten Zeitpunkt darstellt.","Die Bilanz weist Vermögenswerte, Schulden und Eigenkapital am Ende der Berichtsperiode aus."
S,Statement of income = ıncome statement,Gewinn- und Verlustrechnung (GuV),"Die Rechnung, die den Gewinn oder Verlust ausweist.",Die Gewinn- und Verlustrechnung weist Umsatzerlöse und Aufwendungen aus.
S,Step-by-step method,Schrittweises Vorgehen (Stufenmethode),"Vorgehensweise, bei der ein Geschäftsvorfall in aufeinanderfolgenden Schritten analysiert wird.",Zur Beurteilung des eingebetteten Derivats wurde die Stufenmethode (schrittweises Vorgehen) angewandt.
S,Stepped interest,Gestaffelte Verzinsung,"Zinssatz, der zu vorher festgelegten Zeitpunkten (Stufen) wechselt.","Der Kredit war mit einer gestaffelten Verzinsung ausgestattet, die jedes Jahr anstieg."
S,Stewardship of management,Rechenschaftspflicht (Stewardship) des Managements,Die Verantwortlichkeit des Managements für die ihm von den Eigentümern anvertrauten Ressourcen.,"Informationen über die Rechenschaftspflicht des Managements helfen den Nutzern zu beurteilen, wie effizient die Ressourcen eingesetzt werden."
S,Stock exchange listing,Börsenzulassung (Börsennotierung),Zulassung der Wertpapiere eines Unternehmens zum Börsenhandel.,Die Börsennotierung brachte neues Kapital ein.
S,Stop-loss (Reinsurance),Stop-Loss-Rückversicherung,"Rückversicherung, die Schäden oberhalb einer vereinbarten Grenze abdeckt.",Der Stop-Loss-Vertrag schützt vor katastrophalen Schadenfällen.
S,Straight debt,Reine (strukturfreie) Schuldverschreibung,Verschuldung ohne eingebettete Derivate oder Eigenkapitalmerkmale.,Einfache Schuldverschreibungen werden zu fortgeführten Anschaffungskosten bewertet.
S,Straight-line method,Lineare Abschreibungsmethode,Gleichmäßige Verteilung der Kosten auf die Nutzungsdauer.,Bei der linearen Methode wird jedes Jahr die gleiche Abschreibung erfasst.
S,Stress test,Stresstest,"Eine Analyse, die beurteilt, wie sich die finanzielle Lage eines Unternehmens unter ungünstigen Szenarien entwickeln würde.","Die Bank führte einen Stresstest durch, um ihre Kapitaladäquanz unter ungünstigen wirtschaftlichen Bedingungen zu beurteilen."
S,Subsequent gain,Späterer (nachträglicher) Gewinn,"Ein Gewinn, der nach der Ersterfassung entsteht.",Ein späterer Gewinn wurde in der Gewinn- und Verlustrechnung erfasst.
S,Subsidiary,Tochterunternehmen,"Ein Unternehmen, das von einem anderen Unternehmen, dem Mutterunternehmen, beherrscht wird.",Das Mutterunternehmen konsolidiert alle seine Tochterunternehmen.
S,Subsidies,Subventionen (staatliche Beihilfen),"Staatliche Unterstützung, die einem Unternehmen gewährt wird.",Staatliche Subventionen wurden über den Zeitraum als Ertrag erfasst.
S,Substance over form,Priorität des wirtschaftlichen Gehalts vor der rechtlichen Form,"Der Grundsatz, dass Geschäftsvorfälle nach ihrem wirtschaftlichen Gehalt und nicht nur nach ihrer rechtlichen Form abgebildet werden.",Unter Anwendung des Grundsatzes der Priorität des wirtschaftlichen Gehalts vor der rechtlichen Form wurde der Geschäftsvorfall als Finanzierungsarrangement behandelt.
S,Substantively enacted,Im Wesentlichen verabschiedet (substantively enacted),"Ein Gesetz, das dem Inhalt nach beschlossen ist, jedoch noch nicht formell in Kraft getreten ist.",Die latenten Steuern wurden unter Verwendung im Wesentlichen verabschiedeter Steuersätze bemessen.
S,Superannuation scheme,Altersversorgungsplan (Superannuation),"Ein Altersversorgungsplan, der seinen Mitgliedern Renten gewährt.",Die Arbeitnehmer leisten monatliche Beiträge zum Altersversorgungsplan.
S,Superseded versions,Ersetzte (überholte) Fassungen,"Frühere Fassungen eines Standards, die durch eine neue ersetzt wurden.",Ersetzte Fassungen des Standards sind nicht mehr anzuwenden.
S,Supervisory non-management directors,Überwachende nicht geschäftsführende Direktoren (Non-Executive-Directors),"Vorstands- bzw. Verwaltungsratsmitglieder, die nicht dem Management angehören.","Die nicht geschäftsführenden, überwachenden Direktoren überwachen das Management."
S,Supplier,Lieferant,"Eine Partei, die einem Unternehmen im gewöhnlichen Geschäftsverlauf Waren oder Dienstleistungen bereitstellt.","Das Unternehmen verhandelte die Zahlungsbedingungen mit seinem Hauptlieferanten neu, um das Working Capital zu verbessern."
S,Supply agreement,Liefervereinbarung (Bezugsvertrag),Eine Vereinbarung über die Lieferung von Waren oder Dienstleistungen.,Die Liefervereinbarung legt die Preise für fünf Jahre fest.
S,Surety bonds,Bürgschaftsurkunden (Kautionsbürgschaften),"Urkunden, die die Erfüllung der Verpflichtung einer anderen Partei garantieren.",Zur Absicherung des Bauvertrags wurden Bürgschaftsurkunden ausgestellt.
S,Surplus in the plan,Planüberschuss (Überdeckung des Plans),Der Überschuss der Planvermögenswerte über die Leistungsverpflichtungen.,Ein Planüberschuss wurde als Vermögenswert angesetzt.
S,Surrender option,Rückkaufsoption (Kündigungsrecht des Versicherungsnehmers),"Das Recht des Versicherungsnehmers, einen Versicherungsvertrag zu kündigen und einen Rückkaufswert zu erhalten.",Bei der Bewertung der Versicherungsverbindlichkeit wurde die Rückkaufsoption berücksichtigt.
S,Surrender risk,Storno- (Rückkauf-)Risiko,"Das Risiko, dass ein Versicherungsnehmer den Vertrag vorzeitig kündigt.",Versicherer schätzen das Storno- (Rückkauf-)Risiko bei der Bewertung der Verbindlichkeiten.
S,Surrender values,Rückkaufswerte,"Beträge, die bei vorzeitiger Kündigung einer Versicherungspolice zu zahlen sind.",Die Rückkaufswerte sind in den ersten Vertragsjahren niedriger.
S,Surrogate measure,Ersatzmessgröße (Surrogat),"Eine Ersatzmessgröße, die verwendet wird, wenn eine direkte Messgröße nicht verfügbar ist.",Zur Schätzung des beizulegenden Zeitwerts wurde eine Ersatzmessgröße verwendet.
S,Swap contract,Swap-Vertrag,Eine Vereinbarung zum Austausch von Cashflows.,Der Zinsswap sichert den variablen Zinssatz ab.
S,Swaption,Swaption (Option auf einen Swap),"Eine Option, die dem Inhaber das Recht einräumt, zu einem späteren Zeitpunkt einen Zinsswap abzuschließen.","Das Unternehmen erwarb eine Swaption, um sich gegen einen künftigen Anstieg der Zinssätze abzusichern."
S,Symmetrical approach,Symmetrischer Ansatz,Gleichartige (symmetrische) Behandlung beider Parteien.,Der symmetrische Ansatz gewährleistet eine einheitliche Behandlung.
S,Syndication,Konsortialbildung (Syndizierung),"Gestaltung, bei der mehrere Kreditgeber gemeinsam eine Finanzierung bereitstellen.",Der Kredit wurde über ein Konsortium von fünf Banken arrangiert.
S,Synthetic instrument,Synthetisches Instrument,"Ein Instrument, das mit Derivaten die Wertentwicklung eines anderen Instruments nachbildet.",Aus zwei Derivatkontrakten wurde ein synthetisches Instrument gebildet.
T,Tainting,Regelanverstoß mit Ansteckungseffekt (Tainting),"Die Folge des Verkaufs von bis zur Endfälligkeit gehaltenen Investitionen, durch die das Unternehmen gezwungen wird, das übrige Portfolio umzugliedern.","Der Verkauf der Anleihen führte zu einem Regelanverstoß (Tainting), und die übrigen Investitionen wurden als zur Veräußerung verfügbar umklassifiziert."
T,Take-or-pay contract,Take-or-Pay-Vertrag (Abnahme- oder Zahlungsverpflichtung),"Vertrag, der eine Zahlung verlangt, selbst wenn die Waren nicht abgenommen werden.",Der Take-or-Pay-Vertrag garantierte Mindestzahlungen.
T,Tangible asset,Materieller Vermögenswert (Sachvermögen),"Ein Vermögenswert mit physischer Form, der zur Nutzung oder Veräußerung gehalten wird.",Materielle Vermögenswerte umfassen Maschinen und Gebäude.
T,Tangible fixed asset,Sachanlagevermögen (materielles Anlagevermögen),"Ein körperlicher Vermögenswert, der zur Nutzung im Geschäftsbetrieb gehalten wird.",Maschinen werden als Sachanlagen angesetzt.
T,Targeted exemptions,Gezielte (begrenzte) Ausnahmen,Begrenzte Ausnahmen von einer Anforderung.,Gezielte Ausnahmen verringern die Kosten der erstmaligen Anwendung.
T,Tax,Steuer,"Ein Zwangsbeitrag, den ein Staat auf Einkommen, Gewinne oder Transaktionen erhebt.","Die laufende Steuer wird mit dem Betrag bemessen, der voraussichtlich an die Steuerbehörden zu zahlen ist."
T,Tax base,Steuerausgangswert (Bemessungsgrundlage),"Der Betrag, der einem Vermögenswert für Steuerzwecke zugerechnet wird.",Der Steuerausgangswert weicht vom Buchwert ab.
T,Tax base of an asset or liability,Steuerausgangswert eines Vermögenswerts oder einer Verbindlichkeit,"Der Betrag, der einem Vermögenswert oder einer Verbindlichkeit für Steuerzwecke zugerechnet wird.",Der Steuerausgangswert des Vermögenswerts weicht von dessen Buchwert ab.
T,Tax benefit,Steuervorteil,Eine Verringerung der zu zahlenden Steuern oder eine Erhöhung der aktiven latenten Steuern.,Die abzugsfähige temporäre Differenz führte zu einem Steuervorteil.
T,Tax effects,Steuereffekte,"Die Ertragsteuerfolgen eines Geschäftsvorfalls oder einer Berichtigung, die im Abschluss erfasst werden.",Die Steuereffekte der Neubewertung wurden im sonstigen Gesamtergebnis erfasst.
T,Tax expense (tax income),Steueraufwand (-ertrag),Der in der Gewinn- und Verlustrechnung erfasste Gesamtbetrag der Steuern.,Der Steueraufwand stieg aufgrund höherer latenter Steuern.
T,Tax jurisdiction,Steuerrechtsgebiet (Steuerhoheit),Ein Land oder eine Region mit eigener Steuerbehörde.,Latente Steuern werden für jedes Steuerrechtsgebiet getrennt bemessen.
T,Tax liability,Steuerschuld,Eine Verpflichtung zur Zahlung von Steuern an eine Steuerbehörde.,Die laufende Steuerschuld wird innerhalb von zwölf Monaten beglichen.
T,Tax purposes,Steuerliche Zwecke,Zwecke im Zusammenhang mit der Besteuerung.,Der Steuerausgangswert des Vermögenswerts wird für steuerliche Zwecke ermittelt.
T,Tax rate,Steuersatz,"Der Prozentsatz, mit dem das steuerpflichtige Einkommen oder der steuerpflichtige Gewinn eines Unternehmens besteuert wird.","Die latenten Steuerbeträge wurden mit dem Steuersatz neu bemessen, von dem erwartet wird, dass er bei Erfüllung der Verbindlichkeit gilt."
T,Taxable profit (tax loss),Steuerpflichtiger Gewinn (steuerlicher Verlust),Für Steuerzwecke ermittelter Gewinn oder Verlust.,Der steuerpflichtige Gewinn wird nach dem Steuerrecht ermittelt.
T,Taxable temporary difference,Zu versteuernde temporäre Differenz,"Eine Differenz, die in künftigen Perioden zu steuerpflichtigen Beträgen führt.",Eine zu versteuernde temporäre Differenz führt zu einer latenten Steuerverbindlichkeit.
T,Taxation,Besteuerung,Die Erhebung von Steuern auf Einkommen oder Tätigkeiten.,Die Besteuerung umfasst den Aufwand für laufende und latente Steuern.
T,Technical feasibility and commercial viability of extracting a mineral resource,Technische Machbarkeit und kommerzielle Tragfähigkeit der Gewinnung eines mineralischen Rohstoffs,"Die Kriterien, die bestimmen, wann Vermögenswerte der Aufsuchung und Bewertung nicht mehr als solche eingestuft werden.","Sobald die technische Machbarkeit und kommerzielle Tragfähigkeit der Gewinnung eines mineralischen Rohstoffs nachgewiesen war, wurden die Vermögenswerte neu klassifiziert."
T,Temporary difference,Temporäre Differenz / zeitlicher Unterschied,Differenz zwischen dem Steuerwert und dem Buchwert eines Vermögenswerts.,Der zeitliche Unterschied führte zu einer latenten Steuerverbindlichkeit.
T,Tender offer,Öffentliches Übernahmeangebot / öffentliches Kaufangebot,"Öffentliches Angebot zum Erwerb der Anteile von Aktionären, häufig gegen eine Prämie.",Das Unternehmen unterbreitete ein öffentliches Übernahmeangebot für alle im Umlauf befindlichen Aktien.
T,Termination benefits,Abfindungsleistungen / Leistungen bei Beendigung des Arbeitsverhältnisses,"Leistungen, die bei der Beendigung des Arbeitsverhältnisses eines Arbeitnehmers gewährt werden.","Abfindungsleistungen werden angesetzt, wenn das Angebot angenommen wird."
T,Tests goodwill for impairment,Wertminderungstest des Firmenwerts (Werthaltigkeitstest),Jährliche Prüfung des Firmenwerts auf Wertminderung.,Das Unternehmen führt den Wertminderungstest des Firmenwerts jährlich durch.
T,The Effects of Changes in Foreign Exchange Rates,Auswirkungen von Wechselkursänderungen (IAS 21),"Der Standard, der die Umrechnung von Fremdwährungsgeschäften und Abschlüssen in die Berichterstattungswährung regelt.","IAS 21 (Auswirkungen von Wechselkursänderungen) schreibt vor, wie Kursdifferenzen zu erfassen sind."
T,"The Limit on a Defined Benefit Asset, Minimum Funding Requirements and Their Interaction","Die Begrenzung eines Vermögenswerts aus leistungsorientierten Plänen, Mindestfinanzierungsanforderungen und deren Wechselwirkung (IFRIC 14)",Interpretation zur Begrenzung eines Vermögenswerts aus leistungsorientierten Plänen.,Die Interpretation begrenzt den anzusetzenden Nettovermögenswert aus dem leistungsorientierten Plan.
T,Theoretical ex-rights value per share,Theoretischer Wert je Aktie nach Bezugsrechtsausübung (Ex-Rechte-Wert),Theoretischer Preis je Aktie nach einer Bezugsrechtsemission.,Das Ergebnis je Aktie für frühere Perioden wird anhand des theoretischen Werts je Aktie nach Bezugsrechtsausübung angepasst.
T,Three-category approach,Dreikategorienansatz,Klassifizierung finanzieller Vermögenswerte in drei Bewertungskategorien.,Der Dreikategorienansatz löste das ältere Vierkategorienmodell ab.
T,Time value of money,Zeitwert des Geldes,"Das Konzept, dass heute verfügbares Geld mehr wert ist als derselbe Betrag, der erst in der Zukunft eingegangen wird.",Der Abzinsungszinssatz spiegelte den Zeitwert des Geldes und die spezifischen Risiken der Verbindlichkeit wider.
T,Time-weighting factor,Zeitgewichtungsfaktor,"Anteil einer Periode, mit dem ein Betrag gewichtet wird.",Der Zeitgewichtungsfaktor spiegelte sechs Monate Nutzung wider.
T,To market individual units ‘off plan’,Off-Plan-Vermarktung einzelner Einheiten (vor oder während der Bauausführung),Verkauf von Immobilien vor oder während der Bauausführung.,"Der Bauträger begann, einzelne Einheiten bereits vor Baubeginn zu vermarkten."
T,To ‘manufacture’ gains,Künstliche Gewinne erzeugen (durch Tausch von Vermögenswerten),Erzeugen scheinbarer Gewinne durch Tauschgeschäfte mit Vermögenswerten.,Unternehmen sollten keine Scheingewinne durch Tauschgeschäfte mit nahestehenden Parteien erzeugen.
T,Top-down test,Top-down-Test (Prüfung von oben nach unten),"Ein Wertminderungstest, der auf einer höheren Ebene beginnt.",Der Top-down-Test bewertet die größere zahlungsstromerzeugende Einheit.
T,Total comprehensive income,Gesamtergebnis,Die Summe aus dem Periodenergebnis (Gewinn oder Verlust) und den Posten des sonstigen Gesamtergebnisses.,Das Gesamtergebnis des Jahres umfasst das Periodenergebnis (Gewinn oder Verlust) und das sonstige Gesamtergebnis.
T,Total return swap,Total Return Swap (Tausch von Gesamtrenditen),"Ein Swap, bei dem Gesamtrenditen ausgetauscht werden.",Der Total Return Swap überträgt die wirtschaftliche Rendite eines Vermögenswerts.
T,Trade date,Handelstag (Datum des Geschäftsabschlusses),"Datum, an dem das Unternehmen den Kauf oder Verkauf eines Vermögenswerts verbindlich vereinbart.",Der Erwerb wird am Handelstag erfasst.
T,Trade date accounting,Bilanzierung zum Handelstag (Handelstagsbilanzierung),"Erfassung von Geschäften zu dem Datum, an dem sie vereinbart werden.",Nach der Handelstagsbilanzierung wird der Vermögenswert am Handelstag angesetzt.
T,Trade receivable,Handelsforderung / Forderung aus Lieferungen und Leistungen,"Ein Betrag, den ein Kunde für auf Kredit verkaufte Waren oder Dienstleistungen schuldet.",Handelsforderungen werden zum Transaktionspreis abzüglich etwaiger Wertberichtigungen bemessen.
T,Trade secret,Geschäftsgeheimnis,"Vertrauliche Unternehmensinformationen, die einen Wettbewerbsvorteil verschaffen.",Die Formel wurde als Geschäftsgeheimnis geschützt.
T,Trading financial asset or liability held – for trading,Für Handelszwecke (zum Weiterverkauf) gehaltene finanzielle Vermögenswerte oder Verbindlichkeiten,"Finanzinstrument, das überwiegend zur Erzielung kurzfristiger Handelsgewinne gehalten wird.",Zum Handel gehaltene finanzielle Vermögenswerte werden zum beizulegenden Zeitwert bemessen.
T,Trading gains and losses,Handelsgewinne und -verluste,Gewinne und Verluste aus dem Kauf und Verkauf von Finanzinstrumenten.,Handelsgewinne und -verluste werden in der Gewinn- und Verlustrechnung erfasst.
T,Transaction,Transaktion / Geschäftsvorfall,"Ein Ereignis, das die finanzielle Lage beeinflusst.",Jede Transaktion wird im Buchhaltungssystem erfasst.
T,Transaction costs (financial instruments),Transaktionskosten (bei Finanzinstrumenten),"Zusätzliche Kosten, die unmittelbar dem Erwerb, der Emission oder der Veräußerung eines Finanzinstruments zurechenbar sind.",Die unmittelbar der Emission der finanziellen Verbindlichkeit zurechenbaren Transaktionskosten werden von deren Buchwert abgezogen.
T,Transaction price,Transaktionspreis,Der Preis einer Transaktion zwischen den Vertragsparteien.,Der Transaktionspreis wird auf die einzelnen Leistungsversprechen verteilt.
T,Transfer,Übertragung / Umgliederung / Transfer,"Bewegung eines Vermögenswerts, einer Verbindlichkeit oder eines Betrags zwischen Kategorien.",Die Übertragung der Vermögenswerte auf den Fonds wurde im Juni abgeschlossen.
T,Transfer of control,Übertragung der Kontrolle,"Die Weitergabe der Befugnis, über die Nutzung eines Vermögenswerts zu bestimmen.","Umsatzerlöse werden anerkannt, sobald die Kontrolle auf den Kunden übertragen wird."
T,Transfer of risks and rewards,Übertragung von Risiken und Chancen,"Das Kriterium zur Beurteilung, ob die Kontrolle an einem Vermögenswert von einer Partei auf eine andere übergegangen ist.","Die Ausbuchung hing davon ab, ob eine Übertragung der Risiken und Chancen stattgefunden hatte."
T,Transferee,Übernehmer / Zessionar,"Partei, die bei einer Übertragung Vermögenswerte oder Rechte erhält.",Der Übernehmer übernahm die damit verbundenen Verpflichtungen.
T,Transferor,Übertragender / Zedent,"Partei, die einen Vermögenswert an eine andere Partei überträgt.",Der Übertragende buchte die übertragenen finanziellen Vermögenswerte aus.
T,Transfers of assets from customers,Vermögensübertragungen von Kunden,"Vermögenswerte, die von Kunden für den Anschluss an ein Netz erhalten werden.",Von Kunden übertragene Vermögenswerte werden zum beizulegenden Zeitwert angesetzt.
T,Transitional liability (defined benefit plans),Übergangsverbindlichkeit (bei leistungsorientierten Plänen),"Eine zusätzliche Verbindlichkeit, die beim Übergang auf einen neuen Standard entsteht.",Die Übergangsverbindlichkeit entstand mit der Übernahme des revidierten Standards.
T,Translation difference,Umrechnungsdifferenz / Kursdifferenz,"Die Differenz, die aus der Umrechnung des Abschlusses eines Unternehmens von seiner Funktionswährung in eine andere Berichterstattungswährung entsteht.",Umrechnungsdifferenzen aus der Umrechnung der Ergebnisse der ausländischen Geschäftstätigkeit werden im sonstigen Gesamtergebnis erfasst.
T,Translation method,Umrechnungsmethode für Fremdwährungen,Die Methode zur Umrechnung von Fremdwährungsbeträgen.,Bei der Umrechnungsmethode wird für Vermögenswerte der Stichtagskurs verwendet.
T,Translation of foreign currency,Umrechnung von Fremdwährung,Umrechnung von Beträgen aus einer Währung in eine andere Währung.,Die Umrechnung von Fremdwährungssalden erfolgt unter Verwendung des Stichtagskurses.
T,Translation of the financial statements,Umrechnung des Abschlusses in eine andere Währung,Umstellung eines Abschlusses von einer Währung auf eine andere.,Für die Umrechnung des Abschlusses wurde der Stichtagskurs verwendet.
T,Translation to the presentation currency,Umrechnung in die Berichterstattungswährung,Der Prozess der Umrechnung eines Abschlusses von der Funktionswährung in die Währung der Berichterstattung.,Vermögenswerte und Schulden wurden zum Stichtagskurs in die Berichterstattungswährung umgerechnet.
T,Transparency,Transparenz,Offene und klare Offenlegung relevanter Informationen.,Die Transparenz der Angaben stärkte das Vertrauen der Investoren.
T,Treasury shares,Eigene Aktien (rückgekaufte eigene Anteile),Vom Unternehmen wieder erworbene und von ihm gehaltene eigene Anteile.,Eigene Aktien werden vom Eigenkapital abgesetzt.
T,Triggering event,Auslösendes Ereignis,"Ein Ereignis, das eine Neubewertung oder einen Ansatz auslöst.","Ein auslösendes Ereignis verpflichtete das Unternehmen, den Vermögenswert einer Wertminderungsprüfung zu unterziehen."
T,Trust activities,Treuhandtätigkeiten,"Tätigkeiten, bei denen ein Unternehmen Vermögenswerte treuhänderisch hält.",Treuhandtätigkeiten erfordern eine gesonderte Angabe.
T,Trustee,Treuhänder,"Eine Person oder ein Unternehmen, das Vermögenswerte im Interesse der Begünstigten hält und verwaltet.",Der Treuhänder ist für die Verwaltung des Pensionsfonds im Interesse der Begünstigten verantwortlich.
T,Two-class ordinary shares,Stammaktien mit zwei Klassen (unterschiedliche Dividendenrechte),Stammaktien mit unterschiedlichen Dividendenrechten.,Zweiklassen-Stammaktien wirken sich auf die Berechnung des Ergebnisses je Aktie aus.
T,Two-step approach,Zweistufiger Ansatz,"Methode, bei der zwei aufeinanderfolgende Prüfungen auf eine Fragestellung angewendet werden.",Der zweistufige Ansatz identifiziert zuerst die Verpflichtung und bemisst sie anschließend.
U,Ultimate controlling party,Letztlich beherrschende Partei,Die Partei am obersten Ende der Kontrollkette.,Die letztlich beherrschende Partei wurde im Anhang offengelegt.
U,Unallocated surplus,Nicht verteilter Überschuss,"Der Überschuss der Vermögenswerte eines leistungsorientierten Plans über dessen Verbindlichkeiten, der nicht bestimmten Leistungen zugewiesen ist.",Der nicht verteilte Überschuss im Pensionsfonds wurde den Planmitgliedern offengelegt.
U,Unamortised,Nicht abgeschrieben / noch nicht abgeschrieben,Noch nicht über die Nutzungsdauer des Vermögenswerts abgeschrieben.,Der noch nicht abgeschriebene Restbuchwert verbleibt in der Bilanz.
U,Unbundle,Aufgliedern (getrennte Erfassung einzelner Vertragskomponenten),Getrennte bilanzielle Erfassung der eigenständigen Bestandteile eines Vertrags.,Der Versicherer muss bestimmte eingebettete Derivate herausrechnen und getrennt erfassen.
U,Uncertain event,Unsicheres Ereignis,"Ein Ereignis, dessen Ausgang noch nicht bekannt ist.",Ein unsicheres Ereignis kann die Bewertung der Rückstellung beeinflussen.
U,Uncollectability,Uneinbringlichkeit (Forderungsausfallrisiko),"Die Wahrscheinlichkeit, dass Forderungen nicht eingezogen werden können.",Für die Uneinbringlichkeit von Forderungen wird eine Wertberichtigung gebildet.
U,Unconditional prohibitions,Bedingungslose Verbote,"Absolute Beschränkungen, die ohne Ausnahmen oder Bedingungen gelten.",Der Standard verbietet bedingungslos den Ansatz bestimmter selbsterstellter immaterieller Vermögenswerte.
U,Unconditional right to refuse redemption,"Bedingungsloses Recht, die Einlösung (Rückzahlung) zu verweigern","Ein Recht, die Einlösung eines Instruments zu verweigern.","Das bedingungslose Recht, die Einlösung zu verweigern, stützt die Ausweisung als Eigenkapital."
U,Underlying asset,Basiswert / zugrunde liegender Vermögenswert,"Ein Vermögenswert, dessen Preis den Wert eines Derivats bestimmt.",Der Wert der Option folgt dem Preis des Basiswerts.
U,Underlying variable,Basisvariable / zugrunde liegende Variable,"Eine Variable, die den Wert eines Derivats bestimmt.",Die Basisvariable war ein Zinsindex.
U,Understandability,Verständlichkeit,"Die qualitative Eigenschaft, wonach Informationen klar und prägnant dargestellt werden, sodass sie die Adressaten verstehen können.",Der Anhang wurde mit besonderem Fokus auf die Verständlichkeit für nicht fachkundige Adressaten verfasst.
U,Underwriting year,Zeichnungsjahr (Polizejahr),"Das Jahr, in dem ein Versicherungsvertrag gezeichnet wurde.",Schäden werden nach Zeichnungsjahren getrennt verfolgt.
U,Undistributed earnings,Nicht ausgeschüttete Gewinne (thesaurierte Gewinne),"Gewinne, die im Unternehmen einbehalten und noch nicht ausgeschüttet wurden.",Nicht ausgeschüttete Gewinne stehen für künftige Investitionen zur Verfügung.
U,Undrawn loan commitment,Nicht in Anspruch genommene Kreditzusage,"Eine Zusage über die Bereitstellung von Mitteln, die noch nicht abgerufen wurde.",Gebühren aus nicht in Anspruch genommenen Kreditzusagen werden zeitanteilig erfasst.
U,Undue cost or effort,Unangemessene Kosten oder Mühen,Als übermäßig geltender Kosten- oder Arbeitsaufwand.,"Die Angabe ist erforderlich, sofern sie nicht mit unangemessenen Kosten oder Mühen verbunden ist."
U,Unearned finance income,Nicht verdiente Finanzierungserträge,"Finanzierungserträge aus künftigen Perioden, die noch nicht verdient wurden und daher abgegrenzt werden.",Nicht verdiente Finanzierungserträge werden über die Laufzeit des Leasingvertrags auf künftige Perioden verteilt.
U,Unearned premiums,Noch nicht verdiente Prämien,"Prämien, die für künftige Deckungsperioden vereinnahmt wurden.",Noch nicht verdiente Prämien werden als Verbindlichkeit angesetzt.
U,Unguaranteed residual value,Nicht garantierter Restwert,"Der Teil des Restwerts, der nicht vom Leasingnehmer garantiert wird.",Der Leasinggeber trägt das Risiko des nicht garantierten Restwerts.
U,Uniform accounting policies,Einheitliche Rechnungslegungsmethoden,"Dieselben Rechnungslegungsmethoden, die von allen Konzernunternehmen angewendet werden.",Die Konsolidierung setzt im gesamten Konzern einheitliche Rechnungslegungsmethoden voraus.
U,Unit of account,Bilanzierungseinheit,"Die Ebene, auf der ein Vermögenswert oder eine Verbindlichkeit für Ansatz und Bewertung aggregiert oder disaggregiert wird.","Die Bilanzierungseinheit bestimmte, wie das Finanzinstrument zu bewerten war."
U,Unit of production,Leistungsabschreibung (nach Produktionsmenge),"Eine Abschreibungsmethode, die auf der erbrachten Leistung oder Nutzung basiert.",Die Maschine wird nach der Leistungsmethode (Produktionseinheiten) abgeschrieben.
U,Unit trust,Unit Trust (Investmentfonds in Treuhandform),"Ein Investmentfonds, der Mittel vieler Anleger bündelt.",Der Unit Trust investiert in ein diversifiziertes Anleiheportfolio.
U,Unit value,Anteilswert,Der Wert eines Anteils an einem Investmentfonds.,Der Anteilswert des Fonds wird täglich berechnet.
U,Unit-linking feature,Fondsgebundenes Merkmal,"Ein Merkmal, das den Wert an Fondsanteile koppelt.",Das fondsgebundene Merkmal verknüpft die Leistung mit Fondsanteilen.
U,Uniting of interests,Zusammengehen (Zusammenschluss ohne Erwerber),"Eine frühere Methode zur Bilanzierung von Unternehmenszusammenschlüssen, bei der sich Unternehmen zu gleichen Bedingungen zusammenschlossen, ohne einen Erwerber zu bestimmen.","Die Methode des Zusammengehens wurde früher angewendet, wenn sich zwei Unternehmen ähnlicher Größe zusammenschlossen."
U,Unquoted,Nicht börsennotiert / nicht kotiert,An keiner Börse notiert.,Nicht börsennotierte Finanzinstrumente werden mit Bewertungstechniken bemessen.
U,Unquoted equity instruments,Nicht börsennotierte Eigenkapitalinstrumente,"Eigenkapitalinstrumente, die nicht an einem aktiven Markt gehandelt werden.",Nicht börsennotierte Eigenkapitalinstrumente werden zum beizulegenden Zeitwert bemessen.
U,Unrecognised,Nicht angesetzt,Nicht als Vermögenswert oder Verbindlichkeit im Abschluss erfasst.,Der aktive latente Steueranspruch blieb zum Jahresende unangesetzt.
U,Unrecognised financial instruments,Nicht angesetzte Finanzinstrumente,"Finanzinstrumente, die nicht im Abschluss erfasst sind, sich aber auf künftige Zahlungsströme auswirken können.",Nicht angesetzte Finanzinstrumente wurden in den Angaben zum Risikomanagement beschrieben.
U,Unsecured commercial loans,Unbesicherte Unternehmenskredite,"Darlehen, die nicht durch Sicherheiten unterlegt sind.",Unbesicherte Unternehmenskredite weisen höhere Zinssätze auf.
U,Upstream transactions,Aufwärtsgerichtete Geschäfte (Upstream-Transaktionen),Geschäfte zwischen einem assoziierten Unternehmen und seinem Investor.,Aufwärtsgerichtete Geschäfte werden in Höhe des Beteiligungsanteils eliminiert.
U,Useful life,Nutzungsdauer,"Der Zeitraum, für den ein Vermögenswert vom Unternehmen voraussichtlich genutzt wird.",Die Nutzungsdauer der Anlage wird auf acht Jahre geschätzt.
U,User [of financial statements],Abschlussadressat (Nutzer),"Eine Person, die sich auf den Jahresabschluss verlässt.",Abschlussadressaten treffen ökonomische Entscheidungen.
U,Users,Adressaten (Nutzer),"Parteien, die den Jahresabschluss nutzen, um ökonomische Entscheidungen zu treffen, darunter Investoren, Kreditgeber und andere Gläubiger.","Der Jahresabschluss wird erstellt, um die gemeinsamen Informationsbedürfnisse einer breiten Adressatengruppe zu erfüllen."
U,Users of financial statements,Abschlussadressaten (Nutzer des Abschlusses),"Diejenigen, die sich auf den Jahresabschluss stützen.",Zu den Abschlussadressaten gehören Investoren und Kreditgeber.
V-W,Valid expectation,Begründete Erwartung,"Eine bei den Arbeitnehmern erzeugte Erwartung, dass eine Leistung gewährt wird.","Eine begründete Erwartung entsteht, wenn das Unternehmen keine realistische Alternative hat."
V-W,Valuation,Wertermittlung / Bewertung,Der Prozess der Bestimmung des Werts eines Vermögenswerts oder einer Verbindlichkeit.,Für die Bewertung der als Investition gehaltenen Immobilie wurden Marktdaten verwendet.
V-W,Valuation method,Bewertungsmethode / Wertermittlungsmethode,Die Methode zur Bestimmung des beizulegenden Zeitwerts oder Buchwerts eines Postens.,Als Bewertungsmethode für die nicht börsennotierten Aktien wurde der Marktansatz verwendet.
V-W,Valuation technique,Bewertungstechnik,Methode zur Schätzung des beizulegenden Zeitwerts eines Vermögenswerts.,Das Unternehmen wandte eine marktbasierte Bewertungstechnik an.
V-W,Value added statement,Wertschöpfungsrechnung,"Eine Rechnung, die die von einem Unternehmen geschaffene und verteilte Wertschöpfung ausweist.",Die Wertschöpfungsrechnung zeigt die Verteilung an Arbeitnehmer und den Staat.
V-W,Value in use,Nutzungswert,Barwert der von einem Vermögenswert erwarteten künftigen Zahlungsströme.,Der erzielbare Betrag ist der höhere der Werte aus beizulegendem Zeitwert abzüglich Veräußerungskosten und Nutzungswert.
V-W,Value-at-risk,Value at Risk (VaR),Ein statistisches Maß für potenzielle Verluste.,Der Value at Risk schätzt potenzielle Verluste über einen bestimmten Zeitraum.
V-W,Variable production overheads,Variable Produktionsgemeinkosten,"Indirekte Produktionskosten, die sich direkt mit dem Produktionsvolumen ändern, wie indirekte Materialkosten und Energie.",Variable Produktionsgemeinkosten werden den Vorräten auf der Grundlage der tatsächlichen Nutzung der Produktionsanlagen zugerechnet.
V-W,Venture capital organisation,Risikokapitalgesellschaft / Venture-Capital-Unternehmen,"Ein Unternehmen, das in Wagnis- bzw. Risikokapital investiert.",Eine Venture-Capital-Organisation bewertet ihre Beteiligungen zum beizulegenden Zeitwert.
V-W,Venturer,Beteiligter an einem Joint Venture,"Partei, die sich an einem Joint Venture (gemeinsamen Unternehmen) beteiligt.",Der Beteiligte erfasst seinen Anteil nach der Equity-Methode.
V-W,Vest,Unverfallbar werden (Anwartschaft erwerben),Zu einem unbedingten Anspruch des Arbeitnehmers werden.,Die Aktienoptionen werden nach drei Jahren Betriebszugehörigkeit unverfallbar.
V-W,Vested benefits,Unverfallbare Leistungen (Anrechte),"Leistungen, auf die ein Arbeitnehmer auch dann Anspruch hat, wenn das Beschäftigungsverhältnis vor dem Ruhestand endet.",Unverfallbare Leistungen sind nicht von einer Fortsetzung der Beschäftigung abhängig.
V-W,Vested employee benefits,Unverfallbare Arbeitnehmerleistungen,"Leistungen, auf die Arbeitnehmer einen unwiderruflichen Anspruch haben.",Unverfallbare Arbeitnehmerleistungen können nicht verwirkt werden.
V-W,Vesting conditions,Unverfallbarkeitsbedingungen,"Bedingungen, die bestimmen, wann ein Arbeitnehmer einen Anspruch auf Leistungen erwirbt.",Zu den Unverfallbarkeitsbedingungen gehören Dienstzeit- und Leistungsanforderungen.
V-W,Vesting period,Unverfallbarkeitszeitraum,"Der Zeitraum, über den die Unverfallbarkeitsbedingungen erfüllt werden müssen.",Der Aufwand wird über den Unverfallbarkeitszeitraum angesetzt.
V-W,Voting rights,Stimmrechte,Rechte zur Abstimmung in den Versammlungen der Anteilseigner.,Die Stimmrechte bestimmen die Kontrolle über das Unternehmen.
V-W,Warrant,Warrant / Optionsschein,"Ein Finanzinstrument, das dem Inhaber das Recht einräumt, innerhalb eines festgelegten Zeitraums Aktien zu einem bestimmten Preis zu erwerben.",Der abtrennbare Warrant berechtigte den Anleihegläubiger zum Erwerb von Stammaktien zu einem festen Preis.
V-W,Warranty,Gewährleistung / Garantie,"Ein Versprechen, Waren zu reparieren oder zu ersetzen.",Die Gewährleistungsverpflichtung wird als Rückstellung angesetzt.
V-W,Warranty obligation,Gewährleistungsverpflichtung,"Verpflichtung zur Reparatur oder zum Ersatz von Waren, die mit Gewährleistung verkauft wurden.","Eine Gewährleistungsverpflichtung wird angesetzt, wenn die Produkte verkauft werden."
V-W,Wash sale,Wash Sale (Verkauf mit unmittelbarem Wiederkauf),Verkauf und Wiederkauf desselben Wertpapiers.,Das Wash-Sale-Geschäft wurde für Steuerzwecke von den Umsatzerlösen ausgeschlossen.
V-W,Waterfall structure,Wasserfallstruktur (kaskadenförmige Verteilung),"Eine vertragliche Vereinbarung, die festlegt, in welcher Reihenfolge Zahlungsströme an verschiedene Anlegerklassen verteilt werden.",Nach der Wasserfallstruktur werden vorrangige Anleihegläubiger vor den Eigenkapitalinvestoren bedient.
V-W,Wear and tear,Verschleiß und Abnutzung,"Physische Abnutzung, die den Wert eines Vermögenswerts mindert.",Die Abschreibung spiegelt Verschleiß und Abnutzung der Betriebs- und Geschäftsausrüstung wider.
V-W,Weather derivatives,Wetterderivate (klimabasierte Derivate),"Derivate, deren Wert von den Wetterbedingungen abhängt.",Der Energieversorger sichert sein Erlösrisiko mit Wetterderivaten ab.
V-W,Weighted average,Gewichteter Durchschnitt,"Ein Durchschnitt, bei dem den einzelnen Größen unterschiedliche Gewichte beigemessen werden.",Für die Bewertung werden die gewichteten durchschnittlichen Kosten der Vorräte verwendet.
V-W,Weighted average cost formula,Gewichtete Durchschnittskostenmethode,Vorratsbewertung zu gewichteten Durchschnittskosten.,Die gewichtete Durchschnittskostenmethode wird auf die Vorräte angewendet.
V-W,Weighted average number of ordinary shares outstanding during the period,Gewichtete durchschnittliche Zahl der während der Periode im Umlauf befindlichen Stammaktien,"Die durchschnittliche Zahl der während einer Periode umlaufenden Stammaktien, gewichtet nach der Zeit, in der die jeweiligen Aktien im Umlauf waren.",Das unverwässerte Ergebnis je Aktie wird unter Verwendung der gewichteten durchschnittlichen Zahl der während der Periode umlaufenden Stammaktien berechnet.
V-W,Whole of life infrastructure,"Infrastruktur, die über die gesamte Lebensdauer genutzt wird","Infrastruktur, die über ihre gesamte Nutzungsdauer hinweg verwendet wird.",Infrastrukturvermögen über die gesamte Lebensdauer werden über ihre Nutzungsdauer bemessen.
V-W,Wholly-owned subsidiary,Tochterunternehmen im vollständigen Besitz (100-prozentige Tochter),"Tochterunternehmen, an dem die Muttergesellschaft alle Anteile hält.",Das Tochterunternehmen im vollständigen Besitz weist keine Anteile anderer Gesellschafter auf.
V-W,Willing parties,Vertragswillige Parteien,"Käufer und Verkäufer, die beide bereit sind, ein Geschäft abzuschließen.",Der beizulegende Zeitwert setzt ein Geschäft zwischen vertragswilligen Parteien voraus.
V-W,Wind-up,Abwicklung (Beendigung),Der Prozess der Beendigung eines Unternehmens oder Plans und der Begleichung seiner verbleibenden Verpflichtungen.,Bei der Abwicklung des Plans wurden die verbleibenden Vermögenswerte an die Mitglieder verteilt.
V-W,Work in progress,Unfertige Erzeugnisse (Halbfabrikate),Noch nicht fertiggestellte Erzeugnisse im Produktionsprozess.,Unfertige Erzeugnisse werden zu Herstellungskosten bewertet.
V-W,Working capital,Nettoumlaufvermögen / Working Capital,Umlaufvermögen abzüglich der kurzfristigen Verbindlichkeiten eines Unternehmens.,Das Nettoumlaufvermögen sank infolge höherer Vorratsbestände.
V-W,Worst-case scenario,Worst-Case-Szenario (ungünstigstes Szenario),"Das ungünstigste Ergebnis, das in einer Analyse berücksichtigt wird.",Die Sensitivitätsanalyse berücksichtigte das Worst-Case-Szenario.
V-W,Write off,Ausbuchen / abschreiben (als uneinbringlich),Ausbuchung des Werts eines Vermögenswerts als endgültig uneinbringlich.,Die uneinbringliche Forderung wurde abgeschrieben.
V-W,Write-down,Wertberichtigung / Abschreibung (Herabsetzung des Buchwerts),"Eine Minderung des Buchwerts eines Vermögenswerts, um einen Rückgang seines Werts oder erzielbaren Betrags abzubilden.","Die Abwertung der Vorräte wurde in dem Zeitraum, in dem der Wertverlust eintrat, als Aufwand erfasst."
V-W,Written option,Geschriebene (verkaufte) Option,"Eine Option, die von ihrem Stillhalter verkauft wurde.",Eine geschriebene Option begründet eine Verpflichtung für den Stillhalter.
Y-Z,Year-to-date,Seit Jahresbeginn (YTD),Zeitraum vom Jahresbeginn bis zum aktuellen Stichtag.,Die Umsatzerlöse seit Jahresbeginn stiegen um acht Prozent.
Y-Z,Zero-cost interest rate collar,Zero-Cost-Zins-Collar (Zinscollar ohne Nettoprämie),"Ein Zinscollar, der ohne Nettoprämie strukturiert wird.","Das Unternehmen schloss einen Zero-Cost-Zins-Collar ab, um seine Risikoposition nach oben zu begrenzen."
Y-Z,Zero-coupon government issues,Zero-Coupon-Staatsanleihen (Nullkuponanleihen),"Staatliche Wertpapiere, die mit einem Abschlag begeben werden, keine periodischen Zinsen zahlen und bei Fälligkeit zum Nennwert zurückgezahlt werden.","Das Portfolio enthielt Nullkupon-Staatsanleihen, die zu fortgeführten Anschaffungskosten bewertet wurden."
