Bolum,Ingilizce_Terim,Turkce_Anlami,Ingilizce_Tanim,Ornek_Ingilizce,Ornek_Turkce
A,[Amount] recoverable,Geri kazanılabilir (tutar),The higher of fair value less costs to sell and value in use.,The asset's carrying amount exceeded its recoverable amount.,Varlığın defter değeri geri kazanılabilir tutarını aştı.
A,A mounts recognised (in the balance sheet and income statement),Kayda alınan/Muhasebeleştirilen tutarlar (Bilanço ve gelir tablosunda),Amounts recorded in the financial statements.,The amounts recognised in the balance sheet include the deferred tax asset.,Bilançoda kayda alınan tutarlar ertelenmiş vergi varlığını içerir.
A,Accelerated depreciation allowances,Hızlandırılmış amortisman uygulaması,Tax rules allowing faster write-down of assets.,Accelerated depreciation allowances reduce taxable profit in early years.,"Hızlandırılmış amortisman uygulaması, ilk yıllarda vergilendirilebilir kârı azaltır."
A,Acceptable under IFRSs,IFRS’e göre kabul edilebilir,Describes an accounting treatment or presentation that complies with the requirements of International Financial Reporting Standards.,The proposed revenue recognition policy is acceptable under IFRSs and does not require any modification.,Önerilen hasılat kaydetme politikası IFRS’e göre kabul edilebilirdir ve herhangi bir değişiklik gerektirmez.
A,Accountability of management,Yönetimin hesap verebilirliği,Management's duty to account for its stewardship.,Accountability of management requires transparent reporting to owners.,"Yönetimin hesap verebilirliği, sahiplere şeffaf raporlama yapılmasını gerektirir."
A,Accounting,Muhasebe,"The process of recording, classifying and summarising financial transactions.",Accounting provides the figures used in the annual report.,"Muhasebe, yıllık raporda kullanılan rakamları sağlar."
A,Accounting acquiree,Muhasebe açısından edinilen,The entity whose accounting is treated as the acquiree in a reverse acquisition.,"In a reverse acquisition, the legal parent is the accounting acquiree.","Ters bir satın almada, yasal ana ortaklık muhasebe açısından edinilen taraf olur."
A,Accounting and Reporting by Retirement Benefit Plans,Emeklilik Fayda Planlarında Muhasebeleştirme ve Raporlama,The standard that prescribes how retirement benefit plans report their obligations and plan assets to participants.,The plan's financial statements were prepared under the standard on Accounting and Reporting by Retirement Benefit Plans.,"Planın finansal tabloları, Emeklilik Fayda Planlarında Muhasebeleştirme ve Raporlama standardına göre hazırlanmıştır."
A,Accounting arbitrage,Muhasebe arbitrajı,Exploiting differences between accounting rules to gain value.,The group used accounting arbitrage across two jurisdictions.,Grup iki yargı alanı arasında muhasebe arbitrajından yararlandı.
A,Accounting estimate,Muhasebe tahmini,An approximation of a monetary amount when no precise measurement is possible.,The useful life of the machine is an accounting estimate.,Makinenin faydalı ömrü bir muhasebe tahminidir.
A,Accounting for Government Grants and Disclosure of Government Assistance,Devlet Teşviklerinin Muhasebeleştirilmesi ve Devlet Yardımlarının Açıklanması,Standard on accounting for government grants and related disclosures.,Government grants are recognised only when there is reasonable assurance of compliance.,"Devlet teşvikleri, koşullara uyum konusunda makul güvence olduğunda muhasebeleştirilir."
A,Accounting for inventories,Stokların muhasebeleştirilmesi,Measuring and reporting inventory at the lower of cost and net realisable value.,Accounting for inventories requires measuring them at the lower of cost and net realisable value.,"Stokların muhasebeleştirilmesi, stokların maliyet ile net gerçekleşebilir değerin düşük olanıyla ölçülmesini gerektirir."
A,Accounting for Investments in Associates,İştiraklerdeki Yatırımların Muhasebeleştirilmesi,"The standard governing how an investor accounts for its significant influence investments in associates, normally using the equity method.","Under the equity method of accounting for investments in associates, the investor recognises its share of the associate's profit.","İştiraklerdeki yatırımların muhasebeleştirilmesinde özkaynak yöntemi uyarınca yatırımcı, iştirakin kârından kendi payını muhasebeleştirir."
A,Accounting for revenue and associated expenses,Hasılatın ve ilgili giderlerin muhasebeleştirilmesi,Recognising revenue together with related expenses.,Accounting for revenue and associated expenses follows the accrual basis.,"Hasılatın ve ilgili giderlerin muhasebeleştirilmesi, tahakkuk esasına göre yapılır."
A,Accounting income,Muhasebe kârı (geliri),Profit measured under accounting rules rather than tax rules.,Accounting income may differ from taxable income.,"Muhasebe kârı, vergiye tabi gelirden farklı olabilir."
A,Accounting mismatch,Yanlış muhasebe eşleşmesi,An inconsistency arising when related assets and liabilities are measured on different bases.,Measuring one item at fair value may create an accounting mismatch.,Bir kalemi gerçeğe uygun değerle ölçmek yanlış muhasebe eşleşmesi yaratabilir.
A,Accounting model,Muhasebe modeli,The framework of measurement and recognition bases an entity applies when preparing its financial statements.,The entity changed its accounting model for investment property from cost to fair value.,"İşletme, yatırım amaçlı gayrimenkuller için muhasebe modelini maliyetten gerçeğe uygun değere değiştirdi."
A,Accounting period,Hesap dönemi,"Period covered by financial statements, usually one year.",The accounting period ends on 31 December each year.,Hesap dönemi her yıl 31 Aralık'ta sona erer.
A,Accounting policies,Muhasebe politikaları,The specific principles and bases an entity applies in preparing financial statements.,The entity disclosed its accounting policies for inventories.,"İşletme, stoklara ilişkin muhasebe politikalarını açıkladı."
A,Accrual accounting assumption,Tahakkuk esası,"Transactions are recorded when they occur, not when cash moves.","Under the accrual basis, revenue is recognised when earned.",Tahakkuk esasına göre hasılat kazanıldığında muhasebeleştirilir.
A,Accumulated depreciation,Birikmiş amortisman,Total depreciation charged against an asset to date.,Accumulated depreciation is deducted from the asset's cost.,"Birikmiş amortisman, varlığın maliyetinden düşülür."
A,Accumulated profit or loss,Geçmiş yıllar kâr veya zararları,The cumulative net earnings of an entity that have not been distributed as dividends or transferred to another reserve.,The board decided to retain the accumulated profit or loss to fund future capital expenditure.,"Yönetim kurulu, gelecekteki sermaye harcamalarını finanse etmek için geçmiş yıllar kâr veya zararlarını dağıtmayıp bünyede bırakmaya karar verdi."
A,Accumulating compensated absences,Birikmiş ücretli izinler,Paid absences that accumulate for future use.,Accumulating compensated absences are recognised as employees earn them.,"Birikmiş ücretli izinler, çalışanlar hak ettikçe muhasebeleştirilir."
A,Achieve comparability,Karşılaştırılabilirliğin sağlanması,Making financial statements comparable across entities and periods.,Uniform policies help achieve comparability between companies.,"Tek tip politikalar, şirketler arasında karşılaştırılabilirliğin sağlanmasına yardımcı olur."
A,Acquired entity,Edinilen işletme,The business or entity whose control is obtained by the acquirer.,The acquirer recognises the assets of the acquired entity at fair value.,"Edinen taraf, edinilen işletmenin varlıklarını gerçeğe uygun değerle muhasebeleştirir."
A,Acquired goodwill,Edinilen şerefiye,The excess of the consideration transferred over the fair value of identifiable net assets acquired in a business combination.,Acquired goodwill of 4 million was recognised and tested annually for impairment.,4 milyon tutarındaki edinilen şerefiye muhasebeleştirilmiş ve yıllık olarak değer düşüklüğü testine tabi tutulmuştur.
A,Acquired in a business combination,Bir işletme birleşmesinde edinilen,Asset or liability obtained through a business combination.,The patent was acquired in a business combination last year.,Patent geçen yıl bir işletme birleşmesinde edinildi.
A,Acquiree,Edinilen işletme,The business or entity that the acquirer obtains control over.,The acquiree's assets were measured at fair value.,Edinilen işletmenin varlıkları gerçeğe uygun değerle ölçüldü.
A,Acquirer,Edinen işletme,The entity that obtains control of another entity.,The acquirer recognises the identifiable net assets at fair value.,"Edinen işletme, tanımlanabilir net varlıkları gerçeğe uygun değeriyle muhasebeleştirir."
A,Acquisition,"Edinme yoluyla birleşme, edinme, elde etme, iktisap etme",A business combination where one entity obtains control of another.,The acquisition was accounted for using the acquisition method.,"Edinme, satın alma yöntemi kullanılarak muhasebeleştirildi."
A,Acquisition date,Birleşme tarihi,The date on which the acquirer effectively obtains control of the acquiree in a business combination.,Consideration transferred is measured at fair value at the acquisition date.,"Devredilen bedel, birleşme tarihindeki gerçeğe uygun değeri üzerinden ölçülür."
A,Acquisition method,Satın alma yöntemi,The method used to account for business combinations.,"Under the acquisition method, identifiable assets are measured at fair value.","Satın alma yönteminde tanımlanabilir varlıklar, gerçeğe uygun değeriyle ölçülür."
A,Active market,Aktif piyasa,A market where transactions occur frequently enough to provide pricing.,The shares are traded on an active market.,Hisseler aktif bir piyasada işlem görmektedir.
A,Active use,Aktif kullanım,Use of an asset in the production or supply of goods and services.,The equipment is in active use in the manufacturing process.,"Ekipman, üretim sürecinde aktif kullanımdadır."
A,Actively marketed,Aktif olarak satılan/pazarlanan,Describes an asset that is being actively offered for sale in its present condition at a reasonable price.,The building was actively marketed during the entire reporting period.,"Bina, tüm raporlama dönemi boyunca aktif olarak pazarlanmıştır."
A,Actuarial assumptions,Aktüeryal varsayımlar,Demographic and financial estimates used to measure benefit obligations.,Actuarial assumptions include discount rates and mortality rates.,Aktüeryal varsayımlar iskonto oranlarını ve ölüm oranlarını içerir.
A,Actuarial gains and losses,Aktüeryal kazanç ve kayıplar,Changes in the present value of a defined benefit obligation from experience adjustments.,Actuarial gains and losses arise from changes in actuarial assumptions.,"Aktüeryal kazanç ve kayıplar, aktüeryal varsayımlardaki değişikliklerden kaynaklanır."
A,Actuarial present value of promised retirement benefits,Taahhüt edilen emeklilik gelirlerinin aküeryal bugünkü değeri,Present value of promised pension benefits using actuarial assumptions.,The actuarial present value of promised retirement benefits is disclosed annually.,Taahhüt edilen emeklilik gelirlerinin aküeryal bugünkü değeri yıllık olarak açıklanır.
A,Actuarial valuation,Aktüeryal değerleme,Valuation of benefit obligations using actuarial assumptions.,An actuarial valuation is performed annually for the pension plan.,Emeklilik planı için yılda bir aktüeryal değerleme yapılır.
A,Actuarial valuation method,Aktüeryal değerleme yöntemi,A projected technique used to measure defined benefit obligations by estimating future payments and discounting them to present value.,The entity used the projected unit credit actuarial valuation method to measure its pension obligation.,"İşletme, emeklilik yükümlülüğünü ölçmek için projeksiyona dayalı birim kredi aktüeryal değerleme yöntemini kullandı."
A,Additional comparative information,Karşılaştırmalı ek bilgi,Extra prior-period information beyond the minimum.,Additional comparative information was presented voluntarily.,Karşılaştırmalı ek bilgi gönüllü olarak sunuldu.
A,Additional consideration,Ek teminat (tazminat),Extra payment transferred beyond the initial consideration in a transaction.,The acquirer paid additional consideration for the earn-out.,"Edinen taraf, ek kazanç için ek teminat ödedi."
A,Additional disclosure,Ek açıklama,Supplementary information provided beyond the minimum required disclosures.,The entity provided additional disclosure about its related-party transactions.,"İşletme, ilişkili taraf işlemleri hakkında ek açıklama sağladı."
A,Additional Exemptions for First-Time Adopters,İlk Uygulayıcılara İlişkin Ek Muafiyetler,Optional reliefs that ease the transition to IFRS for entities applying the standards for the first time.,The company used the Additional Exemptions for First-Time Adopters when measuring its pension obligation at transition.,"Şirket, geçiş tarihinde emeklilik yükümlülüğünü ölçerken İlk Uygulayıcılara İlişkin Ek Muafiyetlerden yararlanmıştır."
A,Adjust for consolidation procedures,Konsolidasyon düzeltmesi,Correcting figures to remove intragroup effects before consolidation.,We must adjust for consolidation procedures before reporting.,Raporlamadan önce konsolidasyon düzeltmesi yapmalıyız.
A,Adjusted fair value,Düzeltilmiş gerçeğe uygun değer,"Fair value modified to reflect specific rights, restrictions or conditions.",The adjusted fair value reflected the transfer restrictions.,"Düzeltilmiş gerçeğe uygun değer, devir kısıtlamalarını yansıttı."
A,Adjusted weighted-average shares,Düzeltilmiş ağırlıklı ortalama hisse sayısı,Weighted-average shares adjusted for dilutive potential shares.,Diluted EPS uses the adjusted weighted-average number of shares.,"Seyreltilmiş HBK, düzeltilmiş ağırlıklı ortalama hisse sayısını kullanır."
A,Adjusting event (after the balance sheet date),Bilanço tarihinden sonra ortaya çıkan ve düzeltme gerektiren olaylar,An event after the reporting date that requires adjustment.,The settlement of a court case was an adjusting event.,"Bir dava dosyasının sonuçlanması, düzeltme gerektiren bir olaydı."
A,Adjusting event after the reporting period,Raporlama döneminden sonra oluşan düzeltme gerektiren olaylar,An event occurring after the reporting date that provides evidence of conditions that existed at the end of the reporting period and requires adjustment.,A customer's bankruptcy after the year-end was an adjusting event after the reporting period because it confirmed an existing receivable impairment.,"Yıl sonundan sonra bir müşterinin iflası, mevcut alacak değer düşüklüğünü doğruladığı için raporlama döneminden sonra oluşan düzeltme gerektiren bir olaydı."
A,Adjustment,Düzeltme,A change to a previously recorded amount.,The adjustment corrected the prior year's figures.,"Düzeltme, önceki yılın tutarlarını düzeltti."
A,Administrative expenses,Yönetim ve genel işletme giderleri,Costs of running the entity not tied to production or selling.,Administrative expenses include office salaries and rent.,"Yönetim giderleri, ofis maaşlarını ve kira giderini içerir."
A,Admission fees,Giriş aidatları,Amounts charged for initial admission to a membership or service arrangement.,Admission fees are recognised as revenue when the service is provided.,"Giriş aidatları, hizmet sağlandığında gelir olarak muhasebeleştirilir."
A,Advance,Avans,"A payment made by a customer before goods or services are delivered, creating an obligation on the seller.","The customer paid a 10,000 advance before delivery of the equipment.","Müşteri, ekipmanın tesliminden önce 10.000 avans ödemiştir."
A,Adverse economic consequences,Olumsuz ekonomik sonuçlar,Negative financial effects arising from an event or decision.,The ruling had adverse economic consequences for the entity.,"Karar, işletme için olumsuz ekonomik sonuçlar doğurdu."
A,Adverse event,Olumsuz olay,An unfavourable occurrence that may give rise to a loss or liability.,The insurer paid claims following the adverse event.,"Sigortacı, olumsuz olayın ardından hasar ödemeleri yaptı."
A,After-tax amount,Vergi sonrası tutar,An amount net of income tax.,The gain is reported as an after-tax amount.,"Kazanç, vergi sonrası tutar olarak raporlanır."
A,Agency,Acente,A relationship where one party acts on behalf of another.,The agency arrangement gives the agent authority to bind the principal.,"Acentelik ilişkisi, acenteye asıl adına bağlayıcı işlem yapma yetkisi verir."
A,Aggregate,Toplam,A total amount obtained by adding together individual components or items.,The note presents the aggregate of all related party transactions for the period.,"Dipnot, döneme ilişkin tüm ilişkili taraf işlemlerinin toplamını sunmaktadır."
A,Aggregation,Toplama,Combining items into classes.,Aggregation of similar items aids understanding.,"Benzer kalemlerin toplanması, anlaşılmayı kolaylaştırır."
A,Aggregation criteria,Birleştirme kriteri,Rules for grouping items that share similar characteristics for reporting.,The aggregation criteria determine how items are presented together.,"Birleştirme kriteri, kalemlerin birlikte nasıl sunulacağını belirler."
A,Agreement date,Anlaşma tarihi,The date on which the parties reach a binding agreement.,The fair values were measured as of the agreement date.,Gerçeğe uygun değerler anlaşma tarihi itibarıyla ölçülmüştür.
A,Agreements for the construction of real estate,Gayrimenkul inşaat anlaşmaları,Contracts to build real estate where revenue recognition depends on whether the agreement is treated as a sale of goods or a construction service.,"Under agreements for the construction of real estate, revenue may need to be recognised over time.",Gayrimenkul inşaat anlaşmaları kapsamında hasılatın zaman içinde muhasebeleştirilmesi gerekebilir.
A,Agreements in progress,Devam eden anlaşmalar,Contracts still being negotiated or not yet completed.,Revenue from agreements in progress is recognised over time.,"Devam eden anlaşmalardan elde edilen gelir, zaman içinde muhasebeleştirilir."
A,Agricultural activity,Tarımsal faaliyet,Managing the biological transformation of living animals or plants for sale.,The farm's agricultural activity includes raising livestock.,Çiftliğin tarımsal faaliyeti hayvan yetiştiriciliğini içerir.
A,Agricultural produce,Tarımsal ürün,The harvested product of a biological asset.,Agricultural produce is measured at fair value less costs to sell at harvest.,"Tarımsal ürün, hasat anında gerçeğe uygun değerden satış maliyetleri düşülerek ölçülür."
A,Agriculture,Tarım,The standard covering biological assets and agricultural produce.,Agriculture addresses the accounting for biological assets.,"Tarım standardı, canlı varlıkların muhasebeleştirilmesini ele alır."
A,Allocation,Dağıtım,"The process of assigning a cost, revenue or amount to different periods, assets or activities.",The allocation of the purchase price to the identifiable assets acquired was completed within the measurement period.,"Satın alma bedelinin edinilen tanımlanabilir varlıklara dağıtımı, ölçüm dönemi içinde tamamlandı."
A,Allocation method,Dağıtım metodu,The method used to allocate an amount.,The allocation method spreads cost over reporting periods.,"Dağıtım metodu, maliyeti raporlama dönemlerine yayar."
A,Allowance,"Ödenek, karşılık",A contra account reducing the carrying amount of an asset.,The company recorded an allowance for doubtful debts.,"Şirket, şüpheli alacaklar için karşılık ayırdı."
A,Allowance account,Karşılık hesabı,A contra account recording estimated reductions in the value of a receivable.,The allowance account is deducted from gross receivables.,"Karşılık hesabı, brüt alacaklardan indirilir."
A,Allowed alternative treatment,İzin verilen alternatif yöntem,An alternative accounting treatment that older standards permitted alongside the benchmark treatment.,"The company applied the allowed alternative treatment and revalued its property, plant and equipment.","Şirket, izin verilen alternatif yöntemi uygulayarak maddi duran varlıklarını yeniden değerlemiştir."
A,American share option,Amerikan hisse senedine dayalı opsiyon,Option that may be exercised at any time before expiry.,The American share option can be exercised any time.,Amerikan hisse senedine dayalı opsiyon her zaman kullanılabilir.
A,Amortisation,İtfa,Systematic allocation of the cost of an intangible asset over its useful life.,Amortisation of the patent is charged monthly.,Patentin itfası aylık olarak gider yazılır.
A,Amortisation method,İtfa yöntemi,The method used to allocate a depreciable amount over useful life.,The straight-line amortisation method is applied to the intangible asset.,Maddi olmayan duran varlığa doğrusal itfa yöntemi uygulanır.
A,Amortisation period,İtfa dönemi,The period over which an intangible asset is amortised.,The amortisation period reflects the asset's expected useful life.,"İtfa dönemi, varlığın beklenen faydalı ömrünü yansıtır."
A,Amortised cost,İtfa edilmiş maliyet,"The amount at which a financial asset or liability is measured after adjusting for principal repayments, accumulated amortisation and impairment.",The bond is measured at amortised cost using the effective interest method.,"Tahvil, etkin faiz yöntemi kullanılarak itfa edilmiş maliyeti üzerinden ölçülür."
A,Amortised cost of a financial asset or financial liability,Finansal varlık veya borcun itfa edilmiş maliyet değeri,The amount measured using the effective interest method.,The loan is carried at amortised cost.,"Kredi, itfa edilmiş maliyeti üzerinden taşınır."
A,Amortising interest rate swap,İtfa edilen vadeli faiz oranı swapı,A swap whose notional amount declines over its life.,The amortising interest rate swap hedged the loan repayments.,"İtfa edilen faiz oranı swapı, kredi geri ödemelerini koruma altına aldı."
A,Amount of inventories,Stok tutarı,The carrying amount of inventory recognised in the financial statements.,The amount of inventories carried at net realisable value was disclosed.,Net gerçekleşebilir değerle taşınan stok tutarı açıklanmıştır.
A,Amount payable,Ödenecek tutar,"The monetary sum that an entity is obliged to pay, typically under a contract or liability.",The amount payable to suppliers at year end was disclosed in the notes.,Yıl sonunda tedarikçilere ödenecek tutar dipnotlarda açıklanmıştır.
A,Amount per share,Hisse başına tutar,Monetary value attributable to a single share.,The dividend amount per share was two liras.,Hisse başına temettü tutarı iki liraydı.
A,Amounts recognised [in the statement of financial position or in the statement of comprehensive income],(Finansal durum tablosunda ya da kapsamlı gelir tablosunda) muhasebeleştirilmiş tutar,Monetary amounts recorded in the financial statements under applicable standards.,The note shows amounts recognised in the statement of financial position.,"Dipnot, finansal durum tablosunda muhasebeleştirilmiş tutarları gösterir."
A,Analysis,Analiz etme,Detailed examination of information to support decisions.,Management performed a sensitivity analysis of the cash flows.,"Yönetim, nakit akışlarının duyarlılık analizini yaptı."
A,Annual leave,Yıllık izin,Paid leave accruing to employees.,Annual leave is a short-term employee benefit.,"Yıllık izin, kısa vadeli bir çalışan faydasıdır."
A,Annual periods,Yıllık dönemler,Reporting periods of one year for which an entity presents its financial statements.,The entity presents financial statements for annual periods ending on 31 December.,"İşletme, 31 Aralık'ta sona eren yıllık dönemlere ilişkin finansal tablolar sunar."
A,Annuitant,Yıllık sigortalı,A person receiving an annuity.,The annuitant receives annual payments for life.,"Yıllık sigortalı, yaşam boyu yıllık ödeme alır."
A,Annuitisation,Sigorta poliçesinin sağlayacağı düzenli yıllık gelir tutarı,Converting a lump sum into a stream of regular payments.,Annuitisation turns the pension pot into monthly income.,"Annuitisation, emeklilik birikimini aylık gelire dönüştürür."
A,Annuity,"Yıllık taksit, annuite",A series of equal payments made at regular intervals over a period.,The retiree receives a monthly annuity from the pension plan.,"Emekli, emeklilik planından aylık annuite almaktadır."
A,Antidilution,Hisse senetleri sayısında artış olsa bile hisse başına kârın artışı ya da hisse başına zararın azalışı,The effect whereby converting potential ordinary shares would increase earnings per share or reduce loss per share.,Those options were antidilutive and therefore excluded from diluted earnings per share.,Bu opsiyonlar seyreltici etkiye sahip olmadıklarından seyreltilmiş hisse başına kâr hesabına dahil edilmemiştir.
A,Antidilutive,Hisse başına kâr artışı ya da hisse başına zarar azalışı etkisine sebep olan,Increasing earnings per share or reducing loss per share.,Those potential shares are antidilutive and were excluded.,Bu potansiyel paylar sulandırıcı etkisi olmayan nitelikteydi ve hariç tutuldu.
A,Appendix,Ek,A supplementary section attached to a standard or document.,The illustrative examples are presented in the appendix.,Açıklayıcı örnekler ekte sunulmuştur.
A,Applicability,Uygulanabilirlik,Whether a standard or treatment applies to a situation.,The applicability of the standard depends on the entity type.,Standardın uygulanabilirliği işletme türüne bağlıdır.
A,Application guidance,Uygulama rehberi,Guidance explaining how a standard is applied.,The application guidance explains how the standard is applied.,"Uygulama rehberi, standardın nasıl uygulandığını açıklar."
A,Application of requirements,Hükümlerin uygulanması,The manner in which an entity applies the specific requirements of a standard to its transactions and balances.,The appendix provides guidance on the application of requirements relating to lease modifications.,"Ek, kiralama değişikliklerine ilişkin hükümlerin uygulanmasına dair rehberlik sunar."
A,Application supplement,Uygulama eki,Additional guidance supplementing a standard.,The application supplement clarifies the standard's use.,"Uygulama eki, standardın kullanımını netleştirir."
A,Applying the Restatement Approach Under IAS 29 Financial Reporting in Hyperinflationary Economies,IAS 29 Yüksek Enflasyonlu Ekonomilerde Finansal Raporlama Standardı Kapsamında Düzeltme Yaklaşımının Uygulanması,Guidance on restating financial statements in hyperinflationary economies under IAS 29.,The entity applied the restatement approach under IAS 29.,"İşletme, IAS 29 kapsamındaki düzeltme yaklaşımını uyguladı."
A,Appraisal,Değerleme,An expert assessment of the value of an asset or liability.,An independent appraisal was obtained for the property.,Gayrimenkul için bağımsız bir değerleme alınmıştır.
A,Arm’s length transaction,Piyasa şartlarında muvazaasız işlem,"A transaction between unrelated, willing parties each acting in its own interest.",Related party disclosures confirm whether transactions were conducted on an arm's length basis.,"İlişkili taraf açıklamaları, işlemlerin piyasa şartlarında muvazaasız olarak yapılıp yapılmadığını teyit eder."
A,Artistic-related intangible assets,Sanata ilişkin maddi olmayan duran varlıklar,Non-monetary assets arising from artistic works such as films.,Film rights are artistic-related intangible assets.,Film hakları sanata ilişkin maddi olmayan duran varlıklardır.
A,Asking price,Satıcının teklif fiyatı,The price a seller is willing to accept for an asset.,The quoted asking price was higher than the bid price.,İlan edilen satıcı teklif fiyatı alış fiyatından yüksekti.
A,Assess,Değer biçmek,To evaluate or measure something.,The entity must assess whether an indicator of impairment exists.,"İşletme, değer düşüklüğü göstergesi olup olmadığını değerlendirmelidir."
A,Assessing control,Kontrolün değerlendirilmesi,Evaluating whether an investor controls an investee.,"Assessing control requires evaluating power, exposure and returns.","Kontrolün değerlendirilmesi; güç, maruziyet ve getirilerin değerlendirilmesini gerektirir."
A,Asset,Varlık,A resource controlled by an entity as a result of past events from which future economic benefits are expected to flow.,The machine is recognised as an asset because it will generate future economic benefits.,"Makine, gelecekte ekonomik fayda sağlayacağı için varlık olarak muhasebeleştirilir."
A,Asset exchange transactions,Varlık takas işlemleri,Transactions exchanging one asset for another.,Asset exchange transactions are measured based on commercial substance.,"Varlık takas işlemleri, ticari öze göre ölçülür."
A,Asset-specific performance risk,Varlığa özgü performans riski,Risk that a particular asset will not perform as expected.,Asset-specific performance risk affects the fair value of the asset.,"Varlığa özgü performans riski, varlığın gerçeğe uygun değerini etkiler."
A,Assets acquired,Edinilen varlıklar,The identifiable assets obtained by the acquirer in a business combination.,The assets acquired were measured at their acquisition-date fair values.,"Edinilen varlıklar, edinim tarihindeki gerçeğe uygun değerleriyle ölçülmüştür."
A,Assets held by a long-term employee benefit fund,Uzun vadeli emeklilik fonlarında yer alan varlıklar,Funds set aside in a separate long-term fund to settle employee benefit obligations.,Assets held by a long-term employee benefit fund are measured at fair value at each reporting date.,Uzun vadeli emeklilik fonlarında yer alan varlıklar her raporlama tarihinde gerçeğe uygun değerinden ölçülür.
A,Assets retired from active use,Aktif kullanımdan çekilen varlıklar,Assets no longer used in operations but still held.,The plant lists assets retired from active use separately.,"Fabrika, aktif kullanımdan çekilen varlıkları ayrı olarak listeler."
A,Associate,İştirak,An entity over which the investor has significant influence.,The investment in the associate is accounted for using the equity method.,"İştirakteki yatırım, özkaynak yöntemi kullanılarak muhasebeleştirilir."
A,Audit report,Denetim raporu,The auditor's formal opinion on the financial statements.,The audit report gave an unmodified opinion.,"Denetim raporu, olumlu (şartsız) görüş verdi."
A,Authorise [financial statements for issue],Onaylama (finansal tabloların yayınlanması için),Formally approving financial statements for publication.,The board authorised the financial statements for issue.,"Yönetim kurulu, finansal tabloları yayınlanmak üzere onayladı."
A,Available-for-sale financial assets,Satılmaya hazır finansal varlıklar,"A former category of non-derivative financial assets designated as available for sale, measured at fair value with changes in other comprehensive income.",Gains on available-for-sale financial assets were previously recognised in other comprehensive income until disposal.,"Satılmaya hazır finansal varlıklardan elde edilen kazançlar, elden çıkarılana kadar diğer kapsamlı gelirde muhasebeleştirilirdi."
A,Award credits,Hediye puanlar,Credits given to customers for future discounts.,Award credits are a separate performance obligation.,"Hediye puanlar, ayrı bir edim yükümlülüğüdür."
A,Corridor,Tazminat yükümlülüğü aralığı,A permitted range of actuarial gains and losses previously not recognised.,Actuarial gains within the corridor were deferred.,Aralık içindeki aktüeryal kazançlar ertelenmiştir.
A,‘Cost of sales’ method,‘Satışların maliyeti’ yöntemi,"A method presenting expenses analysed by function, showing cost of sales.","Under the ‘cost of sales’ method, expenses are classified by function.",‘Satışların maliyeti’ yönteminde giderler fonksiyona göre sınıflandırılır.
B,Back-out,Çıkartmak,To reverse or eliminate an entry or an adjustment previously recognised.,The accountant had to back out the incorrect accrual before closing the period.,"Muhasebeci, dönemi kapatmadan önce hatalı tahakkuku çıkartmak zorunda kaldı."
B,Balance sheet,Bilanço,"Statement showing assets, liabilities and equity at a date.",The balance sheet shows total assets of one million.,"Bilanço, toplam bir milyon varlık göstermektedir."
B,Balance sheet date,Bilanço tarihi,The date at the end of the reporting period for the statement of financial position.,Events after the balance sheet date were disclosed.,Bilanço tarihinden sonraki olaylar açıklandı.
B,Balance sheet liability method,Bilanço yükümlülük metodu,Method recognising deferred tax from balance sheet differences.,Deferred tax is calculated using the balance sheet liability method.,"Ertelenmiş vergi, bilanço yükümlülük metodu kullanılarak hesaplanır."
B,Bank,Banka,A financial institution taking deposits and lending.,Disclosures for banks address credit and liquidity risk.,"Bankalara ilişkin açıklamalar, kredi ve likidite riskini ele alır."
B,Bank overdraft,Borçlu cari hesap,A short-term borrowing facility that allows an entity to withdraw more money than its account balance.,The bank overdraft is repayable on demand and is presented as a current liability.,"Borçlu cari hesap, talep üzerine geri ödenebilir ve kısa vadeli yükümlülük olarak sunulur."
B,Bankruptcy,İflas,A legal process for insolvent entities.,Bankruptcy proceedings were disclosed as a subsequent event.,"İflas süreci, sonraki olay olarak açıklandı."
B,Bargain purchase,Pazarlıklı satın alma,A business combination where consideration is below fair value of net assets.,The bargain purchase resulted in a gain for the acquirer.,"Pazarlıklı satın alma, edinen taraf için kazanç doğurdu."
B,Basic earnings per share,Adi hisse başına kâr,Profit attributable to ordinary shareholders divided by the weighted average number of shares.,The entity reported basic earnings per share of two lira.,"İşletme, adi hisse başına iki lira kâr açıkladı."
B,Basic loan features,Temel kredi özellikleri,"Contractual terms of a debt instrument, such as interest and repayment, that are typical of a basic lending arrangement.",The instrument was assessed to have basic loan features and therefore met the solely payments of principal and interest test.,"Araç, temel kredi özelliklerine sahip olduğu değerlendirilmiş ve böylece yalnızca anapara ve faiz ödemeleri testini karşılamıştır."
B,Basis adjustment,Temel düzeltme,Adjustment to the tax base of an asset or liability.,A basis adjustment was made after the asset revaluation.,Varlık yeniden değerlemesinin ardından temel düzeltme yapıldı.
B,Basis for Conclusions,Karar Gerekçeleri,A document explaining the reasoning behind the conclusions in a standard.,The Basis for Conclusions explains why the Board rejected the alternative.,"Karar Gerekçeleri, Kurul'un alternatifi neden reddettiğini açıklar."
B,Basis point,Baz puan,One hundredth of a percentage point.,The interest rate rose by 25 basis points.,Faiz oranı 25 baz puan arttı.
B,Bearer biological asset,Taşıyıcı canlı varlıklar,Living assets held to produce goods.,"Bearer plants are accounted for as property, plant and equipment.","Taşıyıcı canlı varlıklar, maddi duran varlık olarak muhasebeleştirilir."
B,Benchmark treatment,Temel Yöntem,"The preferred or reference accounting treatment allowed by a standard, used as the default approach unless an alternative is applied.",Entities should apply the benchmark treatment unless national regulations require an allowed alternative.,"İşletmeler, ulusal düzenlemeler kabul edilen bir alternatifi gerektirmedikçe temel yöntemi uygulamalıdır."
B,Beneficial contracts,İstihdam sözleşmeleri,Contracts entered into for the entity's benefit.,Beneficial contracts may be recognised in a business combination.,"Lehine sözleşmeler, işletme birleşmesinde tanınabilir."
B,Beneficiary,Lehdar,A person or entity entitled to receive benefits from an arrangement.,The beneficiary receives the trust distributions.,"Lehdar, tröst dağıtımlarını alır."
B,Benefit,Fayda,An advantage or entitlement received under a plan or contract.,Employees receive a pension benefit after retirement.,Çalışanlar emeklilik sonrası bir emeklilik faydası alır.
B,Benefit improvements,Fayda iyileşmeleri,"Increases in the benefits of a defined benefit plan, which give rise to past service cost.",The benefit improvements granted this year increased the defined benefit obligation.,Bu yıl sağlanan fayda iyileşmeleri belirlenmiş tazminat yükümlülüğünü artırmıştır.
B,Benefit obligation,Sağlanan faydalara ilişkin yükümlülükler,Present value of promised employee benefits payable.,The benefit obligation was measured at year end.,"Sağlanan faydalara ilişkin yükümlülük, yıl sonunda ölçüldü."
B,Benefit to users,Kullanıcılara sağlanan faydalar,The usefulness of financial information to primary users of financial statements.,Improved disclosures increase the benefit to users.,"İyileştirilmiş açıklamalar, kullanıcılara sağlanan faydayı artırır."
B,Best estimate,En iyi tahmin,The most likely amount used to measure a provision.,The provision is measured at management's best estimate.,"Karşılık, yönetimin en iyi tahminiyle ölçülür."
B,Bias,Sapma,A tendency that distorts judgement or information.,Bias in estimates can affect the neutrality of information.,"Tahminlerdeki sapma, bilginin tarafsızlığını etkileyebilir."
B,Bid bonds,Teminat tahvilleri,Guarantees or bonds provided by a party to secure its performance when bidding for a contract.,The contractor lodged bid bonds to support its tender for the construction project.,"Yüklenici, inşaat projesine ilişkin ihalesini desteklemek için teminat tahvilleri verdi."
B,Bid price,Alıcının teklif fiyatı,The price at which a buyer will purchase.,The bid price is used for short positions.,"Alıcının teklif fiyatı, kısa pozisyonlar için kullanılır."
B,Bid-ask spread,"Alış fiyatı-satış fiyatı arasındaki fark, fiyat marjı",The difference between the best bid and best ask price.,A narrow bid-ask spread indicates a liquid market.,"Dar bir alış-satış farkı, likit bir piyasaya işaret eder."
B,Bifurcation methodology,Çatallanma yöntemi,An approach separating an embedded derivative from its host contract.,The bifurcation methodology was applied to the convertible bond.,"Çatallanma yöntemi, dönüştürülebilir tahvil için uygulanmıştır."
B,Binding sale agreement,Bağlayıcı (vazgeçilmez) satış anlaşması,A legally enforceable agreement to sell an asset that commits the parties to the transaction.,"Because there was a binding sale agreement, the property was classified as held for sale.","Bağlayıcı bir satış anlaşması bulunduğundan, gayrimenkul satış amacıyla elde tutulan olarak sınıflandırılmıştır."
B,Binomial,Binomial,Two-outcome valuation model used for option pricing.,The binomial model valued the employee share options.,"Binomial model, çalışan hisse opsiyonlarını değerledi."
B,Biological asset,Canlı varlık,A living animal or plant within the scope of agricultural activity.,The biological asset was measured at fair value less costs to sell.,"Canlı varlık, satış maliyetleri düşülmüş gerçeğe uygun değerle ölçüldü."
B,Biological transformation,Biyolojik dönüşüm,"Growth, degeneration, production or procreation in living assets.",Biological transformation results in changes in an asset's fair value.,"Biyolojik dönüşüm, varlığın gerçeğe uygun değerinde değişiklik doğurur."
B,Black-Scholes-Merton formula,Black-Scholes-Merton formülü,An option pricing model.,The Black-Scholes-Merton formula values the share option.,"Black-Scholes-Merton formülü, hisse opsiyonunu değerler."
B,Board of directors,Yönetim kurulu,The governing body elected by shareholders to oversee the strategic direction and management of an entity.,The board of directors approved the annual financial statements for issue.,"Yönetim kurulu, yıllık finansal tabloların yayımlanmak üzere onaylanmasını kabul etti."
B,Bond,Tahvil,A debt security paying interest.,The bond is measured at amortised cost.,"Tahvil, itfa edilmiş maliyetiyle ölçülür."
B,Bonus issue,Bedelsiz hisse senedi verilmesi,Free shares issued to existing shareholders from reserves.,The company announced a one-for-ten bonus issue.,"Şirket, ona bir oranında bedelsiz hisse verileceğini açıkladı."
B,Bonus plan,İkramiye planı,An arrangement granting employees additional rewards based on performance.,The bonus plan rewards staff when annual targets are met.,"İkramiye planı, yıllık hedefler tutturulduğunda personeli ödüllendirir."
B,Book of contracts,Poliçeler bütünü,The complete set of insurance contracts an insurer manages together as a portfolio.,Management reviews the book of contracts regularly to assess insurance risk.,"Yönetim, sigorta riskini değerlendirmek için poliçeler bütününü düzenli olarak gözden geçirir."
B,Book value,Defter değeri,Amount at which an asset is recorded in the books.,The machine's book value is lower than its market value.,"Makinenin defter değeri, piyasa değerinden düşüktür."
B,Borrower,Borçlu,The party that receives funds and is obligated to repay them.,The borrower must repay the loan with interest.,"Borçlu, krediyi faiziyle birlikte geri ödemek zorundadır."
B,Borrowing Costs,Borçlanma Maliyetleri,Interest and other costs of borrowing funds.,Borrowing costs directly attributable to the asset are capitalised.,Varlıkla doğrudan ilişkilendirilebilen borçlanma maliyetleri aktife alınır.
B,Bottom-up test,Esastan başlayarak sonuca gidilen test,An impairment test starting at the lowest level of cash generation.,The bottom-up test assessed individual assets for impairment.,"Esastan başlayarak yapılan test, tek tek varlıkları değer düşüklüğü açısından değerlendirdi."
B,Brand,Marka,A marketing-related intangible asset such as a name or symbol that identifies a product and creates value for the entity.,An internally generated brand cannot be recognised as an intangible asset.,"İşletme içinde yaratılan bir marka, maddi olmayan duran varlık olarak muhasebeleştirilemez."
B,Build-operate-transfer,Yap-işlet-devret,A concession model for delivering infrastructure.,"Under build-operate-transfer, the operator builds and runs the asset.","Yap-işlet-devret modelinde işletmeci, varlığı inşa edip işletir."
B,Business,İşletme,An integrated set of activities and assets conducted for profit.,The acquirer purchased the business as a going concern.,"Edinen taraf, işletmeyi işleyen bir bütün olarak satın aldı."
B,Business combination involving entities orbusinesses under common control,Ortak kontrole tabi işletmelerin birleşmesi,A combination of entities all ultimately controlled by the same party.,The merger of two subsidiaries is a combination under common control.,"İki bağlı ortaklığın birleşmesi, ortak kontrol altında bir birleşmedir."
B,Business Combinations,İşletme Birleşmeleri,"The standard governing how an acquirer recognises and measures the assets, liabilities and goodwill in a combination.",The acquisition was accounted for in accordance with the standard on Business Combinations.,"Satın alma işlemi, İşletme Birleşmeleri standardına uygun olarak muhasebeleştirilmiştir."
B,Business Combinations – Subsequent Adjustment of Fair Values and Goodwill Initially Reported,İşletme Birleşmeleri – İlk Raporlanan Gerçeğe Uygun Değerlerin ve Şerefiyenin Sonradan Düzeltilmesi,Later correction of provisional fair values and goodwill in combinations.,The standard addresses subsequent adjustment of fair values and goodwill initially reported.,"Standart, ilk raporlanan gerçeğe uygun değerlerin ve şerefiyenin sonradan düzeltilmesini ele alır."
B,Business Combinations- “Date of Exchange” and Fair Value of Equity Instruments,İşletme Birleşmeleri – “Hisse Değişim Tarihi” ve Özkaynağa Dayalı Araçların Gerçeğe Uygun Değerleri,Guidance on the exchange date and fair value of equity instruments in business combinations.,The interpretation addressed the date of exchange in a business combination.,"Yorum, bir işletme birleşmesindeki hisse değişim tarihini ele aldı."
B,Business Combinations-Classification either as Acquisitions or Unitings of Interests,İşletme Birleşmeleri – Satın Alma veya Menfaatlerin Birleştirilmesi Şeklinde Sınıflandırma,Classification of business combinations as acquisitions or mergers.,The combination was classified as an acquisition.,"Birleşme, satın alma olarak sınıflandırıldı."
B,Business model,Yönetim modeli,How an entity manages its financial assets.,The business model determines how financial assets are classified.,"Yönetim modeli, finansal varlıkların nasıl sınıflandırılacağını belirler."
B,Business segment,Faaliyet bölümü,A distinguishable component of an entity that engages in business activities earning revenues and incurring expenses.,Each business segment's results are reported separately in the segment note.,"Her faaliyet bölümünün sonuçları, bölüm dipnotunda ayrı olarak raporlanır."
B,Business unit,İşletme birimi,A component of an entity's operations.,The business unit was reported as a separate component.,"İşletme birimi, ayrı bir birim olarak raporlandı."
B,Buying segment,Satın alma birimi,A component of an entity used as a unit for purchasing decisions.,The buying segment negotiated its own supply contracts.,"Satın alma birimi, kendi tedarik sözleşmelerini müzakere etti."
B,By class of financial asset,Finansal varlık sınıfları itibariyle,Disaggregation of information according to categories of financial assets.,Credit risk is disclosed by class of financial asset.,"Kredi riski, finansal varlık sınıfları itibariyle açıklanır."
B,By-product,Yan ürün,"A secondary product produced incidentally in a joint production process, immaterial in value relative to the main product.",The by-product is measured at net realisable value and deducted from the cost of the main product.,Yan ürün net gerçekleşebilir değerinden ölçülür ve ana ürünün maliyetinden düşülür.
C,Call options,Alım opsiyonu,Contracts giving the right to buy an asset.,Written call options are treated as liabilities.,Satılan (yazılan) alım opsiyonları borç olarak işlem görür.
C,Callable,Geri çağrılabilir,A financial instrument that the issuer may redeem before maturity.,The bond is callable at the issuer's option.,"Tahvil, ihraççının opsiyonuyla geri çağrılabilir."
C,Cap,Faiz tavanı,An upper limit on an interest rate.,The loan carries a cap on the variable interest rate.,"Kredi, değişken faiz oranı için bir üst sınır (tavan) taşır."
C,Capital,Sermaye,The resources invested in an entity.,Capital is presented within equity.,"Sermaye, özkaynak içinde sunulur."
C,Capital appreciation,Sermaye kazancı,An increase in the value of an investment or asset over its original cost.,The investment was held primarily for capital appreciation rather than dividend income.,"Yatırım, temettü geliri yerine ağırlıklı olarak sermaye kazancı amacıyla elde tutuldu."
C,Capital approach,Sermaye yaklaşımı,Maintaining capital in financial or physical terms.,The capital approach distinguishes financial and physical capital.,"Sermaye yaklaşımı, finansal ve fiziksel sermayeyi ayırır."
C,Capital asset pricing model,Sermaye varlıkları fiyatlandırma modeli,A model relating expected return to systematic risk.,The capital asset pricing model estimates the cost of equity.,"Sermaye varlıkları fiyatlandırma modeli, özkaynak maliyetini tahmin eder."
C,Capital contribution,Sermaye artırımı,Resources contributed by owners in exchange for equity interests.,The parent made a capital contribution to its subsidiary.,"Ana ortaklık, bağlı ortaklığına sermaye artırımı yaptı."
C,Capital expenditure,Yatırım harcaması,Spending on acquiring or improving long-term assets that is capitalised rather than expensed.,"Capital expenditure on the new factory was recognised as property, plant and equipment.","Yeni fabrikaya ilişkin yatırım harcaması, maddi duran varlık olarak muhasebeleştirilmiştir."
C,Capital gain,Sermaye kazancı,Profit from selling a capital asset above cost.,It reported a capital gain on the land sale.,Arsa satışından sermaye kazancı raporladı.
C,Capital maintenance,Sermayenin korunması,The concept that profit is earned only after capital is maintained.,Capital maintenance may be measured in financial or physical terms.,"Sermayenin korunması, finansal ya da fiziksel olarak ölçülebilir."
C,Capital maintenance adjustment,Sermayenin korunması ile ilgili düzeltme,Adjustment to preserve capital in inflation accounting.,A capital maintenance adjustment was recognised in equity.,Sermayenin korunmasına ilişkin bir düzeltme özkaynakta muhasebeleştirildi.
C,Capitalisation,Aktifleştirme,Recording a cost as an asset.,Capitalisation of borrowing costs applies to qualifying assets.,"Borçlanma maliyetlerinin aktifleştirilmesi, nitelikli varlıklara uygulanır."
C,Capitalisation of interest,Faizin aktifleştirilmesi,The addition of borrowing costs directly attributable to the acquisition or construction of a qualifying asset to the cost of that asset.,Capitalisation of interest on the loan used to build the plant began once the construction started.,"Tesisi inşa etmek için alınan krediye ilişkin faizin aktifleştirilmesi, inşaat başladığında başladı."
C,Capped interest rate,Faiz oranı tavanı,An interest rate with an upper limit.,The capped interest rate protects the borrower.,"Faiz oranı tavanı, borçluyu korur."
C,Capping mechanism,Tavan fiyat oranı,A feature limiting how high a rate or payment can rise.,The capping mechanism limits the interest rate on the loan.,"Tavan mekanizması, kredinin faiz oranını sınırlar."
C,Carried at cost,Maliyet bedeliyle gösterme,Measuring an asset or liability at its initial cost less adjustments.,Investments in subsidiaries are carried at cost in separate statements.,"Bağlı ortaklık yatırımları, bireysel tablolarda maliyet bedeliyle gösterilir."
C,Carry forward,Aktarma,"To transfer an amount, such as a loss or balance, to a future period.",The unused tax loss may be carried forward to offset future taxable profits.,"Kullanılmamış vergi zararı, gelecekteki vergilendirilebilir kârlardan mahsup edilmek üzere aktarılabilir."
C,Carrying amount,Defter değeri,Amount recognised in the statement of financial position.,The carrying amount of the building was revalued.,Binanın defter değeri yeniden değerlendi.
C,Cash,Nakit,Currency on hand and demand deposits held by an entity.,"Cash includes notes, coins and bank deposits.","Nakit, banknot, madeni para ve banka mevduatını içerir."
C,Cash alternative,Nakit alternatifi,The option to settle an award in cash instead of shares.,Employees were offered a cash alternative to the share award.,Çalışanlara hisse ödülü yerine nakit alternatifi sunuldu.
C,Cash basis,Nakit esası,Recognising transactions when cash moves.,"Under the cash basis, revenue is recognised when cash is received.","Nakit esasına göre hasılat, nakit alındığında muhasebeleştirilir."
C,Cash equivalents,Nakit benzerleri,"Short-term, highly liquid investments that are readily convertible to known amounts of cash and subject to insignificant risk of change in value.",Cash equivalents include treasury bills with a maturity of three months or less.,"Nakit benzerleri, vadesi üç ay ya da daha kısa olan hazine bonolarını içerir."
C,Cash flow,Nakit akışı,A movement of cash into or out of an entity.,The cash flow forecast covers the next twelve months.,"Nakit akışı tahmini, önümüzdeki on iki ayı kapsar."
C,Cash flow hedge,Nakit akış riskinden korunma işlemi,A hedge of exposure to variability in cash flows.,The forward contract was designated as a cash flow hedge.,"Vadeli sözleşme, nakit akış riskinden korunma işlemi olarak tanımlandı."
C,Cash flow projections,Nakit akış projeksiyonları,Estimated future cash inflows and outflows used in valuation.,The impairment test used five-year cash flow projections.,"Değer düşüklüğü testi, beş yıllık nakit akış projeksiyonlarını kullandı."
C,Cash flow risk,Nakit akış riski,The risk that the amount of future cash flows associated with a financial instrument will fluctuate.,A variable-rate loan exposes the entity to cash flow risk.,"Değişken faizli bir kredi, işletmeyi nakit akış riskine maruz bırakır."
C,Cash flow statement = Statement of cash flows,Nakit akış tablosu,Statement reporting cash inflows and outflows over a period.,The cash flow statement shows strong operating inflows.,"Nakit akış tablosu, güçlü işletme faaliyeti girişlerini gösterir."
C,Cash Flow Statements,Nakit Akış Tabloları,A statement showing cash inflows and outflows during a period.,"The cash flow statement classifies flows into operating, investing and financing.","Nakit akış tablosu, akışları işletme, yatırım ve finansman olarak sınıflar."
C,Cash flows,Nakit akışları,Inflows and outflows of cash and cash equivalents.,The statement of cash flows reports operating cash flows.,"Nakit akış tablosu, işletme faaliyetlerinden nakit akışlarını raporlar."
C,Cash generating unit,Nakit yaratan birim,The smallest group of assets generating cash inflows.,Impairment is tested at the level of the cash generating unit.,"Değer düşüklüğü, nakit yaratan birim düzeyinde test edilir."
C,Cash inflow,Nakit girişi,"An increase in cash and cash equivalents arising from operating, investing or financing activities.",The largest cash inflow during the year came from the sale of a subsidiary.,"Yıl içindeki en büyük nakit girişi, bir bağlı ortaklığın satışından sağlandı."
C,Cash instrument hedging,Nakit finansal araç riskinden korunma,Hedging using cash instruments.,Cash instrument hedging reduces foreign exchange exposure.,"Nakit finansal araç riskinden korunma, kur riskini azaltır."
C,Cash on hand,Nakit mevcudu,Currency and coins physically held by the entity.,Cash on hand is counted at the close of each day.,"Nakit mevcudu, her günün kapanışında sayılır."
C,Cash outflow,Nakit çıkışı,A payment of cash that reduces an entity's cash balance.,Purchasing equipment resulted in a significant cash outflow.,"Ekipman satın alımı, önemli bir nakit çıkışına yol açtı."
C,Cash payments,Nakit ödemeler,Outflows of cash and cash equivalents reported by an entity during the period.,Cash payments to suppliers are classified as operating cash flows.,"Tedarikçilere yapılan nakit ödemeler, işletme faaliyetlerinden nakit akışları olarak sınıflandırılır."
C,Cash price equivalent,Peşin fiyat eşdeğeri,Amount that would be paid if payment were immediate.,The asset was recorded at its cash price equivalent.,"Varlık, peşin fiyat eşdeğeri üzerinden kaydedildi."
C,Cash proceeds,Nakit tahsilât,Cash received from a transaction or disposal.,The cash proceeds from the sale were recognised immediately.,Satıştan elde edilen nakit tahsilât derhal muhasebeleştirildi.
C,Cash surrender value,Nakit teslim değeri,The amount received on cancelling an insurance policy.,The policy's cash surrender value was recognised as an asset.,Poliçenin nakit teslim değeri varlık olarak muhasebeleştirildi.
C,Cash-settled share option,Nakit ödemeli hisse senedine dayalı opsiyon,A share-based payment settled in cash.,A cash-settled share option creates a liability.,"Nakit ödemeli opsiyon, bir borç doğurur."
C,Cash-settled share-based payment transaction,Nakit ödemeli hisse bazlı ödeme işlemleri,A share-based payment transaction in which the entity settles the obligation in cash based on the value of equity instruments.,The obligation under the cash-settled share-based payment transaction is measured at each reporting date.,"Nakit ödemeli hisse bazlı ödeme işlemi kapsamındaki yükümlülük, her raporlama tarihinde ölçülür."
C,Catastrophe bond,Afet poliçesi,A bond that transfers catastrophe risk to investors.,The catastrophe bond transferred risk to investors.,"Afet tahvili, riski yatırımcılara devretti."
C,Catastrophe provisions,Afet poliçesi karşılıkları,Reserves set aside for losses from major catastrophic events.,The insurer increased its catastrophe provisions after the storm.,"Sigortacı, fırtına sonrası afet karşılıklarını artırdı."
C,Cedant,Sedan,The party that transfers a risk or asset to another.,The cedant transferred part of the risk to the reinsurer.,"Sedan, riskin bir kısmını reasüröre devretti."
C,Certificates of deposit,Mevduat sertifikaları,Negotiable bank instruments representing a time deposit that can be traded before maturity.,The treasury invested surplus cash in certificates of deposit with a three-month term.,"Hazine birimi, fazla nakdi üç aylık vadeli mevduat sertifikalarına yatırmıştır."
C,Cessation (of capitalisation),(Aktifleştirmenin) durdurulması,Point when adding costs to an asset's value stops.,Cessation of capitalisation occurred when the asset was ready.,"Aktifleştirmenin durdurulması, varlık kullanıma hazır olduğunda gerçekleşti."
C,Change in accounting estimate,Muhasebe tahmininde değişiklik,"An adjustment to a previously recognised estimate, applied prospectively.",A change in accounting estimate is applied prospectively.,Muhasebe tahminindeki değişiklik ileriye dönük olarak uygulanır.
C,"Changes in Existing Decommissioning, Restoration and Similar Liabilities","Hizmetten Çekme, Restorasyon ve Benzeri Mevcut Yükümlülüklerdeki Değişiklikler",Changes in provisions for decommissioning and restoration.,Changes in existing decommissioning liabilities are added to the asset cost.,Mevcut hizmetten çekme yükümlülüklerindeki değişiklikler varlık maliyetine eklenir.
C,Chief executive officer,Şirket tepe yöneticisi,The most senior executive of an entity.,The chief executive officer is a member of key management personnel.,"Şirket tepe yöneticisi, kilit yönetici personel arasındadır."
C,Chief operating decision maker,İşletmenin faaliyetlere ilişkin karar almaya yetkili yönetici,The person or group responsible for allocating resources and assessing the performance of operating segments.,Operating segments are identified on the basis of reports reviewed by the chief operating decision maker.,"Faaliyet bölümleri, işletmenin faaliyetlere ilişkin karar almaya yetkili yöneticisinin incelediği raporlar esas alınarak belirlenir."
C,Claim,"Talep, hak",A demand for payment or a right.,The claim was recognised as a provision.,"Talep, karşılık olarak muhasebeleştirildi."
C,Claims development,Tazminat süreci,The pattern over time of how insurance claims are reported and settled.,Claims development tables show incurred losses by year.,"Tazminat süreci tabloları, oluşan zararları yıla göre gösterir."
C,Class A preference share,A tipi imtiyazlı hisse,A class of shares carrying preferential rights over ordinary shares.,Class A preference shares rank ahead for dividend payments.,"A tipi imtiyazlı hisseler, kâr payı ödemelerinde önceliklidir."
C,Class of assets,Varlık sınıfı,A grouping of assets of similar nature and use for disclosure and revaluation purposes.,Revaluations must be applied to an entire class of assets to avoid selective measurement.,Seçici ölçümden kaçınmak için yeniden değerlemeler bir varlık sınıfının tamamına uygulanmalıdır.
C,Class of financial assets,Finansal varlık sınıfı,Group of financial assets with similar characteristics.,Disclosure is required by class of financial assets.,"Açıklama, finansal varlık sınıfına göre yapılmalıdır."
C,Class of financial instruments,Finansal araç sınıfı,A grouping of financial instruments with similar characteristics.,Disclosures are provided by class of financial instruments.,Açıklamalar finansal araç sınıfı bazında verilir.
C,"Class of property, plant and equipment",Maddi duran varlık sınıfı,A grouping of PP&E of similar nature and use.,"Revaluation is applied to an entire class of property, plant and equipment.","Yeniden değerleme, maddi duran varlıkların bir sınıfının tamamına uygulanır."
C,Classification,Sınıflandırma,Assigning items to categories.,Classification of financial assets depends on the business model.,"Finansal varlıkların sınıflandırılması, yönetim modeline bağlıdır."
C,Classification of Financial Instruments – Contingent Settlement Provisions,Finansal Araçların Sınıflandırılması – Koşullu Ödeme Hükümleri,Guidance on how contingent settlement provisions affect whether a financial instrument is classified as a liability or equity.,The interpretation addresses the classification of financial instruments where contingent settlement provisions exist.,"Yorum, koşullu ödeme hükümlerinin bulunduğu finansal araçların sınıflandırılmasını ele almaktadır."
C,Classification of inventory,Stokların sınıflandırılması,Categorising inventory items.,Classification of inventory distinguishes raw materials and finished goods.,"Stokların sınıflandırılması, hammadde ile mamulü ayırır."
C,Classification of rights ıssues,Hak ihraçlarının sınıflandırılması,Determining whether a rights issue is debt or equity.,The classification of rights issues depends on the currency.,"Hak ihraçlarının sınıflandırılması, para birimine bağlıdır."
C,Clean-up call,"Erken ödeme amaçlı geri alım (Bir borç ihracından sonra dolaşımda küçük bir tutar kaldığında, kalan bakiyenin erken ödenmesi)",An option to redeem a remaining balance when it becomes insignificant.,The issuer exercised the clean-up call on the remaining notes.,"İhraççı, kalan tahviller üzerinde erken ödeme amaçlı geri alım hakkını kullandı."
C,Close members of the family of the individual,Bireyin yakın aile fertleri / raporlayan kuruluşların kararlarında etkin olan grup şirketleri,"Family members who may be expected to influence, or be influenced by, that individual in their dealings with the entity.",Sales to close members of the family of the individual were disclosed as related party transactions.,"Bireyin yakın aile fertlerine yapılan satışlar, ilişkili taraf işlemleri olarak açıklanmıştır."
C,Closely related,Yakından ilişkili,Having a strong economic connection to a transaction or party.,The two contracts are closely related and treated together.,İki sözleşme yakından ilişkilidir ve birlikte değerlendirilir.
C,Closing market prices,Borsa kapanış fiyatları,Quoted prices at the close of trading on a market.,The shares were valued using closing market prices.,"Paylar, borsa kapanış fiyatları kullanılarak değerlendi."
C,Closing rate,"Kapanış kuru, fiyatı",The spot exchange rate at the reporting date.,Monetary items are translated at the closing rate.,Parasal kalemler kapanış kuru üzerinden çevrilir.
C,Co-operative,Kooperatif,An entity owned and controlled by its members.,A co-operative is controlled by its members rather than investors.,"Kooperatif, yatırımcılar yerine üyeleri tarafından kontrol edilir."
C,Collar,Koruma,A combination of a cap and a floor that limits the range within which an interest rate or price may fluctuate.,The entity entered into an interest rate collar to limit its exposure to changes in market rates.,"İşletme, piyasa faizlerindeki değişimlere olan maruziyetini sınırlamak için bir faiz koruması (collar) yaptı."
C,Collateral,"Teminat, güvence",Assets pledged to secure a loan.,The collateral secures the bank loan.,"Teminat, banka kredisini güvence altına alır."
C,"Collateralised (asset, borrowing)","Teminata bağlanmış (varlık, borç)",Backed by assets pledged as security for an obligation.,The collateralised borrowing is secured by receivables.,"Teminata bağlanmış borç, alacaklarla güvence altına alınmıştır."
C,Collectability,Tahsil edilebilirlik,The likelihood that amounts due will actually be collected.,Revenue is recognised only when collectability is reasonably assured.,"Gelir, yalnızca tahsil edilebilirlik makul ölçüde güvence altındaysa muhasebeleştirilir."
C,Collection,Tahsilât,The receipt of cash from customers in settlement of receivables.,Collection of overdue trade receivables improved the company's cash position.,"Vadesi geçmiş ticari alacakların tahsilâtı, şirketin nakit pozisyonunu iyileştirmiştir."
C,Collection date,Tahsil tarihi,Date on which a receivable is expected to be collected.,The collection date was postponed to March.,Tahsil tarihi Mart ayına ertelendi.
C,Collective marks,Ortak markalar,Marks distinguishing goods of members of an association.,"Collective marks are owned by the association, not one member.","Ortak markalar, bir üyeye değil birliğe aittir."
C,Collective power,Yönetme gücü,Power held jointly by more than one party.,The two investors hold collective power over the entity.,"İki yatırımcı, işletme üzerinde ortak yönetme gücüne sahiptir."
C,Combined instrument,Karma (melez) finansal araç,An instrument with both liability and equity components.,A convertible bond is a combined instrument.,"Dönüştürülebilir tahvil, karma bir araçtır."
C,Commencement,Başlangıç,The date on which a lease or other arrangement takes effect and the related rights and obligations arise.,The lessee recognises a right-of-use asset at the commencement of the lease.,"Kiracı, kiralama başlangıcında bir kullanım hakkı varlığını muhasebeleştirir."
C,Commencement of the lease term,Finansal kiralama sözleşmesinin başlangıcı,The date the lessee may use the leased asset.,The lease liability is measured at commencement of the lease term.,"Kiralama borcu, kiralama süresinin başlangıcında ölçülür."
C,Commercial loans,Ticari krediler,Loans extended to businesses rather than individuals.,Commercial loans carry terms suited to business needs.,"Ticari krediler, işletme ihtiyaçlarına uygun koşullar taşır."
C,Commercial paper facilities,Menkul kıymet ihraç imkânı,Arrangements enabling short-term unsecured debt issuance.,The company drew on its commercial paper facilities for working capital.,"Şirket, işletme sermayesi için menkul kıymet ihraç imkânını kullandı."
C,Commercial substance,Ticari içerik,The requirement that a transaction changes an entity's future cash flows to be recognised.,The exchange of assets lacked commercial substance because the cash flows did not change.,"Varlık değişimi, nakit akışları değişmediği için ticari içerikten yoksundu."
C,Commercially viable quantities of mineral resources,Ticarileştirilebilir miktarlarda maden kaynakları,Mineral deposits extractable profitably on a commercial basis.,Exploration ceased once commercially viable quantities were confirmed.,Ticarileştirilebilir miktarlar doğrulandığında arama faaliyeti durduruldu.
C,Commission,Komisyon,A fee paid to an agent for facilitating a transaction.,The broker earned a commission on the sale.,"Aracı kurum, satıştan komisyon kazandı."
C,Commitment,Taahhüt,A binding agreement to perform a future act.,The entity disclosed a firm commitment for a capital purchase.,"İşletme, sermaye alımına ilişkin kesin bir taahhüdü açıkladı."
C,Commitment date,Taahhüt tarihi,The date on which a commitment is made.,The commitment date affects the measurement of the arrangement.,"Taahhüt tarihi, anlaşmanın ölçümünü etkiler."
C,Commitment fee,Taahhüt ücretleri,A fee charged by a lender for committing to make funds available under a loan facility.,The commitment fee is amortised over the life of the loan facility.,"Taahhüt ücreti, kredi imkânının vadesi boyunca itfa edilir."
C,Commodity,Ticari mal,A basic good traded in markets.,The commodity is measured at fair value.,"Ticari mal, gerçeğe uygun değeriyle ölçülür."
C,Comparability,Karşılaştırılabilirlik,The quality allowing users to identify similarities and differences.,Comparability requires consistent accounting policies.,"Karşılaştırılabilirlik, tutarlı muhasebe politikaları gerektirir."
C,Comparability over time,Zaman sürecinde karşılaştırılabilirlik,The quality allowing users to compare an entity's statements across periods.,Consistent policies improve comparability over time.,"Tutarlı politikalar, zaman sürecinde karşılaştırılabilirliği artırır."
C,Comparable interim period,Karşılaştırılabilir ara dönem,The corresponding interim period of the prior year presented for comparison in interim financial statements.,The half-year results were presented alongside the comparable interim period of the previous year.,"Altı aylık sonuçlar, önceki yılın karşılaştırılabilir ara dönemiyle birlikte sunulmuştur."
C,Comparative balance sheet,Karşılaştırmalı bilanço,Balance sheet presented alongside a prior period's figures.,The comparative balance sheet covers the previous year.,"Karşılaştırmalı bilanço, önceki yılı kapsamaktadır."
C,Comparative information,Karşılaştırmalı bilgi,Prior-period amounts presented alongside current-period figures.,Comparative information was restated for consistency.,"Karşılaştırmalı bilgi, tutarlılık için yeniden düzenlendi."
C,Comparative statement of financial position,Karşılaştırmalı olarak hazırlanmış finansal durum tablosu,A balance sheet presented with the prior period for comparison.,A comparative statement of financial position is presented for the prior year.,Önceki yıla ait karşılaştırmalı finansal durum tablosu sunulur.
C,Compensated absences,Ücretli izinler,Paid leave such as vacation or sick leave.,Compensated absences are recognised when employees render service.,"Ücretli izinler, çalışanlar hizmet sundukça muhasebeleştirilir."
C,Compensation,Tazminat,"Amounts payable to employees or third parties, or received as redress for a loss or damage.",The entity received compensation from its insurer for the fire damage to the warehouse.,"İşletme, depodaki yangın hasarı için sigortacısından tazminat aldı."
C,Competitive harm exemption,Rekabetçi zarar muafiyeti,An exemption from disclosure that would harm competitiveness.,The entity applied the competitive harm exemption to segment data.,"İşletme, bölüm verilerine rekabetçi zarar muafiyetini uyguladı."
C,Complementary assets,Tamamlayıcı varlıklar,Assets that together create benefits greater than in isolation.,The software and hardware are complementary assets.,"Yazılım ve donanım, tamamlayıcı varlıklardır."
C,Complete set of financial statements,Tam bir finansal tablolar seti,"The full statements required, including balance sheet, profit or loss, and notes.",The entity presented a complete set of financial statements.,"İşletme, tam bir finansal tablolar seti sundu."
C,Completeness,"Tamlık, bütünlük",The property that financial information includes all transactions and events necessary for users' understanding.,The auditor assessed the completeness of the recorded liabilities.,"Denetçi, kaydedilen yükümlülüklerin tamlığını değerlendirmiştir."
C,Compliance with International Accounting Standards,Uluslararası Muhasebe Standartları ile Uyum,Conforming financial statements to international accounting standards.,The notes confirm compliance with International Accounting Standards.,"Dipnotlar, Uluslararası Muhasebe Standartları ile uyumu teyit eder."
C,Component,Unsur,A part of an item that is accounted for separately.,A significant component of the asset was replaced.,Varlığın önemli bir unsuru değiştirildi.
C,Component of an entity,İşletme birimi,Operations whose activities can be distinguished operationally.,A discontinued component of the entity was reported separately.,İşletmenin durdurulan bir birimi ayrı olarak raporlandı.
C,Components of equity,Özkaynak bileşenleri,The separate parts making up equity.,Share capital and reserves are components of equity.,"Sermaye ve yedekler, özkaynak bileşenleridir."
C,Compound financial instrument,Birleşik finansal araç,"A non-derivative financial instrument that contains both a liability and an equity component, such as a convertible bond.",The convertible bond is a compound financial instrument split into a liability and an equity component.,"Dönüştürülebilir tahvil, borç ve özkaynak bileşenine ayrılan bir birleşik finansal araçtır."
C,Compound financial instruments,Bileşik finansal araçlar,Instruments with both equity and liability components.,Compound financial instruments are split into their components.,"Bileşik finansal araçlar, bileşenlerine ayrılır."
C,Compound instrument,Bileşik araç,A financial instrument containing both liability and equity components.,A convertible bond is a compound instrument.,"Dönüştürülebilir tahvil, bileşik bir araçtır."
C,Concentration of (credit etc) risk,Risk yoğunlaşması (kredi vb.),Exposure to a single counterparty or similar risks grouped together.,The entity disclosed its concentration of credit risk by customer.,"İşletme, kredi riski yoğunlaşmasını müşteri bazında açıkladı."
C,Confidence level,Güvenilirlik düzeyi,The probability that the actual outcome will fall within a stated range in actuarial or risk measurements.,The actuary used a 95% confidence level when estimating the provision.,"Aktüer, karşılığı tahmin ederken %95 güvenilirlik düzeyi kullanmıştır."
C,Configuration of the cash flows,Nakit akışlarının niteliği,Character of cash flows tied to a transferred asset.,The configuration of the cash flows affected the accounting treatment.,"Nakit akışlarının niteliği, muhasebe işlemini etkiledi."
C,Consensus,Görüş birliği,General agreement among parties on a particular matter.,The committee reached a consensus on the interpretation.,"Komite, yorum üzerinde görüş birliğine vardı."
C,Consequential amendment,"En son düzeltme, değişiklik",An amendment made as a result of another change.,A consequential amendment was made to the related standard.,İlgili standarda bağlı olarak ortaya çıkan bir düzeltme yapıldı.
C,Consideration,"Ödenen, karşılık olarak verilen",What is given in exchange for something.,The consideration transferred was measured at fair value.,"Devredilen bedel, gerçeğe uygun değeriyle ölçüldü."
C,Consistency – Alternative Methods,Tutarlılık – Alternatif Yöntemler,"The accounting principle requiring an entity to apply the same method consistently from period to period, including when using alternative methods.","Consistency requires that once an alternative method is chosen, it is applied consistently in subsequent periods.","Tutarlılık, bir alternatif yöntem seçildiğinde sonraki dönemlerde de tutarlı biçimde uygulanmasını gerektirir."
C,Consistency – Capitalisation of Borrowing Costs,Tutarlılık – Borçlanma Maliyetlerinin Aktifleştirilmesi,Applying the same accounting policy consistently.,Consistency in capitalising borrowing costs is expected.,Borçlanma maliyetlerinin aktifleştirilmesinde tutarlılık beklenir.
C,Consistency – Different Cost Formulas for Inventories,Tutarlılık – Stoklara İlişkin Alternatif Maliyet Formülleri,Requiring consistent use of inventory cost formulas across periods.,The guidance addresses consistency of different cost formulas for inventories.,"Rehberlik, stoklara ilişkin farklı maliyet formüllerinde tutarlılığı ele alır."
C,Consolidated and Separate Financial Statements,Konsolide ve Bireysel Finansal Tablolar,Standards governing group and standalone financial statement presentation.,Consolidated and separate financial statements follow different measurement rules.,Konsolide ve bireysel finansal tablolar farklı ölçüm kurallarına tabidir.
C,Consolidated balance sheet,Konsolide bilanço,"A statement presenting the assets, liabilities and equity of a parent and its subsidiaries as a single entity.",The consolidated balance sheet combines the parent and all its subsidiaries.,"Konsolide bilanço, ana ortaklığı ve tüm bağlı ortaklıklarını tek bir işletme gibi birleştirir."
C,Consolidated financial statements,Konsolide finansal tablolar,Group statements combining parent and subsidiaries as one entity.,The group prepares consolidated financial statements annually.,"Grup, yıllık olarak konsolide finansal tablolar hazırlar."
C,Consolidated Financial Statements and Accounting for Investments in Subsidiaries,Konsolide Finansal Tablolar ve Bağlı Ortaklıklardaki Yatırımların Muhasebeleştirilmesi,Standards governing group financial statements and subsidiary investments.,Consolidated financial statements present the group as a single entity.,"Konsolide finansal tablolar, grubu tek bir işletme olarak sunar."
C,Consolidated group,Konsolide edilmiş grup,A parent and its subsidiaries presented as one entity.,The consolidated group includes all controlled subsidiaries.,"Konsolide edilmiş grup, kontrol edilen tüm bağlı ortaklıkları içerir."
C,Consolidated statement of financial position,Konsolide finansal durum tablosu,A group balance sheet combining parent and subsidiaries.,The consolidated statement of financial position eliminates intragroup balances.,"Konsolide finansal durum tablosu, grup içi bakiyeleri elimine eder."
C,Consolidation,Konsolidasyon,The process of combining the financial statements of a parent and its subsidiaries into a single set of financial statements.,Consolidation is required for all subsidiaries controlled by the parent entity.,Ana işletmenin kontrol ettiği tüm bağlı ortaklıklar için konsolidasyon zorunludur.
C,Consolidation adjustments,Konsolidasyon düzeltmeleri,Adjustments made when consolidating statements.,Consolidation adjustments eliminate intragroup profits.,"Konsolidasyon düzeltmeleri, grup içi kârları elimine eder."
C,Consolidation and Equity Method – Potential Voting Rights and Allocation of Ownership Interests,Konsolidasyon ve Özkaynak Yöntemi – Potansiyel Oy Hakları ve Ortaklık Paylarının Dağıtımı,Guidance on potential voting rights and ownership interest allocation.,Potential voting rights affect consolidation and the equity method.,"Potansiyel oy hakları, konsolidasyonu ve özkaynak yöntemini etkiler."
C,Consolidation purposes,Konsolidasyon amaçları,The objectives served by combining a parent and its subsidiaries.,Uniform accounting policies are applied for consolidation purposes.,Konsolidasyon amaçları doğrultusunda tek tip muhasebe politikaları uygulanır.
C,Consolidation—special purpose entities,Konsolidasyon – Özel Amaçlı İşletmeler,Guidance on when an entity must consolidate a special purpose entity it controls.,"Under the rules on consolidation of special purpose entities, the fund was included in the group accounts.","Özel amaçlı işletmelerin konsolidasyonuna ilişkin kurallar uyarınca fon, grup hesaplarına dahil edilmiştir."
C,Construction contract,"İnşaat sözleşmesi, taahhüt sözleşmesi",Contract for building assets over a agreed period.,Revenue on the construction contract is recognised over time.,"İnşaat sözleşmesinden elde edilen gelir, zaman içinde muhasebeleştirilir."
C,Construction Contracts,"İnşaat Sözleşmeleri, taahhüt sözleşmeleri",Contracts specifically negotiated for the construction of an asset.,Revenue from construction contracts is recognised by stage of completion.,"İnşaat sözleşmelerinden elde edilen gelir, tamamlanma aşamasına göre muhasebeleştirilir."
C,Construction or upgrade services,İnşaat veya yenileme hizmetleri,Services that build or improve infrastructure assets.,Revenue from construction or upgrade services is recognised over time.,"İnşaat veya yenileme hizmetlerinden hasılat, zaman içinde muhasebeleştirilir."
C,Constructive obligation,Zımni kabulden doğan yükümlülük,An obligation arising from established practice or policy.,A constructive obligation may arise from a published policy.,"Zımni bir yükümlülük, yayımlanmış bir politika nedeniyle doğabilir."
C,Consumer price index,Tüketici fiyat endeksi,A measure of the average change over time in the prices paid by consumers for a basket of goods and services.,The economy was considered hyperinflationary because the cumulative consumer price index exceeded 100 per cent over three years.,"Ekonomi, üç yıllık kümülatif tüketici fiyat endeksi yüzde 100'ü aştığı için yüksek enflasyonlu kabul edildi."
C,Contingency,Koşullu,A condition whose outcome is uncertain.,The contingency was disclosed but not recognised.,Koşullu durum açıklandı ancak muhasebeleştirilmedi.
C,Contingent asset,Koşullu varlık,"A possible asset arising from past events, confirmed only by future events.",The contingent asset is disclosed but not recognised.,"Koşullu varlık, açıklanır ancak muhasebeleştirilmez."
C,Contingent consideration,Koşullu bedel,Additional consideration payable depending on future events or performance.,Contingent consideration is measured at fair value at acquisition date.,"Koşullu bedel, edinim tarihinde gerçeğe uygun değerle ölçülür."
C,Contingent consideration arrangement,Koşullu bedel anlaşmaları,An agreement to pay additional consideration in a business combination if specified future events occur.,The contingent consideration arrangement required the acquirer to pay more if profit targets were met.,"Koşullu bedel anlaşması, kâr hedefleri tutturulursa edinenin daha fazla ödeme yapmasını gerektiriyordu."
C,Contingent liability,Koşullu borç,Possible obligation depending on uncertain future events.,A contingent liability was disclosed but not recognised.,Koşullu borç açıklandı ancak muhasebeleştirilmedi.
C,Contingent rent,Koşullu kira,Lease payments that vary based on future conditions.,Contingent rent depends on the tenant's sales volume.,"Koşullu kira, kiracının satış hacmine bağlıdır."
C,Contingent settlement provision,Koşullu ödeme hükmü,A provision whose settlement depends on future events.,A contingent settlement provision was recognised for the guarantee.,Garanti için koşullu ödeme hükmü şeklinde karşılık ayrıldı.
C,Contingent share agreement,Koşullu yeni hisse senedi çıkarma sözleşmesi,An agreement to issue shares contingent on conditions.,The contingent share agreement depends on future profits.,"Koşullu hisse ihraç sözleşmesi, gelecekteki kâra bağlıdır."
C,Contingently issuable ordinary shares,Koşula bağlı çıkarılabilir adi hisse senetleri,"Ordinary shares that an entity may be required to issue upon the satisfaction of certain conditions, included in diluted EPS calculations.",Contingently issuable ordinary shares are included in the diluted earnings per share calculation when the conditions are met.,"Koşula bağlı çıkarılabilir adi hisse senetleri, koşullar sağlandığında seyreltilmiş hisse başına kazanç hesaplamasına dahil edilir."
C,Contingently issuable shares,Koşula bağlı ihraç edilebilir hisse senetleri,Shares issuable only if certain conditions are met.,Contingently issuable shares are included in diluted EPS when conditions are met.,"Koşula bağlı hisseler, koşullar sağlandığında seyreltilmiş HBK'ya dahil edilir."
C,Continuing involvement,Devam eden ilgi,Ongoing exposure to transferred assets retained by the transferor.,The transferor retained continuing involvement in the receivables.,"Devreden taraf, alacaklarda devam eden ilgisini korudu."
C,Continuing involvement approach,Devam eden ilgi yaklaşımı,A method measuring retained interests after transferring a financial asset.,The continuing involvement approach was applied to the transferred receivables.,Devredilen alacaklara devam eden ilgi yaklaşımı uygulanmıştır.
C,Continuing operations,Sürdürülen faaliyetler,The operations of an entity that are not discontinued and are presented separately in the income statement.,Profit from continuing operations rose despite the disposal of the retail division.,Perakende bölümünün elden çıkarılmasına rağmen sürdürülen faaliyetlerden elde edilen kâr artmıştır.
C,Contract,Sözleşme,Agreement creating enforceable rights and obligations between parties.,The contract was signed by both parties in June.,"Sözleşme, Haziran ayında her iki tarafça imzalandı."
C,Contract-based intangible assets,Sözleşme bazlı maddi olmayan duran varlıklar,Intangible assets arising from contractual or legal rights.,Licences are contract-based intangible assets.,"Lisanslar, sözleşme bazlı maddi olmayan duran varlıklardır."
C,Contracts that may be settled in (ordinary) shares or cash,Ödemesi (adi) hisse alımı ya da nakitle yapılabilen sözleşmeler,Contracts giving the entity or holder a choice of shares or cash.,Contracts settled in shares or cash are treated as compound instruments.,Ödemesi hisse ya da nakitle yapılabilen sözleşmeler bileşik araç olarak işlem görür.
C,Contractual arrangement,Sözleşmeye bağlı anlaşma,An arrangement governed by a contract.,The service is provided under a contractual arrangement.,"Hizmet, sözleşmeye bağlı bir anlaşma kapsamında sunulur."
C,Contractual cash flows,Sözleşmeye dayalı nakit akışları,"The cash flows specified by the terms of a contract, used to assess whether a financial asset meets the solely payments of principal and interest test.",The business model is assessed based on how the contractual cash flows are collected.,"İş modeli, sözleşmeye dayalı nakit akışlarının nasıl tahsil edildiğine göre değerlendirilir."
C,Contractual completion,Sözleşme hükümlerinin yerine getirildiği tarih,The date contractual obligations are fulfilled.,Revenue may be recognised on contractual completion.,"Hasılat, sözleşme hükümlerinin yerine getirildiği tarihte muhasebeleştirilebilir."
C,Contractual maturity analysis,Sözleşmeye dayalı vade analizi,Analysis of when financial liabilities fall due under contracts.,The contractual maturity analysis shows cash flows by period.,"Sözleşmeye dayalı vade analizi, nakit akışlarını dönemlere göre gösterir."
C,Contractual obligation,Sözleşmeye bağlı yükümlülük,A duty enforceable by law arising from a contract.,The entity had a contractual obligation to deliver the goods.,İşletmenin malları teslim etme yönünde sözleşmeye bağlı bir yükümlülüğü vardı.
C,Contractual right to receive the cash flows,Nakit akışlarını almaya ilişkin sözleşmeden doğan hak,A legal entitlement arising from a contract to receive the cash flows of a financial asset.,The entity transferred its contractual right to receive the cash flows to the factor.,"İşletme, nakit akışlarını almaya ilişkin sözleşmeden doğan hakkını faktoring şirketine devretmiştir."
C,Contractual rights,Sözleşmeden doğan haklar,Enforceable rights arising from a contract.,Goodwill includes certain contractual rights.,"Şerefiye, belirli sözleşmeden doğan hakları içerir."
C,Contractual terms and conditions,Sözleşme koşul ve şartları,The stated provisions governing rights and obligations of a contract.,The instrument's classification depends on its contractual terms and conditions.,"Aracın sınıflandırılması, sözleşme koşul ve şartlarına bağlıdır."
C,Contractual-legal criterion,Sözleşmeye dayalı yasal ölçüt,Criterion identifying an intangible asset by legal or contractual rights.,The contractual-legal criterion supported recognising the intangible asset.,"Sözleşmeye dayalı yasal ölçüt, maddi olmayan duran varlığın tanınmasını destekledi."
C,Contractually linked instruments,Sözleşme ile birbirine bağlı finansal araçlar,Instruments whose cash flows are linked by contract.,Contractually linked instruments are assessed as a group.,"Sözleşme ile birbirine bağlı araçlar, bir grup olarak değerlendirilir."
C,Contributed equity,Ödenmiş sermaye,The amount of capital contributed by shareholders in exchange for shares in the entity.,Contributed equity increased following the issue of new shares to existing shareholders.,Mevcut hissedarlara yeni hisse ihraç edilmesinin ardından ödenmiş sermaye arttı.
C,Contribution,Katkı,A payment into a plan or by owners.,The contribution to the pension plan was paid annually.,"Emeklilik planına katkı, yıllık olarak ödendi."
C,Contributor,Katkıda bulunan,A party that provides assets or funding to an arrangement.,Each contributor receives benefits proportionate to its share.,"Her katkıda bulunan, payı oranında fayda elde eder."
C,Control,Kontrol,The power to govern an entity's financial and operating policies for benefits.,The parent has control over its subsidiary.,"Ana ortaklık, bağlı ortaklığı üzerinde kontrole sahiptir."
C,Control (of an asset),Varlığın kontrolü,The power to obtain the economic benefits from an asset and to restrict others' access to those benefits.,The lessee obtained control of the asset and recognised a right-of-use asset.,"Kiracı, varlığın kontrolünü elde etmiş ve bir kullanım hakkı varlığı muhasebeleştirmiştir."
C,Control (of an enterprise),Bir işletmenin kontrolü; (işletme faaliyetlerinden yarar sağlamak üzere finansal ve faaliyet politikalarını yönetme gücü.),Power to govern financial and operating policies of an entity.,Control of the enterprise was obtained in October.,İşletmenin kontrolü Ekim ayında elde edildi.
C,Control (of an entity),(Bir işletmenin) kontrolü,The power to govern financial and operating policies for benefits.,The parent obtained control of the subsidiary in March.,"Ana ortaklık, bağlı ortaklığın kontrolünü Mart ayında elde etti."
C,Control number,Kontrol sayısı (dönem net kârının potansiyel hisse senedi ihracına etkisini açıklamak üzere),Number evidencing the residual effect of potential ordinary shares.,The control number confirms the diluted loss per share position.,"Kontrol sayısı, seyreltilmiş hisse başına zarar durumunu doğrular."
C,Controlled entity,Kontrol edilen işletme,An entity controlled by another entity.,A controlled entity is consolidated by its parent.,"Kontrol edilen işletme, ana ortaklığı tarafından konsolide edilir."
C,Convenience translation,Uygunluk çevirisi (finansal tabloların farklı para ile ifade edilmesi),"The translation of financial statements into another currency solely for the convenience of readers, without restating in accordance with standards.",The convenience translation of the financial statements was prepared using the closing exchange rate.,"Finansal tabloların uygunluk çevirisi, dönem sonu kuru kullanılarak hazırlandı."
C,Convergence,Yakınsama,Aligning national and international standards.,Convergence aims to harmonise accounting standards globally.,"Yakınsama, muhasebe standartlarını küresel olarak uyumlaştırmayı amaçlar."
C,Conversion factor,Dönüştürme çarpanı,The ratio used to convert a convertible instrument into shares.,The conversion factor determines shares per bond.,"Dönüştürme çarpanı, tahvil başına hisse sayısını belirler."
C,Conversion option,Değiştirme (dönüştürme) hakkı (finansal araçlarla ilgili),A right to convert one financial instrument into another.,The conversion option is an embedded derivative in the bond.,"Dönüştürme hakkı, tahvil içinde gömülü bir türevdir."
C,Convertible bonds,Hisse senedine dönüştürülebilir tahvil,Bonds that may be converted by the holder into a fixed number of the issuer's ordinary shares.,The convertible bonds were split into a liability component and an equity component.,"Dönüştürülebilir tahviller, bir borç bileşeni ve bir özkaynak bileşenine ayrılmıştır."
C,Convertible debt,Dönüştürülebilir borç,Debt exchangeable into equity shares of the issuer.,The convertible debt was split into liability and equity.,"Dönüştürülebilir borç, borç ve özkaynak bileşenlerine ayrıldı."
C,Convertible instruments,Dönüştürülebilir araçlar,Financial instruments that may be converted into equity shares.,Convertible instruments are split into liability and equity components.,"Dönüştürülebilir araçlar, borç ve özkaynak bileşenlerine ayrılır."
C,Convertible preference share,Dönüştürülebilir imtiyazlı hisse,A preference share convertible into ordinary shares.,Convertible preference shares are included in diluted EPS.,Dönüştürülebilir imtiyazlı hisseler seyreltilmiş HBK hesabına dahil edilir.
C,Copyright,Telif hakkı,A legal right over creative works.,The copyright was recognised as an intangible asset.,"Telif hakkı, maddi olmayan duran varlık olarak muhasebeleştirildi."
C,Core goodwill,Çekirdek şerefiye,The portion of goodwill that represents the expected synergies and going concern element of an acquired business.,Core goodwill represents the expected synergies from combining the two businesses.,"Çekirdek şerefiye, iki işletmenin birleştirilmesinden beklenen sinerjileri temsil eder."
C,Corporate assets,Şirket varlıkları,Assets that serve the entity as a whole.,Corporate assets are allocated when testing groups of units.,"Şirket varlıkları, birim grupları test edilirken dağıtılır."
C,Cost,Maliyet,The amount of resources sacrificed to acquire an asset.,The asset is measured at cost on initial recognition.,"Varlık, ilk muhasebeleştirmede maliyet bedeliyle ölçülür."
C,Cost formula,Maliyet hesaplama tekniği,A technique such as FIFO or weighted average assigning inventory costs.,The entity applies the weighted average cost formula to inventory.,"İşletme, stoklara ağırlıklı ortalama maliyet tekniğini uygular."
C,Cost method,Maliyet yöntemi ( yatırımlarla ilgili) (UMS 27) Maliyet yöntemi (stoklarla ilgili) (UMS 2),"A measurement method that records assets at their acquisition cost, used for certain investments and for inventory under specific rules.","Under the cost method, the subsidiary investment was carried at its original purchase price.","Maliyet yöntemi uyarınca, bağlı ortaklık yatırımı orijinal satın alma bedeli üzerinden taşınmıştır."
C,Cost model,Maliyet modeli,Accounting policy carrying assets at cost less depreciation.,The entity applies the cost model to its buildings.,"İşletme, binalarına maliyet modelini uygular."
C,Cost of an acquisition,Elde etme maliyeti,The consideration paid to obtain control of another entity.,The cost of an acquisition includes cash and equity issued.,"Elde etme maliyeti, nakit ve ihraç edilen özkaynağı içerir."
C,Cost of an asset acquired in exchange or part exchange for dissimilar asset,Benzer olmayan bir varlıkla tamamen veya kısmen takas edilen/değiştirilen varlığın maliyeti,Cost measured at fair value when assets of different nature are exchanged.,The cost of an asset exchanged for a dissimilar asset is its fair value.,"Benzer olmayan bir varlıkla değiştirilen varlığın maliyeti, gerçeğe uygun değeridir."
C,Cost of an asset acquired in exchange or part exchange for similar asset,Benzer bir varlıkla tamamen veya kısmen takas edilen/değiştirilen varlığın maliyeti,Cost when assets of a similar nature are exchanged.,"For similar assets, the cost is the carrying amount of the asset given up.","Benzer varlıklarda maliyet, verilen varlığın defter değeridir."
C,Cost of an investment,Yatırım maliyeti,"The amount paid or the fair value of consideration given to acquire an investment, including directly attributable transaction costs in some cases.",The cost of an investment in a subsidiary includes the fair value of the consideration transferred.,"Bir bağlı ortaklıktaki yatırımın maliyeti, devredilen bedelin gerçeğe uygun değerini içerir."
C,"Cost of an investment in a subsidiary, jointly controlled entity or associate","Bir bağlı ortaklıktaki, müştereken kontrol edilen işletmedeki veya iştirakteki bir yatırımın maliyeti",The cost of an investment in another entity.,The cost of the investment is measured at the fair value of the consideration.,"Yatırımın maliyeti, verilen bedelin gerçeğe uygun değeriyle ölçülür."
C,Cost of conversion,Dönüştürme maliyeti,Costs incurred to convert materials into finished goods.,Cost of conversion includes direct labour and overheads.,"Dönüştürme maliyeti, direkt işçilik ve genel üretim giderlerini içerir."
C,Cost of inventories,Stokların maliyeti,"The total cost of purchase, conversion, and other costs of inventory.",The cost of inventories includes conversion costs.,"Stokların maliyeti, dönüştürme maliyetlerini içerir."
C,Cost of inventories of a service provider,Hizmet sağlayan işletmelerin stok maliyeti,"The costs a service provider recognises for inventories, mainly labour and other costs directly related to providing the service.","For the consultancy, the cost of inventories of a service provider consisted primarily of direct staff time.","Danışmanlık işletmesi için hizmet sağlayan işletmelerin stok maliyeti, ağırlıklı olarak doğrudan personel zamanından oluşuyordu."
C,Cost of purchase,Satın alma maliyeti,Price paid plus directly attributable acquisition expenditures.,Inventory was measured at cost of purchase.,"Stoklar, satın alma maliyeti üzerinden ölçüldü."
C,Cost plus contract,Maliyet artı kâr sözleşmesi,A contract where the contractor is reimbursed costs plus a fee.,"Under a cost plus contract, allowable costs are reimbursed.","Maliyet artı kâr sözleşmesinde, uygun maliyetler karşılanır."
C,Cost plus method,Maliyet artı kar yöntemi (UMS 11) Geri,A transfer pricing method adding a mark-up to costs.,"Under the cost plus method, a mark-up is added to the supplier's costs.","Maliyet artı kar yönteminde, tedarikçinin maliyetlerine bir kâr marjı eklenir."
C,Cost recovery approach,Kazanılabilir maliyet yaklaşımı,Recognising revenue only up to recoverable costs.,The cost recovery approach recognises revenue to the extent of costs.,"Kazanılabilir maliyet yaklaşımı, hasılatı maliyetler ölçüsünde muhasebeleştirir."
C,Cost-based measurement,Maliyete dayalı ölçüm,"A measurement approach that records an item at its historical cost, adjusted for depreciation, amortisation or impairment.",Investment property held for own use is subject to cost-based measurement under the chosen model.,"Kendi kullanımı için elde tutulan yatırım amaçlı gayrimenkul, seçilen modele göre maliyete dayalı ölçüme tabidir."
C,Costs of conversion,Dönüştürme maliyetleri,Costs of converting materials into finished goods.,Costs of conversion include labour and overheads.,"Dönüştürme maliyetleri, işçilik ve genel giderleri içerir."
C,Costs of disposal,Elden çıkarma maliyetleri,Incremental costs directly attributable to disposing of an asset.,Costs of disposal are deducted from fair value.,"Elden çıkarma maliyetleri, gerçeğe uygun değerden düşülür."
C,Costs of Modifying Existing Software,Mevcut yazılımın geliştirilmesine yönelik maliyetler,Expenditures incurred to alter or upgrade already-acquired software.,Costs of modifying existing software were capitalised.,Mevcut yazılımın geliştirilmesine yönelik maliyetler aktifleştirilmiştir.
C,Costs to sell,Satış maliyetleri,"The incremental costs directly attributable to the disposal of an asset, excluding finance costs and income tax.",The asset was written down to fair value less costs to sell.,"Varlık, gerçeğe uygun değerinden satış maliyetleri düşülerek değer düşüklüğüne uğratılmıştır."
C,Counterparty,Karşı taraf,Other party to a financial instrument or transaction.,The counterparty failed to settle the derivative.,"Karşı taraf, türev işlemi kapatamadı."
C,Country of domicile,(İşletmenin) yönetim merkezinin bulunduğu ülke,The country where an entity has its registered or principal office.,The entity disclosed its country of domicile in the notes.,"İşletme, yönetim merkezinin bulunduğu ülkeyi dipnotlarda açıkladı."
C,Country of incorporation or residence,Şirketin kuruluş yeri veya ikametgâhı,The country where an entity is incorporated or resident.,The country of incorporation determines the applicable tax rules.,"Şirketin kuruluş yeri, uygulanacak vergi kurallarını belirler."
C,Coupon,Kupon,The interest payment on a bond.,The bond pays a fixed annual coupon.,"Tahvil, sabit yıllık kupon öder."
C,Create or enlarge an accounting mismatch,Yanlış muhasebe eşleşmesi yaratmak veya artırmak,"To cause or worsen a situation in which the recognition and measurement of related items are inconsistent, giving rise to measurement or recognition inconsistency.",An entity may use fair value option only if it eliminates or significantly reduces an accounting mismatch.,"Bir işletme, gerçeğe uygun değer opsiyonunu yalnızca yanlış muhasebe eşleşmesini ortadan kaldırıyor veya önemli ölçüde azaltıyorsa kullanabilir."
C,Credit derivative default product,Ödenmeme riskine karşı geliştirilen türev ürün,A derivative protecting against default.,The credit derivative transfers default risk.,"Kredi türevi, temerrüt riskini devreder."
C,Credit enhancements,Kredi güvenilirliğinde artış sağlayan unsurlar,Arrangements that improve the credit quality of an obligation.,Credit enhancements reduce the risk borne by investors.,"Kredi güvenilirliğini artıran unsurlar, yatırımcıların taşıdığı riski azaltır."
C,Credit exposures,Kredi riskleri,The amounts at risk of loss from counterparty default.,Credit exposures are monitored against approved limits.,"Kredi riskleri, onaylanmış limitlere göre izlenir."
C,Credit facilities,Kredi olanakları,Arrangements under which an entity may borrow funds from a lender up to an agreed limit.,The company secured additional credit facilities to fund its expansion.,"Şirket, büyümesini finanse etmek için ek kredi olanakları sağlamıştır."
C,Credit insurance contract,Kredi sigorta poliçesi,Insurance protecting against customer default on receivables.,The company holds a credit insurance contract on exports.,"Şirket, ihracatları için bir kredi sigorta poliçesi tutmaktadır."
C,Credit quality,Kredi kalitesi,An assessment of the creditworthiness of a financial asset or counterparty.,The entity disclosed the credit quality of its receivables.,"İşletme, alacaklarının kredi kalitesini açıkladı."
C,Credit risk,Kredi riski,The risk that a counterparty fails to meet its obligations.,The entity disclosed its maximum exposure to credit risk.,"İşletme, kredi riskine azami maruziyetini açıkladı."
C,Credit spread,Kredi marjı,The yield difference reflecting credit risk.,A wider credit spread increases the discount rate.,"Daha geniş kredi marjı, iskonto oranını artırır."
C,Creditors,Kredi verenler,Parties that have provided credit to an entity and to whom the entity owes money.,The financial statements provide useful information to existing and potential creditors.,"Finansal tablolar, mevcut ve potansiyel kredi verenlere faydalı bilgi sağlar."
C,Creditworthiness,Kredi değerliliği,The ability to repay debt.,The lender assessed the borrower's creditworthiness.,"Borç veren, borçlunun kredi değerliliğini değerlendirdi."
C,Criteria for recognising,Muhasebeleştirme koşulları,Conditions that must be met before an item is recorded.,The criteria for recognising a provision include a present obligation.,"Karşılık muhasebeleştirme koşulları, mevcut bir yükümlülüğü içerir."
C,Cross-reference,Çapraz atıf,A pointer linking information presented in different parts of the statements.,The note contains a cross-reference to the balance sheet.,"Not, bilançoya bir çapraz atıf içerir."
C,CTDs,Birikimli Çevirim Farkları,The cumulative exchange differences arising on translating the financial statements of a foreign operation.,"On disposal of the foreign subsidiary, the accumulated CTDs were reclassified to profit or loss.","Yurtdışı bağlı ortaklığın elden çıkarılması üzerine, birikmiş çevirim farkları kâr veya zarara yeniden sınıflandırılmıştır."
C,Cumulative additional depreciation,Birikmiş amortisman,Total extra depreciation charged since an asset's revaluation.,Cumulative additional depreciation was transferred to retained earnings.,"Birikmiş amortisman, dağıtılmamış kârlara aktarıldı."
C,Cumulative interest accreted,Birikimli faiz,Total interest accumulated on a financial instrument to date.,The cumulative interest accreted increased the carrying amount.,"Birikimli faiz, defter değerini artırdı."
C,Cumulative preference dividends,İmtiyazlı hisse senetleri birikimli temettüleri,Unpaid preference dividends that accumulate.,Cumulative preference dividends are deducted from profit for EPS.,"Birikimli imtiyazlı temettüler, HBK için kârdan düşülür."
C,Cumulative translation differences,Birikimli çevrim farkları,Exchange differences accumulated in equity.,Cumulative translation differences are reclassified on disposal.,"Birikimli çevrim farkları, elden çıkarmada yeniden sınıflandırılır."
C,Currency risk,Döviz riski,The risk that the fair value or future cash flows of a financial instrument will fluctuate because of changes in foreign exchange rates.,The entity discloses its currency risk exposure by currency and maturity.,"İşletme, döviz riski maruziyetini para birimi ve vade itibarıyla açıklar."
C,Currency translation,Farklı para birimine çevirme,Converting amounts into another currency.,Currency translation uses the closing rate for assets.,"Döviz çevriminde, varlıklar için kapanış kuru kullanılır."
C,Currency units,Para birimleri,The monetary units in which amounts are measured and presented.,Amounts are expressed in currency units of the reporting entity.,"Tutarlar, raporlayan işletmenin para birimleri cinsinden ifade edilir."
C,Current asset,Dönen varlık,An asset expected to be realised within the normal operating cycle.,Inventory is classified as a current asset.,"Stoklar, dönen varlık olarak sınıflandırılır."
C,Current cost,Cari maliyet,The amount of cash or cash equivalents that would have to be paid to acquire an asset at the present time.,The current cost of replacing the machinery was far higher than its historical cost.,"Makinenin yenilenmesinin cari maliyeti, tarihi maliyetinden çok daha yüksekti."
C,Current cost approach,Cari maliyet yaklaşımı,Measurement using the current cost to replace an asset.,The current cost approach reflects today's replacement prices.,"Cari maliyet yaklaşımı, bugünün yenileme fiyatlarını yansıtır."
C,Current investment,Kısa vadeli yatırım,An investment expected to be realised within one year.,The current investment is measured at fair value.,"Kısa vadeli yatırım, gerçeğe uygun değerle ölçülür."
C,Current liabilities,Kısa vadeli borçlar,Obligations expected to be settled within twelve months.,Trade payables are presented under current liabilities.,"Ticari borçlar, kısa vadeli borçlar altında sunulur."
C,Current offer price,Cari teklif fiyatı,The current quoted price of an instrument.,The fair value was based on the current offer price.,"Gerçeğe uygun değer, cari teklif fiyatına dayandırıldı."
C,Current service cost,Cari hizmet maliyeti,The increase in the present value of a defined benefit obligation resulting from employee service in the current period.,Current service cost is recognised immediately in profit or loss.,"Cari hizmet maliyeti, doğrudan kâr veya zararda muhasebeleştirilir."
C,Current tax,Dönem vergisi,Tax payable for the current period.,Current tax is measured using enacted tax rates.,"Dönem vergisi, yürürlükteki vergi oranlarıyla ölçülür."
C,Curtailment,Azaltma,A significant reduction in the scope of a defined benefit plan.,The plan curtailment reduced future benefit obligations.,"Plandaki azaltma, gelecekteki tazminat yükümlülüklerini düşürdü."
C,Cushions,Destekler,"Excess amounts providing protection, such as subordinated tranches absorbing losses.",Subordinated tranches act as cushions against losses.,"Bağımlı dilimler, zararlara karşı destek işlevi görür."
C,Customer list,Müşteri listesi,An intangible asset representing information about customers that is often recognised in a business combination.,The customer list acquired in the combination was recognised as an intangible asset.,"Birleşmede edinilen müşteri listesi, maddi olmayan duran varlık olarak muhasebeleştirilmiştir."
C,Customer Loyalty Programmes,Müşteri Sadakat Programları,Schemes awarding customers credits for future goods or services.,The airline's Customer Loyalty Programmes grant redeemable miles.,"Havayolunun Müşteri Sadakat Programları, kullanılabilir mil kazandırır."
C,Customer relationship intangible assets,Müşteri ilişkilerinden kaynaklanan maddi olmayan varlıklar,Intangible assets arising from relationships with existing customers.,Customer relationship intangible assets were recognised in the acquisition.,"Müşteri ilişkilerinden kaynaklanan maddi olmayan varlıklar, satın almada muhasebeleştirildi."
D,Database,Veri tabanı,An organised collection of data treated as an intangible asset.,The acquired database was recognised as an intangible asset.,"Edinilen veri tabanı, maddi olmayan duran varlık olarak muhasebeleştirildi."
D,Date of acquisition,Edinme tarihi,The date control of the acquiree is obtained.,Goodwill is measured at the date of acquisition.,"Şerefiye, edinme tarihinde ölçülür."
D,Date of exchange,Değişim tarihi,The date on which an exchange of assets or an acquisition transaction is recognised and measured.,The fair value of the asset was determined at the date of exchange.,"Varlığın gerçeğe uygun değeri, değişim tarihinde belirlendi."
D,Date of transition to IFRS,Uluslararası Finansal Raporlama Standartlarına (IFRS) geçiş tarihi,The start of the first IFRS reporting period.,The date of transition to IFRS determines the opening statement.,"IFRS'e geçiş tarihi, açılış tablosunu belirler."
D,Dealing securities,İşlem gören menkul kıymetler,Securities held for trading purposes by the entity.,Dealing securities are measured at fair value.,"İşlem gören menkul kıymetler, gerçeğe uygun değerle ölçülür."
D,Death benefit,Ölüm yardımı,An amount paid to beneficiaries upon the death of a member.,The plan provides a death benefit to the participant's family.,"Plan, katılımcının ailesine ölüm yardımı sağlar."
D,Debt,Borç,An obligation to transfer economic resources to another party as a result of past events.,Total debt increased after the company issued new bonds.,Şirket yeni tahvil ihraç ettikten sonra toplam borç artmıştır.
D,Debt for equity swaps,Borcun özkaynakla takası işlemleri,Transactions exchanging debt obligations for equity shares.,The restructuring included several debt for equity swaps.,"Yeniden yapılandırma, birkaç borcun özkaynakla takası işlemini içeriyordu."
D,Debt instrument,Borçlanma aracı,A financial instrument representing an obligation to pay.,A debt instrument may be measured at amortised cost.,"Bir borçlanma aracı, itfa edilmiş maliyetle ölçülebilir."
D,Debt securities,Borçlanma senetleri,Financial instruments representing a creditor relationship.,Debt securities are classified based on the business model.,"Borçlanma senetleri, iş modeline göre sınıflandırılır."
D,Debt-to-adjusted capital ratio,Düzeltilmiş sermaye oranı,A ratio of debt to adjusted capital.,The debt-to-adjusted capital ratio measures financial leverage.,"Düzeltilmiş sermaye oranı, finansal kaldıraçı ölçer."
D,Debt-to-equity ratio,Borcun özkaynağa oranı,"A financial ratio measuring total liabilities against shareholders' equity, indicating financial leverage and risk.",The entity's debt-to-equity ratio remained within the covenant limits agreed with its lender.,"İşletmenin borcun özkaynağa oranı, kredi vereniyle kararlaştırılan kredi sözleşmesi sınırları içinde kaldı."
D,Decision tree,Karar ağacı,A structured guide for making decisions.,A decision tree helps classify financial instruments.,"Karar ağacı, finansal araçların sınıflandırılmasına yardımcı olur."
D,Decision-useful information,Karar için yararlı bilgi,Information that helps users make economic decisions.,Financial statements should provide decision-useful information.,"Finansal tablolar, karar için yararlı bilgi sağlamalıdır."
D,Decommissioning,Hizmetten çekme,The process of removing an asset from service and restoring the site.,A provision was recognised for decommissioning the plant.,Tesisi hizmetten çekme için bir karşılık ayrılmıştır.
D,Decommissioning costs,Hizmetten çekme maliyetleri,Costs expected to be incurred in dismantling or restoring a site at the end of an asset's useful life.,A provision for decommissioning costs was recognised when the plant was constructed.,"Tesis inşa edildiğinde, hizmetten çekme maliyetleri için karşılık muhasebeleştirilmiştir."
D,Decommissioning funds,Hizmetten çekme fonu,Restricted assets set aside for future dismantling costs.,Decommissioning funds are held in a separate account.,"Hizmetten çekme fonu, ayrı bir hesapta tutulmaktadır."
D,Decommissioning obligations,Hizmetten çekme yükümlülükleri,Obligations to dismantle and restore a site after use.,Decommissioning obligations are recognised as a provision.,"Hizmetten çekme yükümlülükleri, karşılık olarak muhasebeleştirilir."
D,"Decommissioning, Restoration and Environmental Rehabilitation Funds","Hizmetten Çekme, Restorasyon ve Çevre Rehabilitasyon Fonlarından Kaynaklanan Paylar",Funds set aside for decommissioning and environmental restoration.,Contributions to decommissioning funds are recognised as an asset.,Hizmetten çekme fonlarına yapılan katkılar varlık olarak muhasebeleştirilir.
D,Deductible temporary difference,İndirilebilir geçici fark,A difference that reduces future taxable amounts.,A deductible temporary difference gives rise to a deferred tax asset.,"İndirilebilir geçici fark, ertelenmiş vergi varlığı doğurur."
D,Deemed cost,Tahmini/beklenen maliyet,"An amount used as a substitute for cost, such as fair value at the date of transition, on first-time adoption of IFRSs.","On first-time adoption, the entity elected fair value at transition date as deemed cost for its property.","İlk uygulamada işletme, arazisi için geçiş tarihindeki gerçeğe uygun değeri tahmini maliyet olarak seçti."
D,Defer,Erteleme,To postpone recognition.,The entity may defer recognition in limited cases.,"İşletme, sınırlı durumlarda muhasebeleştirmeyi erteleyebilir."
D,Deferral method,Erteleme yöntemi,An approach that spreads an item over future periods.,"Under the deferral method, the grant is recognised over time.","Erteleme yöntemine göre, hibe zaman içinde muhasebeleştirilir."
D,Deferred acquisition costs,Ertelenmiş poliçe edinim maliyetleri,Insurance acquisition costs recognised as an asset and amortised over time.,Deferred acquisition costs are amortised over the policy period.,"Ertelenmiş poliçe edinim maliyetleri, poliçe süresi boyunca itfa edilir."
D,Deferred income,Ertelenmiş gelir,A liability arising from payments received before the related revenue is earned.,The subscription fees received in advance were recorded as deferred income.,Peşin alınan abonelik ücretleri ertelenmiş gelir olarak kaydedilmiştir.
D,Deferred policy acquisition costs,Ertelenmiş politika edinme maliyetleri,Insurer's acquisition costs deferred and amortised over policy term.,Deferred policy acquisition costs are amortised over the contract.,"Ertelenmiş politika edinme maliyetleri, sözleşme süresi boyunca itfa edilir."
D,Deferred tax,Ertelenmiş vergi,Tax payable or recoverable in future periods from temporary differences.,Deferred tax arises from temporary differences.,"Ertelenmiş vergi, geçici farklardan kaynaklanır."
D,Deferred tax assets,Ertelenmiş vergi varlıkları,Tax recoverable in future periods from deductible differences.,A deferred tax asset is recognised to the extent recovery is probable.,"Ertelenmiş vergi varlığı, geri kazanımın muhtemel olduğu ölçüde muhasebeleştirilir."
D,Deferred tax income,Ertelenmiş vergi geliri,Tax income recognised from deferred tax.,Deferred tax income arose from the reversal of a temporary difference.,"Ertelenmiş vergi geliri, geçici farkın tersine dönmesinden doğdu."
D,Deferred tax liabilities,Ertelenmiş vergi borçları,Amounts of income tax payable in future periods in respect of taxable temporary differences.,Deferred tax liabilities arise from the temporary differences between the carrying amount and the tax base of assets.,"Ertelenmiş vergi borçları, varlıkların defter değeri ile vergi matrahı arasındaki geçici farklardan doğar."
D,Deficit balance,Eksi bakiye,A negative balance.,The plan had a deficit balance at year-end.,Planın yıl sonunda eksi bakiyesi vardı.
D,Defined benefit liability,Belirlenmiş tazminat borcu (kesintisi),The present value of promised retirement benefits less plan assets.,The defined benefit liability increased due to lower discount rates.,"Belirlenmiş tazminat borcu, düşen iskonto oranları nedeniyle arttı."
D,Defined benefit obligation,Belirlenmiş tazminat yükümlülüğü,The present value of promised retirement benefits owed to employees.,The defined benefit obligation was discounted using a market rate.,"Belirlenmiş tazminat yükümlülüğü, piyasa oranıyla iskonto edilmiştir."
D,Defined benefit obligation (present value of),Belirlenmiş tazminat yükümlülüğünün bugünkü değeri,The present value of expected future benefit payments required to settle employee service earned to date.,The actuary calculated the present value of the defined benefit obligation at the year end.,"Aktüer, yıl sonu itibarıyla belirlenmiş tazminat yükümlülüğünün bugünkü değerini hesaplamıştır."
D,Defined benefit plan,Tanımlanmış fayda planı,Post-employment plan promising specified benefits on retirement.,The defined benefit plan showed a large deficit.,"Tanımlanmış fayda planı, büyük bir açık gösterdi."
D,Defined benefit plans,Belirlenmiş fayda esaslı planlar,Post-employment plans where benefits are defined by a formula.,The defined benefit plan obligation is actuarially measured.,Belirlenmiş fayda esaslı plan yükümlülüğü aktüeryal olarak ölçülür.
D,Defined contribution plans,İşverenin tazminata katkı paylı (prim ödemeli) planları,Pension plans where the employer pays fixed contributions.,"Under defined contribution plans, the employer's obligation is limited to contributions.","Katkı paylı planlarda, işverenin yükümlülüğü ödenen katkı payıyla sınırlıdır."
D,Demand amount,Talep edilen tutar,An amount payable on demand.,The loan's demand amount is repayable immediately.,"Kredinin talep edilen tutarı, derhal geri ödenebilir."
D,Demand deposits,Vadesiz mevduat,Deposits that the depositor may withdraw at any time without prior notice.,Demand deposits are classified as current liabilities because they are repayable on call.,"Vadesiz mevduat, talep üzerine geri ödenebildiği için kısa vadeli yükümlülük olarak sınıflandırılır."
D,Demand feature,Talep edilme özelliği,A feature allowing the holder to demand redemption.,A demand feature may cause liability classification.,"Talep edilme özelliği, borç sınıflandırmasına yol açabilir."
D,Demerger,"Şirket bölünmesi, işletmenin bir bölümünü ayırarak elden çıkarma",The separation of a division into a distinct entity.,The demerger created two separately listed companies.,"Şirket bölünmesi, borsada ayrı işlem gören iki şirket oluşturdu."
D,Demonstrably committed,Taahhüt edilen tazminat,Being bound by a formal plan with no realistic possibility of withdrawal.,The entity was demonstrably committed to the restructuring plan.,"İşletme, yeniden yapılandırma planına taahhüt edilmiş durumdaydı."
D,Deposit account,Vadeli mevduat hesabı,A bank account holding funds on which interest is earned for a fixed term.,Surplus cash was placed in a one-year deposit account.,"Fazla nakit, bir yıllık vadeli mevduat hesabına yatırılmıştır."
D,Deposit accounting,Mevduata dayalı poliçeler,Method treating insurance contracts like financial deposits.,Deposit accounting applies to these short-duration contracts.,"Mevduata dayalı poliçeler, bu kısa süreli sözleşmelere uygulanır."
D,Deposit component,Yaşam sigortalarının mevduat birimi,The saving element embedded in an insurance contract.,The deposit component is separated from the insurance element.,"Mevduat birimi, sigorta unsurundan ayrılır."
D,Depreciable amount,Amortismana tabi tutar,Cost of an asset less its residual value.,The depreciable amount is allocated over the useful life.,"Amortismana tabi tutar, faydalı ömür boyunca dağıtılır."
D,Depreciable assets,Amortismana tabi varlıklar,Assets subject to depreciation.,Depreciable assets are written down over their useful lives.,"Amortismana tabi varlıklar, faydalı ömürleri boyunca itfa edilir."
D,Depreciable replacement cost approach,İtfa edilen yenileme maliyeti yaklaşımı,A valuation approach that estimates the current replacement cost of an asset and deducts accumulated depreciation and impairment.,The valuer applied the depreciable replacement cost approach to estimate the plant's fair value.,"Değerleyici, tesisin gerçeğe uygun değerini tahmin etmek için itfa edilen yenileme maliyeti yaklaşımını uyguladı."
D,Depreciation,Amortisman,Allocating a tangible asset's cost over its life.,Depreciation is charged on a straight-line basis.,"Amortisman, doğrusal yöntemle ayrılır."
D,Depreciation methods,Amortisman yöntemleri,Techniques for allocating the depreciable amount of an asset over time.,Depreciation methods include straight-line and reducing balance.,"Amortisman yöntemleri, doğrusal ve azalan bakiyeler yöntemini içerir."
D,Derecognise (a financial instrument),Finansal durum tablosu dışı bırakmak (bir finansal aracı),Removing a financial instrument from the statement of financial position.,The entity derecognised the financial asset upon transfer.,"İşletme, devir üzerine finansal varlığı finansal durum tablosu dışı bıraktı."
D,Derecognition,Finansal durum tablosu dışı bırakma,The removal of a previously recognised asset or liability from the statement of financial position.,Derecognition of the trade receivable followed the transfer of substantially all risks and rewards.,"Ticari alacağın finansal durum tablosu dışı bırakılması, risk ve getirilerin büyük ölçüde devredilmesini izlemiştir."
D,Derivative,Türev,Financial instrument whose value derives from an underlying.,The derivative is measured at fair value.,"Türev, gerçeğe uygun değer üzerinden ölçülür."
D,Derivative assets,Türev finansal varlıklar,Financial assets whose value derives from an underlying item.,Derivative assets are measured at fair value through profit or loss.,"Türev finansal varlıklar, kâr veya zararda gerçeğe uygun değerle ölçülür."
D,Derivative features,Türev araç özellikleri,Characteristics causing an instrument to behave like a derivative.,The host contract's derivative features required separate accounting.,Asıl sözleşmenin türev araç özellikleri ayrı muhasebeleştirme gerektirdi.
D,Derivative financial instruments,Türev finansal araçlar,Instruments whose value derives from an underlying item.,Derivative financial instruments are measured at fair value.,"Türev finansal araçlar, gerçeğe uygun değeriyle ölçülür."
D,Derivative liabilities,Türev finansal borçlar,Financial liabilities whose value changes in response to an underlying variable and are typically measured at fair value.,The derivative liabilities arising from the interest rate swap are measured at fair value through profit or loss.,"Faiz swapından kaynaklanan türev finansal borçlar, gerçeğe uygun değer farkı kâr veya zarara yansıtılarak ölçülür."
D,Designated and effective hedging instrument,Etkin bir finansal riskten korunma aracı,An instrument formally designated and effective for hedging.,The designated and effective hedging instrument offsets the risk.,"Etkin riskten korunma aracı, riski dengelemektedir."
D,Designation as at fair value through profit or loss,Gerçeğe uygun değer farkı kâr veya zarara yansıtılan olarak sınıflama,Choosing to measure a financial instrument at fair value through profit or loss.,The entity used designation as at fair value through profit or loss.,"İşletme, gerçeğe uygun değer farkı kâr veya zarara yansıtılan olarak sınıflama yaptı."
D,Determination of cost,Maliyetin belirlenmesi,The process of establishing the cost amount of an item.,The determination of cost follows the applicable cost formula.,"Maliyetin belirlenmesi, geçerli maliyet tekniğini izler."
D,Determining Whether an Arrangement Contains a Lease,Bir Anlaşmanın Kiralama İşlemi İçerip İçermediğinin Belirlenmesi,The guidance used to assess whether a contract conveys the right to use an asset in return for payment.,"Under the guidance on Determining Whether an Arrangement Contains a Lease, the contract was treated as a lease.","Bir Anlaşmanın Kiralama İşlemi İçerip İçermediğinin Belirlenmesi rehberliği uyarınca sözleşme, kiralama olarak değerlendirilmiştir."
D,Development,Geliştirme,Application of research findings to produce new or improved products.,Development costs were capitalised this year.,Geliştirme maliyetleri bu yıl aktifleştirildi.
D,Development costs,Geliştirme maliyetleri,Costs incurred to develop products or processes that may be capitalised.,Development costs were capitalised as an intangible asset.,"Geliştirme maliyetleri, maddi olmayan duran varlık olarak aktifleştirildi."
D,Diluted earnings per share,Seyreltilmiş hisse başına kazanç,EPS adjusted for the effect of all dilutive potential shares.,Diluted earnings per share reflects the convertible bond.,"Seyreltilmiş hisse başına kazanç, dönüştürülebilir tahvili yansıtır."
D,Dilution,Seyreltme,A reduction in earnings per share from potential shares.,The convertible bonds caused a dilution of EPS.,"Dönüştürülebilir tahviller, HBK'da seyreltmeye neden oldu."
D,Dilutive effect,Seyreltici etki,The reduction in earnings per share that would occur if potential ordinary shares were converted into ordinary shares.,The share options have a dilutive effect on basic earnings per share.,Hisse senedi opsiyonlarının temel hisse başına kazanç üzerinde seyreltici etkisi vardır.
D,Dilutive potential ordinary shares,Seyreltme etkisi olan potansiyel hisse senetleri,Potential shares that reduce earnings per share.,Dilutive potential ordinary shares reduce basic EPS.,"Seyreltme etkisi olan potansiyel hisseler, temel HBK'yı azaltır."
D,Diminishing balance method,Azalan bakiyeler yöntemi,A depreciation method applying a fixed rate to the reducing carrying amount.,The diminishing balance method charges higher depreciation early.,"Azalan bakiyeler yöntemi, başlangıçta daha yüksek amortisman kaydeder."
D,Direct insurance contract,Direkt sigorta poliçesi (Reasürans niteliği taşimayan sigorta sözleşmeleri ise endirekt sigorta poliçesi),An insurance contract that is not a reinsurance contract.,A direct insurance contract covers the policyholder's own risk.,"Direkt sigorta poliçesi, poliçe sahibinin kendi riskini kapsar."
D,Direct labour,Direkt işçilik,The cost of workers directly involved in producing goods or delivering services.,Direct labour and materials are included in the cost of the finished goods.,"Direkt işçilik ve malzemeler, mamul malların maliyetine dahil edilir."
D,Direct method of reporting cash flows from operating activities,İşletme faaliyetlerine ilişkin nakit akışlarının raporlanmasında direkt yöntem,Reporting operating cash flows by major gross cash classes.,The entity uses the direct method of reporting cash flows from operating activities.,"İşletme, işletme faaliyetlerine ilişkin nakit akışlarının raporlanmasında direkt yöntemi kullanır."
D,Direct operating expenses,Direkt faaliyet giderleri,Expenses directly attributable to operating an investment property.,Direct operating expenses are disclosed separately.,Direkt faaliyet giderleri ayrı olarak açıklanır.
D,Directly attributable,Doğrudan ilişkilendirilebilen,Costs that can be traced to a specific asset or transaction.,Only directly attributable costs are capitalised.,Yalnızca doğrudan ilişkilendirilebilen maliyetler aktife alınır.
D,Directors,Yöneticiler (müdürler),Members of the governing board of an entity.,Directors are considered key management personnel.,"Yöneticiler, kilit yönetici personel olarak kabul edilir."
D,Disaggregated information,Ayrıştırılmış bilgi,Information broken down into its component parts or categories to provide more detail to users of financial statements.,Disaggregated information about classes of assets helps users assess the entity's risk exposure.,"Varlık sınıflarına ilişkin ayrıştırılmış bilgi, kullanıcıların işletmenin risk maruziyetini değerlendirmesine yardımcı olur."
D,Disclose,Açıklamak,To present information in the financial statements.,Entities must disclose related party transactions.,"İşletmeler, ilişkili taraf işlemlerini açıklamalıdır."
D,Disclosure,Açıklama,Presentation of information in notes to financial statements.,The standard requires extensive disclosure of related parties.,"Standart, ilişkili tarafların kapsamlı şekilde açıklanmasını gerektirir."
D,Disclosure and presentation,Açıklama ve sunum,Requirements governing how information is shown and explained in statements.,The standard sets out disclosure and presentation requirements.,"Standart, açıklama ve sunum gerekliliklerini belirler."
D,Disclosure approach,Açıklama yaklaşımı,A method of presenting information in the notes rather than in the primary financial statements.,The board chose a disclosure approach instead of recognising the item in the accounts.,"Kurul, kalemi hesaplarda muhasebeleştirmek yerine açıklama yaklaşımını seçmiştir."
D,Disclosure of government assistance,Devlet yardımlarının açıklanması,Revealing the nature and amounts of government grants received.,Disclosure of government assistance is required in the notes.,"Devlet yardımlarının açıklanması, dipnotlarda zorunludur."
D,Disclosure requirement,Açıklama hükmü,A rule requiring information to be presented in the financial statements.,The disclosure requirement applies to all material items.,"Açıklama hükmü, tüm önemli kalemler için geçerlidir."
D,Disclosure – Service Concession Arrangements,Açıklama – İmtiyazlı Hizmet Anlaşmaları,Disclosure requirements for service concession arrangements.,Disclosures for service concession arrangements include the concession term.,İmtiyazlı hizmet anlaşmalarına ilişkin açıklamalar imtiyaz süresini içerir.
D,Disclosures in the Financial Statements of Banks and Similar Financial Institutions,Bankalar ve Benzeri Finansal Kuruluşların Finansal Tablolarında Yapılacak Açıklamalar,Disclosure requirements for banks and similar institutions.,The standard requires specific disclosures by banks.,"Standart, bankalar tarafından belirli açıklamalar yapılmasını gerektirir."
D,Discontinued (operations),Durdurulan (faaliyetler),A component of an entity that has been disposed of or is classified as held for sale and represents a separate major line of business.,The results of the discontinued operation are presented separately in the statement of profit or loss.,"Durdurulan faaliyetin sonuçları, kâr veya zarar tablosunda ayrı olarak sunulur."
D,Discontinued operation,Durdurulan faaliyet,A component disposed of or held for sale.,The discontinued operation is presented separately.,"Durdurulan faaliyet, ayrı olarak sunulur."
D,Discontinuing operation,Durdurulan (elden çıkarılacak işletme veya birimlerine ait),A component disposed of or classified as held for sale.,The discontinuing operation is presented separately.,"Durdurulan faaliyet, ayrı olarak sunulur."
D,Discount rate,İskonto oranı,The rate used to convert future cash flows to present value.,A pre-tax discount rate was applied to the projections.,Projeksiyonlara vergi öncesi bir iskonto oranı uygulanmıştır.
D,Discounted basis,İskonto esası (sigortacının yükümlülük hesaplaması),A measurement that brings future cash flows to present value using a discount rate.,The insurer measured its liabilities on a discounted basis to reflect the time value of money.,"Sigortacı, paranın zaman değerini yansıtmak için yükümlülüklerini iskonto esasına göre ölçmüştür."
D,Discounted basis (on a),İskontoya tabi tutulmuş (esas),Measured by discounting future cash flows to present value.,The provision was recognised on a discounted basis.,"Karşılık, iskontoya tabi tutulmuş esas üzerinden muhasebeleştirildi."
D,Discounted cash flow projections,İskonto edilmiş nakit akış projeksiyonları,Estimated future cash flows reduced to present value.,The recoverable amount was based on discounted cash flow projections.,"Geri kazanılabilir tutar, iskonto edilmiş nakit akış projeksiyonlarına dayandırıldı."
D,Discounting,İskonto etme,Reducing a future amount to its present value.,The provision was measured by discounting future cash outflows.,"Karşılık, gelecekteki nakit çıkışlarının iskonto edilmesiyle ölçüldü."
D,Discretionary participation feature,İsteğe bağlı katılım özelliği,A contractual right to share in profits.,The discretionary participation feature entitles policyholders to bonuses.,"İsteğe bağlı katılım özelliği, poliçe sahiplerine ikramiye hakkı verir."
D,Disposal consideration,Elden çıkarma bedeli,The amount received or receivable in exchange for disposing of an asset or a business.,The gain on disposal was measured as the disposal consideration less the carrying amount.,"Satış kazancı, elden çıkarma bedelinden defter değerinin düşülmesiyle ölçüldü."
D,Disposal group,Elden çıkarılan grup,Assets and liabilities to be disposed of together.,The disposal group is measured at the lower of carrying amount and fair value less costs.,"Elden çıkarılan grup, defter değeri ile gerçeğe uygun değerden maliyetler düşülerek bulunan değerin düşük olanıyla ölçülür."
D,Disposal plan,Elden çıkarma planı,A formal plan to sell or otherwise dispose of an asset.,A disposal plan was approved by the board.,"Bir elden çıkarma planı, yönetim kurulu tarafından onaylandı."
D,Disposal transaction,Elden çıkarma işlemi,A transaction in which an asset or business is sold or otherwise disposed of.,The disposal transaction resulted in a gain on sale.,"Elden çıkarma işlemi, satışta kâr ile sonuçlandı."
D,Dissenting opinion,"Karşı görüş, muhalif görüş",A formal statement by a board member who disagrees with a standard or decision.,Two board members attached a dissenting opinion to the new standard.,"İki kurul üyesi, yeni standarda karşı görüş eklemiştir."
D,Distributions of Non-Cash Assets to Owners,Nakit Dışı Varlıkların Ortaklara Dağıtımı,Transferring assets other than cash to owners as dividends.,The interpretation covers distributions of non-cash assets to owners.,"Yorum, nakit dışı varlıkların ortaklara dağıtımını kapsar."
D,Dividend yield,Temettü getirisi,Annual dividend per share divided by the share price.,The dividend yield was used as an input in the valuation.,"Temettü getirisi, değerlemede bir girdi olarak kullanıldı."
D,Dividends,Temettüler,Distributions of profit to shareholders.,Dividends declared after the reporting date are not recognised as a liability.,Raporlama tarihinden sonra ilan edilen temettüler borç olarak muhasebeleştirilmez.
D,Domain name,Alan adı,A registered internet address.,The domain name is recognised as an intangible asset.,"Alan adı, maddi olmayan duran varlık olarak muhasebeleştirilir."
D,Doubtful debts,Şüpheli borçlar,Receivables for which full collection is uncertain and which are therefore assessed for impairment.,A provision was recognised for doubtful debts based on the ageing of trade receivables.,Ticari alacakların yaşlandırılmasına dayanarak şüpheli borçlar için karşılık ayrıldı.
D,Downstream transactions,İştirak ve bağlı ortaklıklarla yapılan grup içi işlemler,Transactions from a parent to its subsidiary.,Downstream transactions are eliminated on consolidation.,"Aşağı yönlü işlemler, konsolidasyonda elimine edilir."
D,Dual listed corporation,Birden fazla borsada işlem gören bir anonim şirket,A company whose shares are listed on more than one exchange.,The dual listed corporation reports under two regulators.,"Birden fazla borsada işlem gören şirket, iki düzenleyiciye raporlama yapar."
D,Dual trigger contract,Çifte etki yaratan sigorta poliçesi,An insurance contract payable only on a specified uncertain future event.,The dual trigger contract may be accounted for as a derivative.,"Çifte etki yaratan sigorta poliçesi, türev olarak muhasebeleştirilebilir."
E,Earlier application is encouraged,Erken uygulama teşvik edilir,"A statement in a standard allowing, and encouraging, entities to apply it before its mandatory effective date.",The standard states that earlier application is encouraged but not required.,"Standart, erken uygulamanın teşvik edildiğini ancak zorunlu olmadığını belirtir."
E,Earnings,"Kazançlar, kârlar",Net profit of an entity for a reporting period.,Earnings rose sharply in the fourth quarter.,"Kazançlar, dördüncü çeyrekte keskin biçimde arttı."
E,Earnings contingency,Koşula bağlı kazançlar,Additional consideration payable if specified earnings targets are met.,The earnings contingency is payable over two years.,"Koşula bağlı kazançlar, iki yıl içinde ödenecektir."
E,Earnings per share,Hisse başına kazanç/kâr,Profit attributable to each ordinary share.,Basic earnings per share is disclosed on the income statement.,"Hisse başına temel kazanç, gelir tablosunda açıklanır."
E,Earnings Per Share – Financial Instruments and Other Contracts That May Be Settled in Shares,Hisse Başına Kazanç – Finansal Araçlar ve Hisse Senedi ile Ödenebilen Diğer Sözleşmeler,Interpretation on EPS and share-settleable instruments.,The interpretation addresses instruments that may be settled in shares.,"Bu yorum, hisse ile ödenebilen araçları ele alır."
E,Earnings – diluted,Seyreltilmiş kazanç,"The earnings figure used in diluted earnings per share, adjusted for the effects of all dilutive potential ordinary shares.",Diluted earnings per share was calculated using diluted earnings and the diluted weighted average share count.,"Seyreltilmiş hisse başına kazanç, seyreltilmiş kazanç ve seyreltilmiş ağırlıklı ortalama hisse sayısı kullanılarak hesaplandı."
E,Economic benefits,Ekonomik yararlar,Benefits flowing from an asset.,Economic benefits include revenue from using the asset.,"Ekonomik yararlar, varlığın kullanımından doğan hasılatı içerir."
E,Economic characteristics and risks,Ekonomik özellikler ve riskler,Features and risks of a contract used to test embedded derivatives.,The host contract's economic characteristics and risks were assessed.,Ana sözleşmenin ekonomik özellikleri ve riskleri değerlendirildi.
E,Economic decision-making needs of users,Kullanıcıların ekonomik karar alma ihtiyaçları,The informational requirements of those making resource allocation decisions.,Financial statements should meet users' economic decision-making needs.,"Finansal tablolar, kullanıcıların ekonomik karar alma ihtiyaçlarını karşılamalıdır."
E,Economic life,Ekonomik ömür,"The period over which an asset is expected to be economically usable, or the number of units expected to be produced from it.",The useful life of the leased asset did not exceed its economic life.,"Kiralanan varlığın faydalı ömrü, ekonomik ömrünü aşmamıştır."
E,Effect of assumed conversions,Varsayılan dönüştürme etkisi,Impact on earnings per share of hypothetically converted instruments.,The effect of assumed conversions increased the diluted share count.,"Varsayılan dönüştürme etkisi, sulandırılmış pay sayısını artırdı."
E,Effective date,Yürürlük tarihi,The date from which a standard or amendment must be applied.,The amendment's effective date is 1 January 2025.,Değişikliğin yürürlük tarihi 1 Ocak 2025'tir.
E,Effective interest method,Etkin faiz yöntemi,Method allocating interest over the life of a financial instrument.,The bond is measured using the effective interest method.,"Tahvil, etkin faiz yöntemi kullanılarak ölçülür."
E,Effective interest rate,Etkin faiz oranı,The rate that exactly discounts future cash flows.,The effective interest rate includes transaction fees.,"Etkin faiz oranı, işlem ücretlerini içerir."
E,Effects of Changes in Foreign Exchange Rates,Kur Değişiminin Etkileri,The standard that prescribes how to translate foreign currency transactions and foreign operations into the presentation currency.,The standard on the effects of changes in foreign exchange rates governs how exchange differences are recognised.,"Kur değişiminin etkilerine ilişkin standart, kur farklarının nasıl muhasebeleştirileceğini düzenler."
E,Elements of cost of exploration and evaluation assets,Araştırma ve değerlendirme varlıklarının maliyet unsurları,The components making up exploration and evaluation asset cost.,Elements of cost include acquisition and exploration costs.,Maliyet unsurları; edinme ve araştırma maliyetlerini içerir.
E,Eligibility conditions,Uygunluk koşulları,Requirements that must be satisfied to use a particular treatment.,The hedge met all the eligibility conditions.,"Korunma işlemi, tüm uygunluk koşullarını karşıladı."
E,Eligible for capitalisation,Aktifleştirmeye uygun,Qualifying for recognition as an asset rather than an expense.,Borrowing costs were eligible for capitalisation.,Borçlanma maliyetleri aktifleştirmeye uygundu.
E,Eligible hedged items,Finansal riskten korunma konusuna uygun kalem,"Assets, liabilities or forecast transactions that qualify for hedge accounting.",The firm commitment to buy steel was an eligible hedged item.,"Çelik satın almaya ilişkin kesin taahhüt, finansal riskten korunma konusuna uygun bir kalemdi."
E,Elimination of Unrealised Profits and Losses on Transactions with Associates,İştiraklerde Yapılan İşlemlerden Kaynaklanan Gerçekleşmemiş Kâr ve Zararların Eliminasyonu,Removing intragroup unrealised gains from associate transactions.,The standard requires elimination of unrealised profits and losses on transactions with associates.,"Standart, iştiraklerle yapılan işlemlerden kaynaklanan gerçekleşmemiş kâr ve zararların eliminasyonunu gerektirir."
E,Embedded derivative,Saklı türev ürün,A derivative component included within a host contract.,The embedded derivative was separated from the host contract.,"Saklı türev ürün, esas sözleşmeden ayrıldı."
E,Embedded prepayment penalties,Saklı peşin ödeme cezaları,Penalty terms included within a host contract.,Embedded prepayment penalties were separated from the host contract.,Saklı peşin ödeme cezaları asıl sözleşmeden ayrıştırıldı.
E,Employee benefits,Çalışanlara sağlanan faydalar,All forms of consideration given to employees.,"Employee benefits include wages, pensions and share options.","Çalışanlara sağlanan faydalar; ücret, emeklilik ve hisse opsiyonlarını içerir."
E,Employee share ownership plan,Personelin hisse alarak ortak olma planı,"An arrangement under which employees acquire shares in the entity, often as a form of remuneration.",The employee share ownership plan gives staff the right to acquire shares at a discount.,"Personelin hisse alarak ortak olma planı, çalışanlara hisseleri indirimli olarak edinme hakkı verir."
E,Employee share purchase plan,Çalışanların hisse satın alma planları,A plan allowing employees to buy shares.,The employee share purchase plan encourages share ownership.,"Çalışanların hisse satın alma planı, hisse sahipliğini teşvik eder."
E,Employee turnover rates,Personel devir hızı,The rate at which employees leave and are replaced.,Employee turnover rates affect estimated share-based payments.,"Personel devir hızı, tahmini hisse bazlı ödemeleri etkiler."
E,Employees and others providing similar services,Çalışanlar ve benzer hizmetleri sağlayan diğerleri,Individuals rendering personal services to an entity under its direction.,Share-based payments apply to employees and others providing similar services.,"Pay bazlı ödemeler, çalışanlar ve benzer hizmetleri sağlayan diğerleri için geçerlidir."
E,Employer payroll taxes and insurance contributions,İşverenin ücret vergisi ve sosyal sigorta primleri,Taxes and social security contributions an employer pays on behalf of its employees.,Employer payroll taxes and insurance contributions are recognised as part of employee benefit expense.,"İşverenin ücret vergisi ve sosyal sigorta primleri, çalışanlara sağlanan fayda giderinin bir parçası olarak muhasebeleştirilir."
E,Enactment,Yasalaşma,Formal passing of tax law making it substantively effective.,Deferred tax was measured after the new law's enactment.,"Ertelenmiş vergi, yeni kanunun yasalaşmasının ardından ölçüldü."
E,End of reporting period,Raporlama dönemi sonu,The final date of the period covered by financial statements.,Assets were measured at the end of the reporting period.,"Varlıklar, raporlama dönemi sonunda ölçüldü."
E,End of the reporting period,Raporlama dönemi sonu,The last day of the period covered by the financial statements.,Events after the end of the reporting period are evaluated for adjustment.,Raporlama dönemi sonundan sonraki olaylar düzeltme açısından değerlendirilir.
E,Enforcement of covenants,Sözleşmenin yaptırımları,Applying contractual conditions against a borrower.,Enforcement of covenants allows the lender to demand repayment.,"Sözleşme yaptırımları, borç verene geri ödeme talep etme hakkı verir."
E,Enhanced disclosure,Geniş kapsamlı açıklamalar,Additional or more detailed disclosures required to provide users with a better understanding of an entity's transactions and risks.,Enhanced disclosure requirements apply to entities that use fair value measurements.,"Geniş kapsamlı açıklama yükümlülükleri, gerçeğe uygun değer ölçümlerini kullanan işletmeler için geçerlidir."
E,Enterprise,"İşletme, teşebbüs",An entity engaged in business.,The enterprise prepares general purpose financial statements.,"İşletme, genel amaçlı finansal tablolar hazırlar."
E,Enterprises whose shares are (not) publicly traded,Hisseleri borsada işlem gören (görmeyen) şirketler,Entities distinguished by whether their shares trade publicly.,The standard applies to enterprises whose shares are not publicly traded.,"Standart, hisseleri borsada işlem görmeyen şirketlere uygulanır."
E,Entities whose debt or equity securities are publicly traded,Borçlanma senetleri ve hisse senetleri halka arzedilmiş işletmeler,Entities with securities listed or traded in a public market.,Such standards apply to entities whose debt or equity securities are publicly traded.,"Bu standartlar, borçlanma senetleri ve hisse senetleri halka arzedilmiş işletmelere uygulanır."
E,Entity,İşletme,Any distinguishable economic unit that prepares financial statements.,The reporting entity presents consolidated financial statements for the group.,"Raporlayan işletme, grup için konsolide finansal tablolar sunar."
E,Entity-specific value,İşletmeye özgü değer,Value of an asset to the specific entity holding it.,Entity-specific value may differ from fair value.,"İşletmeye özgü değer, gerçeğe uygun değerden farklı olabilir."
E,Environmental obligations,Çevresel yükümlülükler,"Duties to prevent, reduce or remedy environmental damage.",Environmental obligations were recognised as a provision.,"Çevresel yükümlülükler, karşılık olarak muhasebeleştirildi."
E,Equal prominence,Eşit derecede önem,Presenting all financial statements with equal emphasis.,All statements are presented with equal prominence.,Tüm tablolar eşit derecede önem verilerek sunulur.
E,Equalisation provisions,Dengeleme karşılıkları (Sigortacılık riskleri genel karşılıkları),Provisions smoothing insurance claims over time.,Equalisation provisions are not permitted in some jurisdictions.,Dengeleme karşılıklarına bazı ülkelerde izin verilmez.
E,Equity,Özkaynak,The residual interest in the assets of an entity after deducting all of its liabilities.,Total equity increased as a result of the profit for the year and the share issue.,"Toplam özkaynak, yılın kârı ve hisse ihracı sonucunda arttı."
E,Equity accounting method – recognition of losses,Özkaynak muhasebeleştirme yöntemi - zararların muhasebeleştirilmesi,Recognising losses under the equity method.,Recognition of losses under the equity method is limited to the investment.,"Özkaynak yönteminde zararların muhasebeleştirilmesi, yatırımla sınırlıdır."
E,Equity balances,Özkaynak bakiyeleri,The components and amounts making up shareholders' equity.,Equity balances include share capital and retained earnings.,"Özkaynak bakiyeleri, sermaye ve birikmiş kârları içerir."
E,Equity capital,Ortaklarca konulan sermaye,Funds contributed by owners as opposed to borrowed capital.,Equity capital provides a buffer against losses.,"Ortaklarca konulan sermaye, zararlara karşı bir tampon sağlar."
E,Equity compensation benefits(=stock (=share) compensation benefits),Özkaynağa dayalı tazmin karşılıkları (Hisse senedine dayalı tazmin faydaları),Benefits granted to employees in the form of the entity's own equity instruments.,The equity compensation benefits were measured at the fair value of the shares granted.,"Özkaynağa dayalı tazmin karşılıkları, verilen hisselerin gerçeğe uygun değerinden ölçülmüştür."
E,Equity compensation plans (=share (=stock) compensation plans),Özkaynağa dayalı tazmin planları (Hisse senedine dayalı tazmin planları),Arrangements paying employees in shares or share options.,Equity compensation plans were approved by shareholders.,"Özkaynağa dayalı tazmin planları, hissedarlar tarafından onaylandı."
E,Equity component,Özkaynak kalemi,The portion of a compound instrument classified as equity.,The equity component is measured at the residual amount.,"Özkaynak kalemi, kalan tutar üzerinden ölçülür."
E,Equity holders,Hisse senedi sahipleri,The owners of an entity's equity instruments.,Profit attributable to equity holders of the parent is disclosed.,Ana ortaklık hisse senedi sahiplerine atfedilen kâr açıklanır.
E,Equity index,Özkaynak endeksi,An index tracking share prices.,The return is linked to an equity index.,"Getiri, bir özkaynak endeksine bağlıdır."
E,Equity instrument,Özkaynağa dayalı finansal araç,Any contract that evidences a residual interest in the assets of an entity after deducting all of its liabilities.,Ordinary shares are an example of an equity instrument issued by the entity.,"Adi hisse senetleri, işletmenin ihraç ettiği özkaynağa dayalı finansal araca bir örnektir."
E,Equity instrument granted,İhraç edilmiş özkaynağa dayalı finansal araç,An equity instrument issued under a share-based payment.,The fair value of the equity instrument granted is measured at grant date.,"İhraç edilen özkaynak aracının gerçeğe uygun değeri, tahsis tarihinde ölçülür."
E,Equity interests,Özkaynak payı,Ownership stakes in an entity represented by shares.,The group holds equity interests in several associates.,"Grup, birçok iştirakte özkaynak payına sahiptir."
E,Equity issue,Hisse senedi ihracı,The issuance of shares to raise capital.,The equity issue raised additional funds for expansion.,"Hisse senedi ihracı, büyüme için ek kaynak sağladı."
E,Equity method,Özkaynak yöntemi,A method of accounting for investments in associates under which the investment is adjusted for the investor's share of profits.,The 30% interest in the associate was accounted for using the equity method.,"İştirakteki %30 pay, özkaynak yöntemi kullanılarak muhasebeleştirilmiştir."
E,Equity securities,Özkaynak senetleri/ Hisse senedine dayalı menkul kıymetler,Financial instruments representing ownership in an entity.,Equity securities are measured at fair value.,"Özkaynak senetleri, gerçeğe uygun değer üzerinden ölçülür."
E,Equity – costs of an equity transaction,Özkaynak- bir özkaynak işleminin maliyetleri,Incremental costs directly attributable to issuing or acquiring equity instruments.,Transaction costs of issuing new shares are deducted from equity.,Yeni hisse ihracının işlem maliyetleri özkaynaktan düşülür.
E,Equity-settled share-based payment transaction,Özkaynağa dayalı (özkaynaktan karşılanan) hisse bazlı ödeme işlemi,A transaction settled by issuing equity instruments.,"In an equity-settled share-based payment, the expense is credited to equity.","Özkaynağa dayalı ödemede, gider özkaynaklara alacak kaydedilir."
E,Estimated costs,Tahmini maliyetler,Costs estimated for the future.,Estimated costs to complete are reviewed each period.,Tamamlamaya ilişkin tahmini maliyetler her dönem gözden geçirilir.
E,Estimated future cash flows,Gelecekte gerçekleşmesi tahmin edilen nakit akışları,Projected cash flows used in valuation and impairment testing to determine recoverable amounts.,The recoverable amount was based on the estimated future cash flows discounted to their present value.,"Geri kazanılabilir tutar, bugünkü değerine indirgenen gelecekte gerçekleşmesi tahmin edilen nakit akışlarına dayanıyordu."
E,European share option,Avrupa hisse senedi edinme hakkı,An option exercisable only at maturity.,A European share option can be exercised only at expiry.,"Avrupa tipi opsiyon, yalnızca vade sonunda kullanılabilir."
E,Evaluating the Substance of Transactions Involving the Legal Form of a Lease,Yasal açıdan kiralama görünümündeki işlemlerin özünün değerlendirilmesi,Assessing whether a transaction is a lease based on its substance.,We evaluated the substance of the transaction despite its legal form.,Yasal biçimine rağmen işlemin özünü değerlendirdik.
E,Event-driven fair value measurements,Olaya dayalı gerçeğe uygun değer ölçümü,Fair value measurements triggered by specific events rather than periodic reporting.,Event-driven fair value measurements were required after the restructuring.,Yeniden yapılandırmanın ardından olaya dayalı gerçeğe uygun değer ölçümleri gerekli oldu.
E,Events After the Balance Sheet Date,Bilanço Tarihinden Sonraki Olaylar,Events occurring between the reporting date and the date the financial statements are authorised for issue.,"Under the standard on Events After the Balance Sheet Date, the fire was treated as an adjusting event.","Bilanço Tarihinden Sonraki Olaylar standardı uyarınca yangın, düzeltici olay olarak değerlendirilmiştir."
E,Events after the reporting period,Raporlama döneminden sonra ortaya çıkan olaylar,Events occurring between the reporting date and authorization of financial statements.,Events after the reporting period required an adjustment to the year-end figures.,"Raporlama döneminden sonra ortaya çıkan olaylar, yıl sonu rakamlarında düzeltme yapılmasını gerektirdi."
E,Events occurring after the balance sheet date,Bilanço tarihinden sonra ortaya çıkan olaylar,Favourable or unfavourable events arising between the reporting date and authorisation of statements.,Management assessed events after the balance sheet date before finalising the accounts.,"Yönetim, hesapları kesinleştirmeden önce bilanço tarihinden sonraki olayları değerlendirdi."
E,Eventual recipients,Nihai alıcılar,The parties who ultimately receive goods or services.,Eventual recipients of share-based payments are identified in the grant.,"Hisse bazlı ödemelerin nihai alıcıları, tahsis sırasında belirlenir."
E,Evidence of impairment,Değer azalışına dair kanıt,Objective evidence that an asset is impaired.,Evidence of impairment triggers a write-down.,"Değer azalışına dair kanıt, değer düşüklüğü kaydını tetikler."
E,Exchange difference,Kur farkı,The difference resulting from translating a given number of units of one currency into another currency at different exchange rates.,The exchange difference on translating the foreign subsidiary was recognised in other comprehensive income.,"Yabancı bağlı ortaklığın çevrilmesinden kaynaklanan kur farkı, diğer kapsamlı gelirde muhasebeleştirildi."
E,Exchange of assets,"Varlıkların takası, değişimi, trampası",Swapping one asset for another.,An exchange of assets is measured at fair value if it has commercial substance.,"Varlık takası, ticari özü varsa gerçeğe uygun değeriyle ölçülür."
E,Exchange rate,"Takas/değişim oranı, döviz kuru",Rate at which one currency is exchanged for another.,The exchange rate moved sharply against us last quarter.,Döviz kuru geçen çeyrekte aleyhimize sert hareket etti.
E,Exchange transaction,"Değişim, takas işlemi",A transaction in which two parties exchange assets or services.,The exchange transaction swapped one property for another.,Değişim işlemi bir gayrimenkulü diğeriyle takas etti.
E,Executory contract,Belirli koşullar altında yürürlüğe girecek sözleşmeler,A contract under which neither party has yet performed any of its obligations.,The executory contract was not recognised until either party performed.,"Belirli koşullar altında yürürlüğe girecek sözleşme, taraflardan biri edimini yerine getirene kadar muhasebeleştirilmemiştir."
E,Exemptions,Muafiyetler,Reliefs from applying certain requirements of a standard or framework.,The standard grants several exemptions for first-time adopters.,"Standart, ilk kez uygulayanlar için birkaç muafiyet tanımaktadır."
E,Exercise date,Yürürlük tarihi,The date on which an option or warrant may be exercised.,The exercise date of the share options falls in March.,Hisse opsiyonlarının yürürlük tarihi Mart ayına denk geliyor.
E,Exercise of rights,Hakların kullanımı,"Using a right, such as a share option.",The exercise of rights resulted in the issue of new shares.,"Hakların kullanımı, yeni hisse ihracıyla sonuçlandı."
E,Exercise price,Uygulanacak fiyat,The price at which an option can be exercised.,The exercise price was set below the market price.,"Uygulanacak fiyat, piyasa fiyatının altında belirlendi."
E,Existing liability,Mevcut borç,A present obligation arising from a past event that is expected to result in an outflow of resources.,A provision is recognised only when an existing liability is probable at the reporting date.,"Karşılık, yalnızca raporlama tarihinde mevcut bir borcun muhtemel olması durumunda muhasebeleştirilir."
E,Expected value,Beklenen (tahmini) değer,A probability-weighted average of possible outcomes.,The expected value of the provision was calculated from possible outcomes.,"Karşılığın beklenen değeri, olası sonuçlardan hesaplandı."
E,Expenditure,Harcama,Outflow of resources or incurrence of liabilities.,Capital expenditure rose significantly this year.,Sermaye harcaması bu yıl önemli ölçüde arttı.
E,Expenses,Giderler,"Decreases in economic benefits during the period, usually as outflows.",Operating expenses rose sharply in the fourth quarter.,Faaliyet giderleri dördüncü çeyrekte keskin biçimde arttı.
E,Experience account,Aktüeryal varsayıma dayalı hesap,A notional account used to track the difference between actual experience and assumptions in insurance accounting.,Actuarial gains recorded in the experience account reflected better than expected mortality.,"Aktüeryal varsayıma dayalı hesapta kaydedilen aktüeryal kazançlar, beklenenden daha iyi bir ölüm oranını yansıtmıştır."
E,Experience adjustments,Aktüeryal varsayımla gerçekleşen arasındaki fark düzeltmeleri,Differences between actuarial assumptions and what actually occurred.,Experience adjustments reduced the defined benefit obligation this year.,Aktüeryal varsayımla gerçekleşen arasındaki fark düzeltmeleri bu yıl tanımlanmış fayda yükümlülüğünü azalttı.
E,Expiry date,Vade tarihi,The date on which a contract or option ceases to be valid.,The option lapsed without being exercised by its expiry date.,"Opsiyon, vade tarihine kadar kullanılmadan geçersiz hale geldi."
E,Explicit and unreserved statement of compliance,Açık ve koşulsuz uyum tablosu,A statement that financial statements comply fully with IFRS.,An explicit and unreserved statement of compliance with IFRSs is required.,IFRS'lere açık ve koşulsuz uyum beyanı gereklidir.
E,Exploration and evaluation assets,Araştırma ve değerlendirme varlıkları,Assets arising from mineral exploration.,Exploration and evaluation assets are tested for impairment.,Araştırma ve değerlendirme varlıkları değer düşüklüğü testine tabi tutulur.
E,Exploration and evaluation expenditures,Araştırma ve değerlendirme harcamaları,Costs incurred in the search for mineral resources and the determination of technical feasibility and commercial viability.,Exploration and evaluation expenditures are recognised as assets pending the determination of commercial viability.,"Araştırma ve değerlendirme harcamaları, ticari uygulanabilirliğin belirlenmesine kadar varlık olarak muhasebeleştirilir."
E,Exploration for and Evaluation of Mineral Resources,Maden Kaynaklarının Araştırılması ve Değerlendirilmesi,The standard on mineral exploration and evaluation assets.,The standard addresses exploration and evaluation expenditures.,"Standart, arama ve değerlendirme harcamalarını ele alır."
E,Exposure draft,Nihai taslak,Proposed standard published for public comment.,The board issued an exposure draft on revenue recognition.,"Kurul, hasılat muhasebeleştirmesine ilişkin bir nihai taslak yayımladı."
E,Expropriation of major assets,Önemli varlıkların devlet tarafından kamulaştırılması,Government seizure of significant assets from an entity.,The expropriation of major assets caused a large impairment loss.,Önemli varlıkların kamulaştırılması büyük bir değer düşüklüğü zararına yol açtı.
E,Extinguishing Financial Liabilities with Equity Instruments,Finansal Borçların Özkaynağa Dayalı Finansal Araçlarla Ödenmesi,The guidance on accounting for the settlement of a financial liability by issuing the debtor's own equity instruments.,"Under the interpretation on Extinguishing Financial Liabilities with Equity Instruments, the gain was recognised in profit or loss.","Finansal Borçların Özkaynağa Dayalı Finansal Araçlarla Ödenmesi yorumu uyarınca kazanç, kâr veya zararda muhasebeleştirilmiştir."
E,Extraordinary items,Olağandışı kalemler,Gains or losses clearly distinct from ordinary business activities.,IFRS no longer permits the separate presentation of extraordinary items.,UFRS artık olağandışı kalemlerin ayrı olarak sunulmasına izin vermemektedir.
E,Face (of financial statements or notes),(Finansal tablolar veya dipnotların) içeriği,The main body where financial statements or notes are presented.,The disclosures are presented on the face of the financial statements.,Açıklamalar finansal tabloların içeriğinde sunulur.
E,Fair presentation,Gerçeğe uygun sunum,Faithful representation of transactions in the financial statements.,Fair presentation requires faithful representation of the entity's position.,"Gerçeğe uygun sunum, işletmenin durumunun gerçeğe uygun gösterimini gerektirir."
E,Fair value,Gerçeğe uygun değer,The price to sell an asset in an orderly transaction.,Fair value is measured using market participant assumptions.,"Gerçeğe uygun değer, piyasa katılımcısı varsayımlarıyla ölçülür."
E,Fair value gains and losses,Gerçeğe uygun değer kazanç ve kayıpları,Gains or losses arising from remeasuring an asset or liability to its fair value at the reporting date.,Fair value gains and losses on the trading portfolio are recognised in profit or loss.,Alım satım portföyüne ilişkin gerçeğe uygun değer kazanç ve kayıpları kâr veya zararda muhasebeleştirilir.
E,Fair value hedge,Gerçeğe uygun değer riskinden korunma işlemi,A hedge of changes in fair value.,A fair value hedge offsets changes in the hedged item's value.,"Gerçeğe uygun değer riskinden korunma, korunan kalemin değerindeki değişimi dengeler."
E,Fair value less costs to sell,Satış maliyetleri düşülmüş gerçeğe uygun değer,Fair value of an asset minus disposal costs.,The machine was measured at fair value less costs to sell.,"Makine, satış maliyetleri düşülmüş gerçeğe uygun değerle ölçüldü."
E,Fair value measurement,Gerçeğe uygun değer ölçümü,The price received to sell an asset in an orderly transaction.,Fair value measurement of the building used recent market data.,Binanın gerçeğe uygun değer ölçümü güncel piyasa verilerini kullandı.
E,Fair value model,Gerçeğe uygun değer modeli,A measurement approach under which investment property is carried at fair value with changes recognised in profit or loss.,The company applies the fair value model to all of its investment property.,"Şirket, tüm yatırım amaçlı gayrimenkullerine gerçeğe uygun değer modelini uygular."
E,Faithful representation,Güvenilir olma,Information that faithfully depicts what it purports to represent.,"Faithful representation requires complete, neutral and error-free information.","Güvenilir olma, eksiksiz, tarafsız ve hatasız bilgi gerektirir."
E,Fees,"Aidatlar, ücretler",Charges paid for services or membership.,The entity paid annual fees to the stock exchange.,İşletme borsaya yıllık aidat ödedi.
E,Fellow subsidiary,Aynı daldaki bağlı ortaklık,A subsidiary of the same parent as another entity.,The fellow subsidiary is consolidated within the same group.,"Aynı daldaki bağlı ortaklık, aynı grup içinde konsolide edilir."
E,Fidelity bonds,Emniyeti suistimale karşı korumalı tahvil,Insurance against employee dishonesty.,Fidelity bonds cover losses from employee fraud.,"Emniyeti suistimale karşı korumalı tahviller, çalışan suistimalinden doğan zararları karşılar."
E,Fiduciary activities,Saklama faaliyetleri,"Activities in which an entity holds or manages assets on behalf of others, without recognising those assets as its own.",Assets held in fiduciary activities are not recognised in the entity's statement of financial position.,"Saklama faaliyetlerinde elde tutulan varlıklar, işletmenin finansal durum tablosunda muhasebeleştirilmez."
E,Fiduciary capacity,Mütevelli gücü,Acting on behalf of others.,The bank acts in a fiduciary capacity for its clients.,"Banka, müşterileri için mütevelli sıfatıyla hareket eder."
E,FIFO,FİFO (ilk giren ilk çıkar),"Inventory costing method: first in, first out.","Under FIFO, the oldest inventory is sold first.",FİFO'da en eski stok önce satılır.
E,FIFO formula,FİFO yöntemi,Cost formula assuming the earliest inventory items are sold first.,The FIFO formula was applied to value the closing inventory.,FİFO yöntemi dönem sonu stoklarını değerlemek için uygulandı.
E,Finance lease,Finansal kiralama,A lease that transfers substantially all the risks and rewards of ownership to the lessee.,The equipment was recognised as a finance lease because ownership transferred at the end of the term.,"Ekipman, vade sonunda mülkiyet devredildiği için finansal kiralama olarak muhasebeleştirilmiştir."
E,Finance lease obligations,Finansal kiralama yükümlülükleri,Liabilities arising from leases that transfer substantially all ownership risks.,Finance lease obligations are split between current and non-current portions.,Finansal kiralama yükümlülükleri kısa ve uzun vadeli kısımlara ayrılır.
E,Financial asset,Finansal varlık,"Any asset that is cash, an equity instrument, or a contractual right to receive cash.",Trade receivables are recognised as a financial asset.,Ticari alacaklar finansal varlık olarak muhasebeleştirilir.
E,Financial asset or financial liability at fair value through profit or loss,Gerçeğe uygun değeri kâr veya zarara yansıtılan finansal varlık veya finansal borç,Instrument measured at fair value with changes in profit or loss.,The derivative is classified at fair value through profit or loss.,"Türev araç, gerçeğe uygun değeri kâr veya zarara yansıtılan olarak sınıflandırılır."
E,Financial asset or liability held for trading,Alım satım amaçlı elde tutulan finansal varlık veya finansal borç,Instruments held to profit from short-term movements.,Financial assets held for trading are measured at fair value through profit or loss.,"Alım satım amaçlı finansal varlıklar, gerçeğe uygun değeri kâr veya zarara yansıtılan olarak ölçülür."
E,Financial assets acquired at a discount that reflects incurred credit losses,Katlanılan kredi zararlarını yansıtan bir iskontoyla elde edilen finansal varlıklar,"Financial assets purchased at a price that already reflects incurred credit losses, for which interest income is calculated on the credit-adjusted effective rate.","For financial assets acquired at a discount that reflects incurred credit losses, interest income is recognised using the credit-adjusted effective interest rate.","Katlanılan kredi zararlarını yansıtan bir iskontoyla elde edilen finansal varlıklar için faiz geliri, krediye göre düzeltilmiş etkin faiz oranı kullanılarak muhasebeleştirilir."
E,Financial capital,Finansal sermaye,Capital measured in money terms.,Financial capital is maintained in nominal monetary units.,"Finansal sermaye, nominal para birimleri cinsinden korunur."
E,Financial conglomerate,Finansal şirketler topluluğu,Group dominated by financial activities across sectors.,The financial conglomerate spans banking and insurance.,Finansal şirketler topluluğu bankacılık ve sigortayı kapsar.
E,Financial guarantee,Finansal teminat,A contract requiring the issuer to pay if a debtor defaults.,The parent issued a financial guarantee for the subsidiary's loan.,"Ana şirket, bağlı ortaklığın kredisi için finansal teminat verdi."
E,Financial guarantee contract,Finansal teminat sözleşmesi,A contract requiring the issuer to make payments if a specified debtor fails to meet its obligations.,The parent's financial guarantee contract over the subsidiary's loan was disclosed as a contingent liability.,"Ana ortaklığın, bağlı ortaklığın kredisine ilişkin finansal teminat sözleşmesi, koşullu borç olarak açıklanmıştır."
E,Financial institution,Finansal kuruluş,Entity providing financial services such as banking or insurance.,The financial institution disclosed its exposure to credit risk.,Finansal kuruluş kredi riskine ilişkin maruziyetini açıkladı.
E,Financial instruments,Finansal araçlar,Contracts that create a financial asset for one party and a liability or equity for another.,Derivatives are financial instruments measured at fair value.,Türev ürünler gerçeğe uygun değerle ölçülen finansal araçlardır.
E,Financial instruments puttable at fair value,Gerçeğe uygun değeri üzerinden satılabilir finansal araçlar,Instruments giving the holder a right to put them back at fair value.,Puttable instruments may be classified as equity in limited cases.,"Satılabilir finansal araçlar, sınırlı durumlarda özkaynak olarak sınıflandırılabilir."
E,Financial Instruments: Disclosure and Presentation,Finansal Araçlar: Açıklama ve Sunum,Standard on disclosure and presentation of instruments.,This standard addresses how financial instruments are presented.,"Bu standart, finansal araçların nasıl sunulacağını ele alır."
E,Financial Instruments: Disclosures,Finansal Araçlar: Açıklamalar,The standard that requires entities to disclose information about the significance of financial instruments and the nature and extent of related risks.,The entity complied with the disclosure requirements of Financial Instruments: Disclosures.,"İşletme, Finansal Araçlar: Açıklamalar standardının açıklama yükümlülüklerine uydu."
E,Financial Instruments: Presentation,Finansal Araçlar: Sunum,The standard on presenting financial instruments.,This standard governs the presentation of financial instruments.,"Bu standart, finansal araçların sunumunu düzenler."
E,Financial Instruments: Recognition and Measurement,Finansal Araçlar: Muhasebeleştirme ve Ölçme,IAS 39 standard on financial instruments accounting.,IAS 39 covers recognition and measurement of financial instruments.,"IAS 39, finansal araçların muhasebeleştirilmesi ve ölçümünü kapsar."
E,Financial liability,Finansal borç,A contractual obligation to deliver cash or another financial asset.,The bond is classified as a financial liability.,"Tahvil, finansal borç olarak sınıflandırılmıştır."
E,Financial liability at fair value through profit or loss,Gerçeğe uygun değer farkı kâr veya zarara yansıtılan finansal borç,A financial liability initially and subsequently measured at fair value with changes recognised in profit or loss.,The trading bonds were designated as financial liabilities at fair value through profit or loss.,"Alım satım amaçlı tahviller, gerçeğe uygun değer farkı kâr veya zarara yansıtılan finansal borçlar olarak sınıflandırılmıştır."
E,Financial performance,Finansal performans,The results of an entity's operations measured through income and expenses.,The statement of comprehensive income presents financial performance.,Kapsamlı gelir tablosu finansal performansı sunar.
E,Financial position,Finansal durum,"The economic resources, obligations, and equity of an entity at a point in time.","The statement of financial position reports assets, liabilities and equity.","Finansal durum tablosu varlıkları, borçları ve özkaynağı raporlar."
E,Financial reporting,Finansal raporlama,Reporting an entity's financial position and performance.,The objective of financial reporting is to provide useful information.,"Finansal raporlamanın amacı, faydalı bilgi sunmaktır."
E,Financial Reporting in Hyperinflationary Economies,Yüksek Enflasyonlu Ekonomilerde Finansal Raporlama,Standard requiring restatement under hyperinflation.,Entities apply restatement in hyperinflationary economies.,"İşletmeler, yüksek enflasyonlu ekonomilerde düzeltme uygular."
E,Financial Reporting of Interests in Joint Ventures,İş ortaklıklarındaki payların raporlanması,The standard governing how a venturer reports its interests in jointly controlled entities and other joint arrangements.,The standard on the financial reporting of interests in joint ventures permits proportionate consolidation or the equity method.,"İş ortaklıklarındaki payların raporlanmasına ilişkin standart, oransal konsolidasyon veya özkaynak yöntemine izin verir."
E,Financial review,Finansal inceleme / gözden geçirme,A review of an entity's financial position.,The financial review discusses the entity's performance.,"Finansal inceleme, işletmenin performansını ele alır."
E,Financial risk,Finansal risk,Risk of loss from financial price movements.,Financial risk includes currency and interest rate exposure.,"Finansal risk, kur ve faiz oranı risklerini içerir."
E,Financial service fees,Finansal hizmet ücretleri,Fees charged for managing or arranging financial assets.,Financial service fees were recognised as revenue over time.,Finansal hizmet ücretleri zaman içinde gelir olarak muhasebeleştirildi.
E,Financial statements,Finansal tablolar,"Structured representations of an entity's financial position and performance, including notes.",The financial statements were authorised for issue on 20 March.,Finansal tablolar 20 Mart tarihinde yayımlanmak üzere onaylanmıştır.
E,Financial year-to-date basis,Mali yıl esası,Reporting results accumulated from the start of the financial year.,Interim reports are prepared on a financial year-to-date basis.,Ara dönem raporları mali yıl esasına göre hazırlanır.
E,Financing activities,Finansman faaliyetleri,Activities that change the size and composition of contributed equity and borrowings.,Proceeds from bank loans are classified as financing activities.,Banka kredisi gelirleri finansman faaliyetleri olarak sınıflandırılır.
E,Financing device,Finansman aracı,An arrangement whose substance is a financing transaction.,The arrangement was assessed as a financing device in substance.,Anlaşmanın özünde bir finansman aracı olduğu değerlendirildi.
E,Finder’s fees,Aracılık ücreti,Fees paid to an intermediary.,The finder's fees were expensed as incurred.,"Aracılık ücretleri, ortaya çıktıklarında gider yazıldı."
E,Finished good,Mamul,A completed product that has passed through the production process and is ready for sale.,Finished goods are measured at the lower of cost and net realisable value.,"Mamuller, maliyet ile net gerçekleşebilir değerin düşük olanı üzerinden ölçülür."
E,Firm commitment,Tam bağlılık,A binding agreement for a future transaction.,A firm commitment to buy inventory is disclosed.,Envanter alımına ilişkin kesin bir taahhüt açıklanır.
E,Firm purchase commitment,Kesin alış taahhüdü,Binding agreement to buy goods at fixed terms.,The firm purchase commitment was hedged against price changes.,"Kesin alış taahhüdü, fiyat değişimlerine karşı korunmuştu."
E,Firm sales contracts,Kesin satış sözleşmesi,Binding agreements to sell goods on fixed terms.,The firm sales contracts locked in prices for next year.,Kesin satış sözleşmeleri gelecek yılın fiyatlarını sabitledi.
E,First IFRS financial statements,IFRS’e göre ilk kez düzenlenen finansal tablolar,The first annual financial statements in which an entity adopts IFRS with an explicit statement of compliance.,The company presented its first IFRS financial statements for the year ended 31 December.,"Şirket, 31 Aralık'ta sona eren yıla ilişkin IFRS'e göre ilk kez düzenlenen finansal tablolarını sunmuştur."
E,First IFRS reporting period,İlk IFRS raporlama dönemi,The earliest period for which an entity presents full IFRS financial statements.,The first IFRS reporting period required restating comparative figures.,"İlk IFRS raporlama dönemi, karşılaştırmalı rakamların yeniden düzenlenmesini gerektirdi."
E,"First-in, first-out",İlk giren ilk çıkar (FİFO),An inventory cost formula assuming the earliest items acquired are sold first.,"The company values its inventory using the first-in, first-out method.",Şirket stoklarını ilk giren ilk çıkar yöntemiyle değerlemektedir.
E,First-time adopter,IFRS’i İlk kez uygulayan işletme,An entity presenting IFRS financial statements for the first time.,A first-time adopter applies IFRS 1 on transition.,"IFRS'i ilk kez uygulayan işletme, geçişte IFRS 1'i uygular."
E,First-time adoption,İlk kez IFRS uygulaması,Adopting IFRS for the first time.,First-time adoption requires retrospective application.,"İlk kez IFRS uygulaması, geriye dönük uygulama gerektirir."
E,First-time Adoption of International Financial Reporting Standards,Uluslararası Finansal Raporlama Standartlarının İlk Uygulaması,The standard that sets out the procedures an entity must follow when it adopts IFRSs for the first time.,"On first-time adoption of International Financial Reporting Standards, the entity prepared an opening IFRS statement of financial position.","Uluslararası Finansal Raporlama Standartlarının ilk uygulamasında işletme, açılış UFRS finansal durum tablosu hazırladı."
E,First-time application,İlk kez IFRS uygulaması,Applying IFRS for the first time.,First-time application requires an opening IFRS statement.,"İlk kez uygulama, IFRS açılış tablosu gerektirir."
E,First-time Application of IASs as the Primary Basis of Accounting,Muhasebenin temel esası olarak IAS’lerin ilk kez uygulanması,Guidance for entities adopting IASs as their primary accounting basis.,First-time application requires restating comparative figures.,"İlk kez uygulama, karşılaştırmalı tutarların yeniden düzenlenmesini gerektirir."
E,Fixed asset,Duran varlık,A long-term tangible asset used in operations.,The new machine is recorded as a fixed asset.,Yeni makine duran varlık olarak kaydedilir.
E,Fixed coupon rate,Sabit kupon faiz oranı,A contractual interest rate on a bond that remains constant over its life.,The bond pays a fixed coupon rate of 5% per annum.,"Tahvil, yıllık %5 sabit kupon faiz oranı öder."
E,Fixed price contract,Sabit fiyatlı sözleşme,A contract where the price is set and does not vary.,The fixed price contract exposed the builder to cost overruns.,"Sabit fiyatlı sözleşme, yükleniciyi maliyet aşımlarına maruz bıraktı."
E,Fixed production overheads,Sabit üretim genel giderleri,Indirect production costs that remain relatively constant regardless of output volume.,Fixed production overheads are allocated based on normal capacity.,Sabit üretim genel giderleri normal kapasiteye göre dağıtılır.
E,Flat yield curve,Sabit oranlı getiri eğrisi,A yield curve with similar rates across maturities.,"Under a flat yield curve, short and long rates are similar.",Sabit oranlı getiri eğrisinde kısa ve uzun vadeli oranlar benzerdir.
E,Floating rate,Dalgalı kur,An interest or exchange rate that varies.,The loan bears a floating rate linked to market rates.,"Kredi, piyasa oranlarına bağlı dalgalı bir faiz taşır."
E,Floor,Taban oran,"A lower limit on an interest rate or price, below which it cannot fall, often used in hedging arrangements.",The interest rate floor protected the entity against a fall in market rates below the agreed level.,"Faiz taban oranı, işletmeyi piyasa faizlerinin kararlaştırılan seviyenin altına düşmesine karşı korudu."
E,For consolidation purposes,Konsolidasyon amaçları açısından,For the purpose of preparing consolidated statements.,Uniform accounting policies are used for consolidation purposes.,Konsolidasyon amacıyla tek tip muhasebe politikaları kullanılır.
E,Forecast,"Tahmin, öngörü",Prediction of future financial results or conditions.,Management prepared a forecast of next year's sales.,"Yönetim, gelecek yılın satışları için bir tahmin hazırladı."
E,Forecast transaction,Tahmini işlem,An expected but not yet committed future transaction.,The forecast transaction was hedged with a forward contract.,Tahmini işlem bir vadeli sözleşme ile riskten korunmuştur.
E,Foreign currency,"Yabancı para, döviz",A currency other than the functional currency of the reporting entity.,Transactions in a foreign currency are translated at the spot rate on the transaction date.,"Yabancı para cinsinden işlemler, işlem tarihindeki spot kur üzerinden çevrilir."
E,Foreign currency borrowing,Yabancı para ile borçlanma,Debt denominated in a currency other than the entity's functional currency.,Foreign currency borrowing created exchange differences on translation.,"Yabancı para ile borçlanma, çevrimde kur farkları oluşturdu."
E,Foreign currency derivative,Saklı yabancı para türev ürünleri,A derivative whose cash flows are driven by foreign exchange rates.,The group entered a foreign currency derivative to hedge its exports.,"Grup, ihracatını korumak için yabancı para türev ürünü yaptı."
E,Foreign currency derivatives,Yabancı para türev araçları veya yabancı paraya dayalı türev araçları,Derivatives whose value depends on foreign exchange rates.,Foreign currency derivatives were used to hedge the exposure.,Kur riskini korumak için yabancı para türev araçları kullanıldı.
E,Foreign currency exchange prices,Döviz fiyatları,Prices expressed in a foreign currency.,Foreign currency exchange prices were used for translation.,Çevrim için döviz fiyatları kullanıldı.
E,Foreign currency transaction,Yabancı para işlemi,A transaction denominated in a currency other than the entity's functional currency.,A foreign currency transaction is initially recorded using the spot exchange rate at the date of the transaction.,"Bir yabancı para işlemi, başlangıçta işlem tarihindeki geçerli kur kullanılarak kaydedilir."
E,Foreign currency translation reserve (FCTR),Yabancı para çevrim farkı rezervi (YPÇR),A reserve holding translation differences.,The foreign currency translation reserve accumulates exchange differences.,"Yabancı para çevrim farkı rezervi, kur farklarını biriktirir."
E,Foreign entity,Yurtdışındaki işletme,Subsidiary or operation located in another country.,The foreign entity's assets are translated at closing rates.,Yurtdışındaki işletmenin varlıkları kapanış kurlarıyla çevrilir.
E,Foreign exchange contract,Yabancı para alım/satım sözleşmeleri,An agreement to exchange currencies at a set rate.,The company signed a foreign exchange contract to fix the rate.,Şirket kuru sabitlemek için bir yabancı para sözleşmesi imzaladı.
E,Foreign exchange differences,Kur farkları,Gains or losses arising from translating amounts denominated in one currency into another.,Foreign exchange differences on the euro loan were recognised in profit or loss.,Euro cinsinden krediye ilişkin kur farkları kâr veya zararda muhasebeleştirilmiştir.
E,Foreign exchange rates,Döviz kurları,Rates at which one currency can be exchanged for another.,Foreign exchange rates at the reporting date are used for translation.,Çevrimde raporlama tarihindeki döviz kurları kullanılır.
E,Foreign Exchange – Capitalisation of Losses Resulting from Severe Currency Devaluations,Döviz Kuru – Önemli Devalüasyonlardan Kaynaklanan Zararların Aktifleştirilmesi,Accounting treatment allowing certain exchange losses from severe devaluations to be capitalised.,The entity applied the rules on capitalisation of losses from severe currency devaluations.,"İşletme, önemli devalüasyonlardan kaynaklanan zararların aktifleştirilmesi kurallarını uyguladı."
E,Foreign operation,Yurtdışındaki yabancı faaliyetler,A subsidiary or branch operating in a different country.,Assets of a foreign operation are translated at the closing rate.,Yurtdışındaki faaliyetin varlıkları kapanış kuru üzerinden çevrilir.
E,Forgivable loans,Geri ödenmesi kreditörce talep edilmeyebilecek krediler,Loans the lender may forgive.,A forgivable loan is treated as a grant when forgiven.,"Affedilebilir bir kredi, affedildiğinde teşvik olarak işlem görür."
E,Former subsidiary,Önceki bağlı ortaklık,An entity that was previously controlled by the parent but is no longer a subsidiary.,The retained interest in the former subsidiary is measured at fair value at the date control is lost.,"Önceki bağlı ortaklıkta kalan pay, kontrolün kaybedildiği tarihteki gerçeğe uygun değeri üzerinden ölçülür."
E,Forward contract,Vadeli işlem sözleşmesi (forward sözleşmesi),A contract to buy or sell at a future date.,The forward contract fixes the exchange rate.,"Vadeli işlem sözleşmesi, döviz kurunu sabitler."
E,Forward coupon rate,Vadeli kupon oranı,Interest rate implied by forward rates for a future period.,The forward coupon rate was used to value the swap.,Vadeli kupon oranı swapın değerlenmesinde kullanıldı.
E,Forward purchase contract,Vadeli alım sözleşmeleri,A contract to buy an asset at a future date and price.,The forward purchase contract secured the raw material supply.,Vadeli alım sözleşmesi hammadde tedarikini güvence altına aldı.
E,Forward repurchase agreement,Vadeli geri alım sözleşmesi,An arrangement to sell a security now and repurchase it at a specified future date and price.,The securities sold under a forward repurchase agreement remained on the balance sheet.,Vadeli geri alım sözleşmesi kapsamında satılan menkul kıymetler bilançoda kalmıştır.
E,Framework,"Yapı, çerçeve, taslak",The conceptual basis guiding the development and application of standards.,The Framework underpins the preparation of financial statements.,"Çerçeve, finansal tabloların hazırlanmasına temel oluşturur."
E,Framework for the Preparation and Presentation of Financial Statements,Finansal Tabloların Hazırlanma ve Sunulma Esaslarına İlişkin Kavramsal Çerçeve,The conceptual framework setting out the concepts underlying financial statement preparation.,The Framework guides the selection of accounting policies.,"Kavramsal Çerçeve, muhasebe politikalarının seçimine rehberlik eder."
E,Franchise fee,"İmtiyaz ücreti, bedeli",A fee paid for the right to use a franchisor's system.,The initial franchise fee is recognised as revenue when earned.,"Başlangıç imtiyaz ücreti, kazanıldığında hasılat olarak muhasebeleştirilir."
E,Frozen credit spread method,Sabit kredi marjı yöntemi,A method holding the credit spread constant.,The frozen credit spread method keeps the spread fixed at inception.,"Sabit kredi marjı yöntemi, marjı başlangıçta sabit tutar."
E,Full fair value,Tam gerçeğe uygun değer,"The fair value of the entire interest in an acquiree, used to measure goodwill including the non-controlling interest.","Goodwill was measured using the full fair value of the acquiree, including the non-controlling interest.","Şerefiye, kontrol gücü olmayan pay da dahil olmak üzere edinilen işletmenin tam gerçeğe uygun değeri kullanılarak ölçüldü."
E,Fully proportionate (pro rata) share of the cash flows,Nakit akışlarının sadece tam orantılı (eşit oranlı) payı,A proportionate share of cash flows.,The investor receives a fully proportionate share of the cash flows.,"Yatırımcı, nakit akışlarının tam orantılı payını alır."
E,Function of expense,Giderlerin fonksiyonu,Expense presentation grouped by function such as cost of sales.,The statement presents expenses by function of expense.,"Tablo, giderleri giderlerin fonksiyonuna göre sunar."
E,Functional currency,Geçerli para birimi,The currency of the primary economic environment where the entity operates.,The functional currency of the Turkish subsidiary is the lira.,Türk bağlı ortaklığın geçerli para birimi liradır.
E,Fundamental errors,Temel hatalar,Errors of such significance that the financial statements of prior periods can no longer be considered reliable.,The prior period fundamental errors were corrected by restating the comparative figures.,"Önceki döneme ait temel hatalar, karşılaştırma rakamları yeniden düzenlenerek düzeltilmiştir."
E,Fundamental Errors and Changes in Accounting Policies,Temel Hatalar ve Muhasebe Politikalarındaki Değişiklikler (UFRS 1),Topic covering corrections of material errors and changes in accounting policies.,Fundamental errors are corrected retrospectively under the standard.,Temel hatalar standart uyarınca geriye dönük olarak düzeltilir.
E,Funded amount,Finanse edilen tutar,The amount of assets set aside to fund an obligation.,The funded amount exceeded the present value of the obligation.,"Finanse edilen tutar, yükümlülüğün bugünkü değerini aştı."
E,Funding,"Fonlama, kaynak yaratma",Providing resources to finance an activity or obligation.,The plan's funding status is disclosed annually.,Planın fonlama durumu yıllık olarak açıklanır.
E,Funding (of post-employment benefits),Fonlama (işten ayrılma sonrası sağlanan faydalar açısından),Contributions made to finance benefit plans.,Funding of post-employment benefits reduces the plan deficit.,"İşten ayrılma sonrası faydaların fonlanması, plan açığını azaltır."
E,Funding (of retirement benefits),Fonlama (emeklilik faydaları açısından),The process of setting aside assets in a fund to meet future retirement benefit obligations.,The funding of retirement benefits is arranged through a separately administered pension fund.,"Emeklilik faydalarının fonlanması, ayrı olarak yönetilen bir emeklilik fonu aracılığıyla düzenlenir."
E,Future cash flow,Gelecekteki nakit akışı,Cash expected in future periods.,The asset's value in use is based on future cash flows.,"Varlığın kullanım değeri, gelecekteki nakit akışlarına dayanır."
E,Future economic benefit,Gelecekteki ekonomik yarar,Potential to generate cash flows or other benefits.,An asset embodies a future economic benefit.,"Bir varlık, gelecekteki ekonomik yararı bünyesinde barındırır."
E,Futures contract,Vadeli işlem sözleşmesi (futures sözleşmesi),A standardised contract to buy or sell at a future date.,The futures contract traded on an organised exchange.,Vadeli işlem sözleşmesi organize bir borsada işlem gördü.
G,GAAP,Genel Kabul Görmüş Muhasebe İlkeleri (GKGMİ),The set of accounting rules and conventions an entity follows in a given jurisdiction.,The reconciliation from previous GAAP to IFRS was presented in the notes.,Önceki GKGMİ'den IFRS'e geçiş mutabakatı dipnotlarda sunulmuştur.
G,Gain on disposal,Elden çıkarma kazancı,Profit recognized when an asset is sold above its carrying amount.,A gain on disposal was recorded for the sale of the subsidiary.,Bağlı ortaklığın satışı için elden çıkarma kazancı kaydedildi.
G,Gains,Kazançlar,Increases in economic benefits not arising from contributions by owners.,The revaluation resulted in gains recognised in other comprehensive income.,"Yeniden değerleme, diğer kapsamlı gelirde muhasebeleştirilen kazançlarla sonuçlandı."
G,General purchasing power approach,Genel satın alma gücü yaklaşımı,Restating amounts using a general price index.,"Under the general purchasing power approach, accounts are restated for inflation.","Genel satın alma gücü yaklaşımında, hesaplar enflasyona göre düzeltilir."
G,General purpose financial statements,Genel amaçlı finansal tablolar,Statements prepared for a broad range of users.,General purpose financial statements meet the needs of most users.,"Genel amaçlı finansal tablolar, çoğu kullanıcının ihtiyacını karşılar."
G,General recognition principle,Genel muhasebeleştirme ilkesi,The fundamental principle that items are recognised when they meet the definition of an element and the related recognition criteria.,"Under the general recognition principle, an asset is recognised when it is probable that future economic benefits will flow to the entity.","Genel muhasebeleştirme ilkesi uyarınca bir varlık, gelecekte ekonomik faydaların işletmeye akması muhtemel olduğunda muhasebeleştirilir."
G,Geographical segments,Coğrafi bölümler,Segments based on geography.,Revenue is disclosed by geographical segments.,"Hasılat, coğrafi bölümlere göre açıklanır."
G,Going concern,"Süreklilik, işletmenin sürekliliği",Assumption that the entity will continue operating.,The financial statements were prepared on a going concern basis.,Finansal tablolar süreklilik esasına göre hazırlandı.
G,Goodwill,"Şerefiye, firma değeri",An asset representing future benefits from a business combination.,Goodwill arose from the acquisition of the smaller rival.,"Şerefiye, küçük rakibin satın alınmasından doğdu."
G,Governing board,Yönetim kurulu,The body responsible for the oversight and strategic direction of an organisation.,The governing board approved the annual financial statements.,"Yönetim kurulu, yıllık finansal tabloları onaylamıştır."
G,Governing body,Yürütme organı,The group responsible for overseeing an entity or organization.,The governing body approved the annual financial statements.,Yürütme organı yıllık finansal tabloları onayladı.
G,Governing charter,Ana sözleşme,The legal document establishing an entity's constitution and rules.,The company's governing charter restricts the transfer of shares.,Şirketin ana sözleşmesi hisse devrini kısıtlamaktadır.
G,Government,Devlet,"Government, government agencies and similar bodies.",Government grants are recognised when received or receivable.,"Devlet teşvikleri, alındığında veya alınacak olduğunda muhasebeleştirilir."
G,Government assistance,Devlet yardımı,Government action providing an economic benefit.,Government assistance is disclosed even if it is not a grant.,"Devlet yardımı, teşvik olmasa bile açıklanır."
G,Government Assistance – No Specific Relation to Operating Activities,Devlet Yardımı – İşletme Faaliyetleri ile Özel Bir İlişkisi Bulunmayanlar,"Government assistance granted without conditions tied to the operating activities of the entity, which may warrant disclosure.",The standard addresses government assistance with no specific relation to operating activities.,"Standart, işletme faaliyetleri ile özel bir ilişkisi bulunmayan devlet yardımını ele alır."
G,Government Grants,Devlet Teşvikleri,Assistance from government in the form of transfers.,Government grants are recognised when the conditions are met.,"Devlet teşvikleri, koşullar sağlandığında muhasebeleştirilir."
G,Government guarantee,Devlet garantisi,Government's promise to cover an entity's obligations.,The loan was backed by a government guarantee.,"Kredi, bir devlet garantisiyle destekleniyordu."
G,Government-related entity,Devletle ilişkili işletme,An entity controlled or significantly influenced by government.,The utility is a government-related entity.,Kamu hizmeti işletmesi devletle ilişkili bir işletmedir.
G,Grant date,Teşvik tarihi,The date on which an entity and its employees reach a mutual understanding of the terms of a share-based payment.,The fair value of the options was measured at the grant date.,"Opsiyonların gerçeğe uygun değeri, teşvik tarihinde ölçülmüştür."
G,Grantor,İmtiyaz tanıyan,The party that grants a service concession right to an operator.,The grantor retains control over the infrastructure asset.,"İmtiyaz tanıyan, altyapı varlığı üzerindeki kontrolü elinde tutar."
G,Grants related to assets,Varlıklarla ilgili teşvikler,Government grants whose primary condition is acquiring long-term assets.,Grants related to assets are recognised as deferred income.,Varlıklarla ilgili teşvikler ertelenmiş gelir olarak muhasebeleştirilir.
G,Grants related to income,Gelirle ilgili teşvikler,Government grants other than those related to assets.,Grants related to income are recognised in profit or loss over the periods.,"Gelirle ilgili teşvikler, ilgili dönemlerde kâr veya zararda muhasebeleştirilir."
G,Gross investment in the lease,Finansal kiralama brüt yatırımı,Total lease payments plus unguaranteed residual value.,The gross investment in the lease equals the total lease payments.,"Finansal kiralamada brüt yatırım, toplam kiralama ödemelerine eşittir."
G,Gross margin,Brüt satış kârı,"The difference between revenue and the cost of sales, representing the profit before operating expenses.",The gross margin improved due to lower raw material costs and higher selling prices.,"Brüt satış kârı, daha düşük hammadde maliyetleri ve daha yüksek satış fiyatları sayesinde iyileşti."
G,Gross profit,Brüt kâr,Revenue less cost of sales.,Gross profit is disclosed before operating expenses.,"Brüt kâr, faaliyet giderlerinden önce açıklanır."
G,Group,Grup,Parent and all its subsidiaries together.,The group reported consolidated revenue of ten million.,"Grup, on milyon konsolide hasılat açıkladı."
G,Group administration (employee benefit) plans,Grup yönetim (çalışanlara sağlanan fayda) planları,Benefit plans administered collectively for a group of entities.,The group administration plans covered all subsidiaries' staff.,Grup yönetim planları tüm bağlı ortaklıkların personelini kapsıyordu.
G,Group and Treasury Share Transactions,Grup İçi ve İşletmenin Geri Satın Alınan Kendi Hisselerine İlişkin İşlemler,Guidance on share-based payment arrangements involving group entities and treasury shares.,"Under the interpretation on Group and Treasury Share Transactions, the group recharged the share-based payment cost.","Grup İçi ve İşletmenin Geri Satın Alınan Kendi Hisselerine İlişkin İşlemler yorumu uyarınca grup, hisse bazlı ödeme maliyetini yansıtmıştır."
G,Group Cash-Settled Share-Based Payment Transactions,Grup İçi Nakit Olarak Ödenen Hisse Bazlı Ödeme İşlemleri,Share-based payments settled in cash within a group of entities.,Group cash-settled share-based payment transactions require careful attribution.,Grup içi nakit olarak ödenen hisse bazlı ödeme işlemleri dikkatli bir dağıtım gerektirir.
G,Group insurance contract,Grup sigorta sözleşmesi,An insurance policy covering a group of persons under a single contract.,The employer provided a group insurance contract to its staff.,"İşveren, çalışanlarına grup sigorta sözleşmesi sağladı."
G,Group of assets,Varlıklar grubu,A set of assets assessed together for impairment.,The group of assets was tested for impairment as a unit.,"Varlıklar grubu, bir bütün olarak değer düşüklüğü testine tabi tutuldu."
G,Group of biological assets,Canlı varlıklar grubu,Similar biological assets grouped together.,A group of biological assets is measured at fair value.,"Canlı varlıklar grubu, gerçeğe uygun değeriyle ölçülür."
G,Group of similar financial assets,Benzer finansal varlıklar grubu,A portfolio of financial assets with similar credit risk characteristics that are assessed collectively for impairment.,Impairment of a group of similar financial assets was assessed on a collective basis.,"Benzer finansal varlıklar grubunun değer düşüklüğü, toplu olarak değerlendirildi."
G,Grouping of assets,Varlıkların gruplandırılması,Combining assets for assessment.,Grouping of assets is used for impairment testing.,"Varlıkların gruplandırılması, değer düşüklüğü testinde kullanılır."
G,Guarantee,Garanti,Promise to answer for another party's obligation.,The parent issued a guarantee for the subsidiary's debt.,"Ana ortaklık, bağlı ortaklığın borcu için garanti verdi."
G,Guarantee amount,Garanti tutarı,The maximum amount payable by an entity under a guarantee.,The guarantee amount was disclosed in the notes.,Garanti tutarı dipnotlarda açıklandı.
G,Guarantee fund,Garanti fonu,A fund established to protect policyholders or depositors if an institution becomes insolvent.,Contributions to the guarantee fund were recognised as an expense of the period.,"Garanti fonuna yapılan katkılar, dönemin gideri olarak muhasebeleştirilmiştir."
G,Guaranteed benefits,Garanti edilmiş faydalar,Benefits promised to employees regardless of the plan's asset performance.,Guaranteed benefits must be discounted to their present value.,Garanti edilmiş faydalar bugünkü değerine indirgenmelidir.
G,Guaranteed element,Garanti edilmiş unsur,A component of a contract guaranteeing a minimum return or benefit.,The guaranteed element is separated and measured separately.,Garanti edilmiş unsur ayrıştırılır ve ayrı ölçülür.
G,Guaranteed residual value,Garanti edilmiş kalıntı değer,A residual value guaranteed by the lessee or a third party.,The guaranteed residual value affects the finance lease classification.,"Garanti edilmiş kalıntı değer, finansal kiralama sınıflandırmasını etkiler."
G,Guarantor,Garantör,A party that guarantees an obligation.,The guarantor is liable if the borrower defaults.,Borçlu temerrüde düşerse garantör sorumlu olur.
H,Harmonise,Uyumlaştırma,The process of aligning national accounting standards with international standards to reduce differences.,The regulator launched a project to harmonise local accounting rules with IFRSs.,"Düzenleyici kurum, yerel muhasebe kurallarını IFRS’lerle uyumlaştırmak için bir proje başlattı."
H,Harvest,Hasat,The detachment of produce from a biological asset.,Harvest marks the point at which agricultural produce is measured.,"Hasat, tarımsal ürünün ölçüldüğü anı belirler."
H,Hedge accounting,Finansal riskten korunma muhasebesi,Matching gains and losses of hedged items and instruments.,Hedge accounting reduces volatility in reported earnings.,"Finansal riskten korunma muhasebesi, açıklanan kârdaki oynaklığı azaltır."
H,Hedge effectiveness,Finansal riskten korunma işleminin etkinliği,The degree to which a hedging instrument offsets the hedged risk.,Hedge effectiveness was tested at each reporting date.,Finansal riskten korunma etkinliği her raporlama tarihinde test edildi.
H,Hedged item,Finansal riskten korunmaya konu kalem,"An asset, liability, firm commitment, forecast transaction or net investment exposed to a risk being hedged.",The forecast purchase of copper was designated as a hedged item.,"Öngörülen bakır alımı, finansal riskten korunmaya konu kalem olarak belirlenmiştir."
H,Hedges of a Net Investment in a Foreign Operation,Yurt Dışındaki İşletmede Bulunan Net Yatırımın Finansal Riskten Korunması,Hedging translation exposure arising from net investment in foreign operations.,Hedges of a net investment in a foreign operation are recognized in equity.,Yurt dışındaki işletmede bulunan net yatırımın finansal riskten korunması özkaynakta muhasebeleştirilir.
H,Hedging,Finansal riskten korunma,Designating a derivative to offset changes in fair value or cash flows.,The company applied hedge accounting to its interest rate swaps.,"Şirket, faiz swap'larına korunma muhasebesi uyguladı."
H,Hedging instrument,Finansal riskten korunma aracı,A derivative or instrument used to offset a hedged risk.,The forward contract is designated as a hedging instrument.,"Vadeli işlem sözleşmesi, finansal riskten korunma aracı olarak belirlenir."
H,Hedging relationship,Finansal riskten korunma ilişkisi,The pairing of a hedged item and a hedging instrument.,The hedging relationship must be formally designated.,Riskten korunma ilişkisi resmi olarak belirlenmelidir.
H,Hedging reserve,Finansal riskten korunma yedeği,A component of equity that accumulates the effective portion of gains and losses on hedging instruments.,The effective portion of the cash flow hedge was recognised in the hedging reserve.,"Nakit akışı riskten korunmasının etkin kısmı, finansal riskten korunma yedeğinde muhasebeleştirildi."
H,Held for resale,Yeniden satım amacıyla elde tutma,Assets held for sale rather than for use.,Assets held for resale are classified as current.,"Yeniden satım amacıyla elde tutulan varlıklar, kısa vadeli olarak sınıflandırılır."
H,Held for sale,Satış amaçlı elde tutulan,Asset available for immediate sale in present condition.,The building was classified as held for sale.,"Bina, satış amaçlı elde tutulan olarak sınıflandırıldı."
H,Held for trading,Alım satım amacıyla elde tutma,Financial assets acquired mainly for short-term profit from price changes.,The shares are classified as held for trading.,Hisseler alım satım amacıyla elde tutulan olarak sınıflandırılır.
H,Held-to-maturity investment,Vadeye kadar elde tutma amacıyla yapılan yatırım,A non-derivative financial asset with fixed payments and maturity that the entity intends and is able to hold to maturity.,The government bonds were classified as held-to-maturity investments and carried at amortised cost.,"Devlet tahvilleri, vadeye kadar elde tutma amacıyla yapılan yatırımlar olarak sınıflandırılmış ve itfa edilmiş maliyetinden taşınmıştır."
H,Higher level parent entity,Üst seviyedeki ana işletme,A parent that controls the reporting entity indirectly through another parent.,The higher level parent entity prepares consolidated financial statements.,Üst seviyedeki ana işletme konsolide finansal tablolar hazırlar.
H,Highly probable,Yüksek olasılıklı,"More likely than probable, with a forecast transaction expected to occur.",The forecast sale is considered highly probable.,Öngörülen satış yüksek olasılıklı kabul edilir.
H,Hire-purchase contract,Kiralama – satın alma sözleşmesi,A contract to hire an asset with an option to purchase.,A hire-purchase contract may transfer substantially all risks and rewards.,"Kiralama-satın alma sözleşmesi, risk ve getirilerin tamamına yakınını devredebilir."
H,Historical cost,"Tarihi maliyet, fiili maliyet",Measurement at the original transaction cost.,Property is measured at historical cost less depreciation.,"Gayrimenkul, tarihi maliyetten amortisman düşülerek ölçülür."
H,Historical loss experience,Geçmişteki zarar deneyimleri,Past data on credit losses used to estimate expected credit losses on financial assets.,Expected credit losses were estimated using historical loss experience adjusted for current conditions.,"Beklenen kredi zararları, cari koşullara göre düzeltilmiş geçmişteki zarar deneyimleri kullanılarak tahmin edildi."
H,Historical summaries,Önceki dönemlere ilişkin finansal tablo verileri,Summaries of prior-period financial data.,Historical summaries are often presented in annual reports.,"Önceki dönem özetleri, genellikle faaliyet raporlarında sunulur."
H,Historical waste,Eski atık,Waste arising from products sold in past periods.,The provision covers historical waste from old products.,"Karşılık, eski ürünlerden kaynaklanan geçmiş atıkları kapsar."
H,Holding company,Holding şirket,A company that controls other companies through ownership.,The holding company owns three operating subsidiaries.,Holding şirket üç faaliyet gösteren bağlı ortaklığa sahiptir.
H,Host contract,Asal sözleşme,The non-derivative contract that contains an embedded derivative.,The embedded derivative was separated from its host contract and measured at fair value.,"Saklı türev, asal sözleşmesinden ayrılmış ve gerçeğe uygun değerinden ölçülmüştür."
H,Host instrument,Asal finansal araç,The non-derivative contract in which an embedded derivative resides.,The host instrument is a debt contract with an embedded derivative.,"Asal finansal araç, gömülü bir türev içeren bir borç sözleşmesidir."
H,Hybrid contract,Karma (melez) sözleşme,A contract containing a non-derivative host and an embedded derivative.,The embedded derivative in the hybrid contract was separated.,Karma sözleşmedeki saklı türev ayrıştırıldı.
H,Hybrid instrument,Karma (melez) araç,An instrument containing both a host contract and a derivative.,The hybrid instrument's embedded derivative was measured separately.,Karma aracın saklı türevi ayrı olarak ölçüldü.
H,Hyperinflation,Yüksek enflasyon,Very high and persistent inflation.,Hyperinflation requires restating the financial statements.,"Yüksek enflasyon, finansal tabloların düzeltilmesini gerektirir."
H,Hyperinflationary economies,Yüksek enflasyonlu ekonomiler,Economies with cumulative inflation rates so high that financial statements must be restated in terms of the measuring unit current at the reporting date.,Financial statements of entities operating in hyperinflationary economies must be restated for changes in purchasing power.,"Yüksek enflasyonlu ekonomilerde faaliyet gösteren işletmelerin finansal tabloları, satın alma gücündeki değişimlere göre düzeltilmelidir."
I,discontinuing operation),kamuya yapılan ilk açıklama,The first public announcement relating to a discontinuing operation.,The entity made its first public announcement regarding the discontinuing operation.,"İşletme, durdurulan faaliyete ilişkin ilk kamuya açıklamasını yaptı."
I,IAS,IAS (Uluslararası Muhasebe Standardı),International Accounting Standard issued by the IASB.,IAS 2 governs the accounting for inventories.,"IAS 2, stokların muhasebesini düzenler."
I,"IAS 19- The Limit on a Defined Benefit Asset, Minimum Funding Requirements and Their Interaction","IAS 19-Tanımlanmış Fayda Varlığının Sınırı, Asgari Fonlama Koşulları ve Bu Koşulların Birbiri ile Etkileşimi",Interpretation limiting a defined benefit asset and minimum funding requirements.,The entity applied the interpretation on the limit of a defined benefit asset.,"İşletme, tanımlanmış fayda varlığının sınırına ilişkin yorumu uyguladı."
I,IASC,Uluslararası Muhasebe Standartları Komitesi (IASC),The predecessor body of the IASB that issued the original International Accounting Standards.,The IASC issued the standards that later became known as IFRS.,"IASC, daha sonra IFRS olarak bilinen standartları yayımlamıştır."
I,IASC Foundation Constitution,Uluslararası Muhasebe Standartları Komitesi Vakfı Kuruluş Tüzüğü,The founding document governing the IASC Foundation's objectives and structure.,The IASC Foundation Constitution sets out the trustees' responsibilities.,"Uluslararası Muhasebe Standartları Komitesi Vakfı Kuruluş Tüzüğü, mütevelli heyetinin sorumluluklarını belirler."
I,IASCF,Uluslararası Muhasebe Standartları Komitesi Vakfı,The foundation that oversees the IASB and IFRS standard-setting.,The IASCF was restructured and later renamed the IFRS Foundation.,IASCF yeniden yapılandırıldı ve daha sonra IFRS Vakfı olarak adlandırıldı.
I,Identifiability,Tanımlanabilirlik,Being separable or arising from legal or contractual rights.,Identifiability is required to recognise an intangible asset.,Maddi olmayan bir duran varlığın tanınması için tanımlanabilirlik gereklidir.
I,Identifiable,Tanımlanabilir,Capable of being separately identified.,An identifiable asset can be separated or arises from rights.,Tanımlanabilir bir varlık ayrılabilir veya haklardan doğar.
I,Identifiable asset,Tanımlanabilir varlık,An asset that can be separated from the entity or arises from contractual or legal rights and is measured separately in a business combination.,"In a business combination, only identifiable assets acquired are recognised separately from goodwill.","Bir işletme birleşmesinde, yalnızca edinilen tanımlanabilir varlıklar şerefiyeden ayrı olarak muhasebeleştirilir."
I,IFAC,Uluslararası Muhasebeciler Federasyonu,The International Federation of Accountants.,IFAC develops international standards for accountants.,"IFAC, muhasebeciler için uluslararası standartlar geliştirir."
I,IFRIC,"Uluslararası Finansal Raporlama Yorum Komitesi, IFRS Yorum",Committee issuing interpretations of IFRS standards.,The IFRIC issued an interpretation on service concessions.,"IFRIC, hizmet imtiyazlarına ilişkin bir yorum yayımladı."
I,IFRS,IFRS,International Financial Reporting Standards issued by the IASB.,The group prepares its statements under IFRS.,"Grup, finansal tablolarını IFRS'e göre hazırlar."
I,IFRS 2- Group and Treasury Share transactions,IFRS 2—Grup İçi ve İşletmenin Geri Satın Alınan Kendi Hisselerine İlişkin İşlemler,The part of IFRS 2 that deals with share-based payment transactions within a group and involving treasury shares.,IFRS 2 requirements on Group and Treasury Share transactions governed the recharge between the parent and its subsidiary.,"Grup İçi ve İşletmenin Geri Satın Alınan Kendi Hisselerine İlişkin İşlemlere dair IFRS 2 hükümleri, ana ortaklık ile bağlı ortaklık arasındaki yansıtmayı düzenlemiştir."
I,IFRS-compliant,IFRS uyumlu,Prepared in accordance with International Financial Reporting Standards.,The statements are IFRS-compliant in all material respects.,"Tablolar, tüm önemli yönlerden IFRS uyumludur."
I,Illustrative example,Açıklayıcı örnek,A non-mandatory example showing how a standard may be applied.,The illustrative example clarified the disclosure requirement.,"Açıklayıcı örnek, açıklama gerekliliğini netleştirdi."
I,Impairment,Değer düşüklüğü,A decline in an asset's recoverable amount below carrying amount.,An impairment loss was recognised on the equipment.,Ekipman üzerinde bir değer düşüklüğü zararı muhasebeleştirildi.
I,Impairment loss,Değer düşüklüğü zararı,The excess of carrying amount over recoverable amount.,The impairment loss was recognised in profit or loss.,"Değer düşüklüğü zararı, kâr veya zararda muhasebeleştirildi."
I,Impairment of assets,Varlıklarda değer düşüklüğü,"A reduction in the recoverable amount of an asset below its carrying amount, requiring a write-down.",An impairment loss was recognised because the asset's carrying amount exceeded its recoverable amount.,Varlığın defter değeri geri kazanılabilir tutarını aştığı için bir değer düşüklüğü zararı muhasebeleştirildi.
I,Impairment test,Değer düşüklüğü testi,Testing whether an asset's value has declined.,The impairment test compared recoverable and carrying amounts.,"Değer düşüklüğü testi, geri kazanılabilir tutar ile defter değerini karşılaştırdı."
I,Implementation guidance,Uygulama rehberi,Non-mandatory guidance helping entities apply a standard.,The implementation guidance explains how to apply the standard.,"Uygulama rehberi, standardın nasıl uygulanacağını açıklar."
I,Import duties,İthalat vergileri,Taxes levied on goods entering a country.,Import duties increased the cost of the equipment.,İthalat vergileri ekipmanın maliyetini artırdı.
I,Impracticability exemption,Uygulanamazlık istisnası,A relief from applying a requirement when an entity cannot do so after making every reasonable effort.,The entity applied the impracticability exemption and did not restate the earlier period.,"İşletme, uygulanamazlık istisnasını uygulamış ve önceki dönemi yeniden düzenlememiştir."
I,Impracticable,Uygulanamaz,Applying a requirement is not feasible despite every reasonable effort.,Retrospective application was impracticable due to missing records.,Kayıtlar eksik olduğu için geriye dönük uygulama olanaksızdı.
I,Improvements to IFRSs,IFRS’lerde yapılan iyileştirmeler,Periodic amendments made to clarify or correct IFRS standards.,Improvements to IFRSs were issued as a single omnibus document.,IFRS'lerde yapılan iyileştirmeler tek bir toplu belge olarak yayımlandı.
I,Imputed rate of interest,Emsal faiz oranı,The rate that discounts a transaction to its fair value.,The imputed rate of interest was used to measure the deferred consideration.,Ertelenmiş bedeli ölçmek için emsal faiz oranı kullanıldı.
I,In the money,Kârda olan,An option whose exercise price is favourable.,The option is in the money when the share price exceeds the strike.,Hisse fiyatı kullanım fiyatını aştığında opsiyon kârda olur.
I,In-substance defeasance,"Borcun, iptal edilmeksizin bilançodan çıkartılması süreci","A transaction in which an entity places assets in an irrevocable trust to satisfy a debt, without legally extinguishing the liability.","Under in-substance defeasance, the liability is not legally extinguished and therefore remains on the balance sheet.",Borcun iptal edilmeksizin bilançodan çıkartılması sürecinde yükümlülük hukuken ortadan kalkmadığı için bilançoda kalır.
I,Incentives,Teşvikler,Benefits encouraging certain behaviour.,Sales incentives are recognised as a reduction of revenue.,"Satış teşvikleri, hasılatın azalışı olarak muhasebeleştirilir."
I,Inception of the lease,Finansal kiralama sözleşmesi başlangıcı,Date the lease agreement commences.,The lease was classified at the inception of the lease.,"Kiralama, sözleşme başlangıcında sınıflandırıldı."
I,Incidental income,Göz ardı edilebilir seviyede kâr,Minor income from transactions outside the main business.,Incidental income from scrap sales was immaterial.,Hurda satışlarından elde edilen göz ardı edilebilir kâr önemsizdi.
I,Incidental operations,Göz ardı edilebilir faaliyetler,Activities carried out while an asset is being developed that are not necessary to its construction.,Income from incidental operations was deducted from the cost of the asset under construction.,"Göz ardı edilebilir faaliyetlerden elde edilen gelir, inşa halindeki varlığın maliyetinden düşülmüştür."
I,Income,Kâr/Gelir,"Increases in economic benefits that increase equity, excluding contributions.",Income is recognized when performance obligations are satisfied.,"Gelir, performans yükümlülükleri yerine getirildiğinde muhasebeleştirilir."
I,Income approach,Gelir (kâr) yaklaşımı,A valuation technique converting future amounts into a single present value.,The income approach was used to measure the fair value.,Gerçeğe uygun değeri ölçmek için gelir yaklaşımı kullanıldı.
I,Income statement = Statement of income,Kâr veya zarar tablosu,The statement presenting an entity's income and expenses.,Revenue and expenses are presented in the income statement.,"Hasılat ve giderler, kâr veya zarar tablosunda sunulur."
I,Income statement liability method,Kâr veya zarar tablosu borç yöntemi,A method recognising deferred tax through the income statement.,The income statement liability method focuses on the income statement.,"Kâr veya zarar tablosu borç yöntemi, gelir tablosuna odaklanır."
I,Income Tax,Gelir vergisi,"The standard that prescribes the accounting treatment for income taxes, including current and deferred tax.",Income Tax requires entities to account for the current and future tax consequences of transactions.,"Gelir vergisi standardı, işletmelerin işlemlerin cari ve gelecekteki vergi sonuçlarını muhasebeleştirmesini gerektirir."
I,Income tax expense,Gelir vergisi gideri,The total tax expense for a period.,Income tax expense includes current and deferred tax.,"Gelir vergisi gideri, dönem ve ertelenmiş vergiyi içerir."
I,Income Taxes,Gelir Vergileri,IAS 12 standard covering accounting for income taxes.,IAS 12 Income Taxes deals with deferred tax.,"IAS 12 Gelir Vergileri, ertelenmiş vergiyi ele alır."
I,Income Taxes – Changes in the Tax Status of an Enterprise or Its Shareholders,Gelir Vergileri – İşletmenin veya Hissedarlarının Vergi Statüsündeki Değişiklikler,Guidance on accounting when an entity's or shareholders' tax status changes.,The interpretation addresses changes in the tax status of an enterprise.,"Yorum, bir işletmenin vergi statüsündeki değişiklikleri ele alır."
I,Income Taxes – Recovery of Revalued Non- Depreciable Assets,Gelir Vergileri – Yeniden Değerlenen Amortismana Tabi Olmayan Varlıkların Geri Kazanımı,Guidance on deferred tax when a non-depreciable asset is revalued and recovered through sale.,"Under the interpretation on Income Taxes, the deferred tax on the revalued land was measured using the tax rate for disposals.","Gelir Vergileri yorumu uyarınca, yeniden değerlenen arsanın ertelenmiş vergisi, elden çıkarma vergi oranı kullanılarak ölçülmüştür."
I,Increasing rate preference shares,Artan oranlı imtiyazlı hisse senetleri,Preference shares whose dividend rate rises over time.,Increasing rate preference shares are classified as a financial liability.,Artan oranlı imtiyazlı hisse senetleri finansal borç olarak sınıflandırılır.
I,Incremental borrowing rate of interest (lessee’s),Ek borçlanma faiz oranı (kiralayan açısından),The rate a lessee would pay to borrow funds on similar terms.,The lessee used its incremental borrowing rate to discount lease payments.,"Kiracı, kira ödemelerini iskonto etmek için ek borçlanma faiz oranını kullandı."
I,Incremental costs,Ek maliyetler,Costs that would not have arisen without the transaction.,Incremental costs directly attributable to the contract are capitalised.,Sözleşmeyle doğrudan ilişkilendirilebilen ek maliyetler aktife alınır.
I,Incremental share,Ek hisse,Additional shares assumed to be issued.,Incremental shares are used in diluted EPS.,"Ek hisseler, seyreltilmiş HBK hesabında kullanılır."
I,Indemnification assets,Tazminat varlıkları,Assets recognised by an acquirer to reflect an indemnification received from the seller for the outcome of a contingency.,The acquirer recognised an indemnification asset for the seller's promise to reimburse a contingent liability.,"Edinen taraf, satıcının koşullu bir borcu geri ödeme taahhüdü için bir tazminat varlığı muhasebeleştirdi."
I,Indication of an impairment,Değer düşüklüğü göstergesi,A signal that an asset may be impaired.,A decline in market value is an indication of impairment.,"Piyasa değerindeki düşüş, değer düşüklüğü göstergesidir."
I,Indicator [of impairment],Gösterge (değer düşüklüğüne ilişkin),Sign suggesting an asset may be impaired.,A falling market price is an indicator of impairment.,"Düşen piyasa fiyatı, değer düşüklüğüne ilişkin bir göstergedir."
I,Indirect method of reporting cash flows from operating activities,İşletme faaliyetlerine ilişkin nakit akışlarının raporlanmasında dolaylı yöntem,Reporting operating cash flows by adjusting profit for non-cash items.,The indirect method starts with net profit and adjusts for non-cash items.,Dolaylı yöntem net kârla başlar ve nakit dışı kalemler için düzeltme yapar.
I,Individual asset,Her bir varlık,A single asset assessed on its own rather than as part of a group.,Impairment is assessed for each individual asset unless it does not generate independent cash flows.,"Değer düşüklüğü, bağımsız nakit akışı yaratmadığı sürece her bir varlık için değerlendirilir."
I,Individual financial statements,"Bireysel finansal tablolar, işletme finansal tablosu",Statements presented by a parent without consolidating its subsidiaries.,Individual financial statements show investments at cost or fair value.,"Bireysel finansal tablolar, yatırımları maliyet veya gerçeğe uygun değerle gösterir."
I,Induced conversion,Özendirici dönüştürme,A conversion of convertible debt encouraged by additional consideration.,The issuer offered an inducement to encourage early conversion.,"İhraççı, erken dönüştürmeyi teşvik etmek için özendirici teklif etti."
I,Industry segments,Sanayi bölümleri/iş dalları,Distinct components of an entity based on products or services.,The entity reported results by industry segments.,"İşletme, sonuçlarını faaliyet bölümleri bazında raporladı."
I,Inflation,Enflasyon,A general rise in the price level.,Inflation reduces the purchasing power of money.,"Enflasyon, paranın satın alma gücünü azaltır."
I,Information Reflecting the Effects of Changing Prices,Değişen fiyatların etkisini gösteren bilgiler,Supplementary information presented to reflect the effects of changing prices on an entity's financial position and performance.,"In hyperinflationary economies, entities present information reflecting the effects of changing prices.","Yüksek enflasyonlu ekonomilerde işletmeler, değişen fiyatların etkisini gösteren bilgileri sunar."
I,Initial classification,İlk sınıflandırma,Classification at initial recognition.,Initial classification determines subsequent measurement.,"İlk sınıflandırma, sonraki ölçümü belirler."
I,Initial direct costs,Başlangıç direkt maliyetleri,Costs directly attributable to negotiating and arranging a lease.,Initial direct costs are added to the right-of-use asset.,"Başlangıç direkt maliyetleri, kullanım hakkı varlığına eklenir."
I,Initial disclosure event (for a,Durdurulan faaliyetlerle ilgili olarak,The first event triggering disclosure about discontinued operations.,The initial disclosure event occurred when the disposal was approved.,"İlk açıklama olayı, elden çıkarma onaylandığında gerçekleşti."
I,Initial measurement,İlk ölçüm,The amount at which an asset or liability is first recognised in the financial statements.,The initial measurement of the asset was its fair value plus transaction costs.,"Varlığın ilk ölçümü, gerçeğe uygun değeri artı işlem maliyetleriydi."
I,Initial public offering,Hisselerin halka ilk kez arzı,The first sale of a company's shares to the public.,The initial public offering raised significant new capital.,Hisselerin halka ilk kez arzı önemli miktarda yeni sermaye sağladı.
I,Initial recognition,İlk muhasebeleştirme,The first time an item is recorded in the financial statements.,Assets are measured at cost on initial recognition.,Varlıklar ilk muhasebeleştirmede maliyet bedeliyle ölçülür.
I,Instrument-by-instrument approach,Finansal araç bazında,Assessing instruments individually to determine classification.,Classification was assessed on an instrument-by-instrument basis.,"Sınıflandırma, finansal araç bazında değerlendirildi."
I,Insurable interest,Sigorta edilebilir menfaat (çıkar),A financial interest in the subject of insurance.,An insurable interest is required for a valid insurance contract.,Geçerli bir sigorta sözleşmesi için sigorta edilebilir menfaat gerekir.
I,Insurance agency commissions,Sigorta acentesi komisyonları,Fees earned by an insurance agent for placing insurance contracts with insurers.,Insurance agency commissions are recognised as revenue when the related insurance contract is placed.,"Sigorta acentesi komisyonları, ilgili sigorta sözleşmesi düzenlendiğinde hasılat olarak muhasebeleştirilir."
I,Insurance assets,Sigorta varlıkları,Assets arising from insurance contracts.,Insurance assets are measured under the insurance standard.,"Sigorta varlıkları, sigorta standardına göre ölçülür."
I,Insurance company,Sigorta şirketi,Entity issuing insurance contracts to policyholders.,The insurance company reported strong underwriting profits.,Sigorta şirketi güçlü sigortacılık kârı açıkladı.
I,Insurance contract,Sigorta sözleşmesi,A contract under which one party accepts significant insurance risk.,The insurance contract transferred risk from the policyholder.,Sigorta sözleşmesi riski sigortalıdan devraldı.
I,Insurance contracts,Sigorta Sözleşmeleri,Contracts under which the insurer accepts significant insurance risk from the policyholder.,The insurer applied the standard on Insurance Contracts to all policies in force.,"Sigortacı, yürürlükteki tüm poliçelere Sigorta Sözleşmeleri standardını uygulamıştır."
I,Insurance enterprise,Sigorta kuruluşu,An entity that assumes and manages insurance risks.,The insurance enterprise applies specific disclosure requirements.,Sigorta kuruluşu belirli açıklama gerekliliklerini uygular.
I,Insurance liability,Sigorta borcu,The net contractual obligation of an insurer under insurance contracts.,The insurer recognised an insurance liability for outstanding claims.,"Sigortacı, ödenmemiş hasarlar için sigorta borcu muhasebeleştirdi."
I,Insurance obligations,Sigorta yükümlülükleri,Obligations arising from insurance contracts.,Insurance obligations are measured using current estimates.,"Sigorta yükümlülükleri, güncel tahminler kullanılarak ölçülür."
I,Insurance risk,Sigorta riski,Risk transferred under an insurance contract.,Insurance risk arises from uncertainty over insured events.,"Sigorta riski, sigortalanan olaylardaki belirsizlikten doğar."
I,Insurance swaps,Sigorta swapları,Financial arrangements in which parties exchange insurance-related cash flows or risks.,The entity used insurance swaps to transfer a portion of its underwriting risk to another counterparty.,"İşletme, üstlendiği riskin bir kısmını başka bir karşı tarafa devretmek için sigorta swapları kullandı."
I,Insured event,Sigortalanmış olay,An event covered by an insurance contract.,Losses from the insured event are covered by the insurer.,"Sigortalanmış olaydan doğan zararlar, sigortacı tarafından karşılanır."
I,Insurer,Sigortacı,Party that issues an insurance contract.,The insurer bears the risk under the contract.,"Sigortacı, sözleşme kapsamındaki riski üstlenir."
I,Intangible asset,Maddi olmayan duran varlık,An identifiable non-monetary asset without physical substance.,The patent is recognised as an intangible asset.,"Patent, maddi olmayan duran varlık olarak muhasebeleştirilir."
I,Intangible Assets,Maddi olmayan duran varlıklar,"Identifiable non-monetary assets without physical substance, such as patents and licences.",The acquired patent was recognised as an intangible asset and amortised over ten years.,"Edinilen patent, maddi olmayan duran varlık olarak muhasebeleştirilmiş ve on yıl boyunca itfa edilmiştir."
I,Intangible Assets – Web Site Costs,Maddi Olmayan Duran Varlıklar – İnternet Sitesi Maliyetleri,Guidance on when website development costs may be capitalized.,Intangible assets – web site costs clarify which expenses qualify for capitalization.,"Maddi olmayan duran varlıklar – internet sitesi maliyetleri, hangi giderlerin aktifleştirilebileceğini açıklar."
I,Integral foreign operation,Yabancı ülkedeki bütünleşik faaliyetler,A foreign operation that is an extension of the reporting entity's activities.,The foreign branch is treated as an integral foreign operation.,"Yabancı şube, bütünleşik yabancı faaliyet olarak ele alınır."
I,Interest,Faiz,The cost of using borrowed money.,Interest expense is recognised using the effective interest method.,"Faiz gideri, etkin faiz yöntemi kullanılarak muhasebeleştirilir."
I,Interest cost (for an employee benefit plan),Faiz maliyeti (personel sosyal yardım planı için),The increase in benefit obligation due to passage of time.,Interest cost reflects the unwinding of the discount.,"Faiz maliyeti, iskonto etkisinin çözülmesini yansıtır."
I,Interest rate implicit in a lease,Finansal kiralamada saklı (zımni) faiz oranı,The discount rate that makes the present value of the lease payments plus the unguaranteed residual value equal to the fair value of the leased asset.,The lessee used the interest rate implicit in the lease to measure the lease liability.,"Kiracı, kiralama yükümlülüğünü ölçmek için finansal kiralamada saklı faiz oranını kullandı."
I,Interest rate implicit in the lease,Finansal kiralama sözleşmesinde saklı (zımni) faiz oranı,The rate that discounts lease payments to the asset's value.,The interest rate implicit in the lease discounts the lease payments.,"Saklı faiz oranı, kiralama ödemelerini iskonto eder."
I,Interest rate risk,Faiz oranı riski,Risk that interest rate changes affect financial position.,Floating-rate debt exposes the firm to interest rate risk.,"Değişken faizli borç, şirketi faiz oranı riskine maruz bırakır."
I,Interest rate strip,Vadeli faiz oranı takası,A hedging instrument combining a cap and a floor on rates.,The interest rate strip limited exposure to rate movements.,Vadeli faiz oranı takası faiz hareketlerine maruz kalmayı sınırladı.
I,Interest rate swap,Vadeli faiz oranı takası/değişimi,"A derivative in which two parties exchange interest payment streams, typically fixed for floating.",The company entered into an interest rate swap to hedge its variable-rate debt.,"Şirket, değişken faizli borcunu korumak için bir faiz oranı takası yapmıştır."
I,Interest-only strip,Sadece faiz takası / yalnızca faiz alacağı,A right to receive only interest cash flows from a transferred asset.,The retained interest-only strip is measured at fair value.,Elde tutulan yalnızca faiz alacağı gerçeğe uygun değerle ölçülür.
I,Interest-only strip receivable,Faiz alacağı,A right to receive only the interest cash flows from a financial asset.,The entity retained an interest-only strip receivable on the securitisation.,"İşletme, menkul kıymetleştirmede faiz alacağını elinde tuttu."
I,Interests in Joint Ventures,İş Ortaklıklarındaki Paylar,An entity's ownership interests in joint ventures.,Interests in joint ventures are accounted for using the equity method.,"İş ortaklıklarındaki paylar, özkaynak yöntemi kullanılarak muhasebeleştirilir."
I,Interim financial report,Ara dönem finansal raporu,A report for a period shorter than a full year.,An interim financial report covers a six-month period.,"Ara dönem finansal raporu, altı aylık bir dönemi kapsar."
I,Interim Financial Reporting,Ara Dönem Finansal Raporlama,The standard that prescribes the minimum content of an interim financial report and the recognition and measurement principles for interim periods.,Interim Financial Reporting requires entities to present a condensed set of financial statements.,"Ara Dönem Finansal Raporlama standardı, işletmelerin özet finansal tablolar seti sunmasını gerektirir."
I,Interim financial reporting and impairment,Ara dönem finansal raporlama ve değer düşüklüğü,Impairment considerations in interim reporting.,Interim financial reporting and impairment apply the same principles as annual reporting.,"Ara dönem raporlamada değer düşüklüğü, yıllık raporlamayla aynı ilkeleri uygular."
I,Interim financial statements,Ara dönem finansal tabloları,Financial statements for a period shorter than a full year.,The company published interim financial statements for the half year.,"Şirket, yarı yıl için ara dönem finansal tablolarını yayımladı."
I,Interim period,Ara dönem,A financial reporting period shorter than a full financial year.,The interim period covered the first six months.,Ara dönem ilk altı ayı kapsıyordu.
I,Intermediate or ultimate parent entity,Ara veya nihai ana işletmeler,A parent entity that is itself a subsidiary of another parent or that sits at the top of the group.,The intermediate or ultimate parent entity must also prepare consolidated financial statements.,Ara veya nihai ana işletme de konsolide finansal tablolar hazırlamak zorundadır.
I,Internal rate of return,İç getiri oranı,The discount rate that makes the net present value zero.,The internal rate of return determines the effective interest rate.,İç getiri oranı efektif faiz oranını belirler.
I,Internal risk transfer,İşletme içi risk transferi,Transfer of risk between business units within the same entity.,Internal risk transfer is eliminated on consolidation.,İşletme içi risk transferi konsolidasyonda elimine edilir.
I,Internally generated,İşletme içi yaratılan,Created within the entity rather than acquired.,Internally generated brands are not recognised as intangible assets.,"İşletme içi yaratılan markalar, maddi olmayan duran varlık olarak tanınmaz."
I,Internally generated goodwill,İşletme içi yaratılan şerefiye,"Goodwill created internally, which is not recognised.",Internally generated goodwill is not recognised as an asset.,"İşletme içi yaratılan şerefiye, varlık olarak tanınmaz."
I,International Accounting Standard,Uluslararası Muhasebe Standardı,A standard issued by the International Accounting Standards Board's predecessor that prescribes accounting treatments for particular transactions.,International Accounting Standard 2 deals with the measurement of inventories.,"Uluslararası Muhasebe Standardı 2, stokların ölçümünü ele alır."
I,International Accounting Standards Committee,Uluslararası Muhasebe Standartları Komitesi (IASC),The predecessor body of the IASB.,The IASC issued the original International Accounting Standards.,"IASC, ilk Uluslararası Muhasebe Standartlarını yayımladı."
I,International Accounting Standards Committee Foundation,Uluslar arası Muhasebe Standartları Komitesi Vakfı,Body overseeing the IASC and IASB.,The IASC Foundation appointed new trustees.,IASC Vakfı yeni mütevelli heyeti atadı.
I,International Federation Of Accountants,Uluslararası Muhasebeciler Federasyonu (IFA),The global organisation representing the accountancy profession.,IFAC issues standards on ethics and auditing.,"IFAC, etik ve denetim konusunda standartlar yayımlar."
I,International Financial Reporting Interpretations Committee,Uluslararası Finansal Raporlama Yorumlama Komitesi,The body that issued interpretations on how to apply IFRS to specific issues.,The International Financial Reporting Interpretations Committee issued guidance on the accounting treatment.,"Uluslararası Finansal Raporlama Yorumlama Komitesi, muhasebe uygulamasına ilişkin rehberlik yayımlamıştır."
I,International Financial Reporting Standard,Uluslararası Finansal Raporlama Standartları(IFRS),Standards issued by the IASB for global financial reporting.,Each International Financial Reporting Standard sets out specific requirements.,Her bir Uluslararası Finansal Raporlama Standardı belirli gereklilikler ortaya koyar.
I,Intragroup,Grup içi,Occurring between entities within the same group.,Intragroup balances are eliminated in the consolidated statements.,Grup içi bakiyeler konsolide tablolarda elimine edilir.
I,Intragroup payment arrangement,Grup içi ödeme anlaşmaları,An arrangement for payment within a group of entities.,The intragroup payment arrangement is eliminated on consolidation.,"Grup içi ödeme anlaşması, konsolidasyonda elimine edilir."
I,Intragroup transaction,Grup içi işlemler,Transactions between entities in the same group.,Intragroup transactions are eliminated on consolidation.,"Grup içi işlemler, konsolidasyonda elimine edilir."
I,Intrinsic value,İçsel değer,"The difference between the fair value of a share and the exercise price of an option, being the amount that would be gained on immediate exercise.",The intrinsic value of the share option is measured as the excess of the share price over the exercise price.,"Hisse senedi opsiyonunun içsel değeri, hisse fiyatının kullanım fiyatını aşan kısmı olarak ölçülür."
I,Introduction of the Euro,Euro’ya Geçiş,The adoption of the euro currency.,The introduction of the Euro affected currency translation.,"Euro'ya geçiş, döviz çevrimini etkiledi."
I,Inventories,Stoklar,Assets held for sale or in production.,Inventories are measured at the lower of cost and net realisable value.,"Stoklar, maliyet ile net gerçekleşebilir değerden düşük olanıyla ölçülür."
I,Inverse floating interest rate,Ters değişken faiz oranı,An interest rate that moves opposite to the reference rate.,The note pays an inverse floating interest rate as rates fall.,Faiz oranları düştükçe senet ters değişken faiz oranı öder.
I,Investee,Yatırım yapılan şirket,An entity in which another entity holds an ownership interest.,The investor holds significant influence over the investee.,"Yatırımcı, yatırım yapılan şirket üzerinde önemli etkiye sahiptir."
I,Investing activities,Yatırım faaliyetleri,Cash flows from acquiring and disposing of long-term assets.,Investing activities include purchases of property and equipment.,"Yatırım faaliyetleri, maddi duran varlık alımlarını içerir."
I,Investment,Yatırım,An asset held to increase wealth through income or appreciation.,The company made a long-term investment in a subsidiary.,Şirket bir iştirake uzun vadeli yatırım yaptı.
I,Investment contract,Yatırım sözleşmesi,A contract providing a return based on an investment.,Investment contracts are measured at fair value at inception.,"Yatırım sözleşmeleri, başlangıçta gerçeğe uygun değeri üzerinden ölçülür."
I,Investment enterprise,Yatırım kuruluşu,An entity whose business is making investments.,An investment enterprise measures investments at fair value.,"Yatırım kuruluşu, yatırımlarını gerçeğe uygun değeriyle ölçer."
I,Investment entity,Aracı kurum,An entity that obtains funds from investors to provide them with investment management services and measures its investments at fair value through profit or loss.,An investment entity does not consolidate its controlled investees but measures them at fair value.,"Bir aracı kurum, kontrol ettiği yatırımlarını konsolide etmez, bunları gerçeğe uygun değer üzerinden ölçer."
I,Investment grade,Yatırım düzeyi / derecesi,A credit rating indicating low default risk.,The bonds are rated investment grade.,"Tahviller, yatırım düzeyinde derecelendirilmiştir."
I,Investment performance,"Yatırım başarısı, performansı",Return achieved on an investment over a period.,Investment performance is reported to policyholders annually.,"Yatırım performansı, poliçe sahiplerine yıllık olarak raporlanır."
I,Investment property,Yatırım amaçlı gayrimenkul,Property held to earn rentals or for capital appreciation.,The office block is held as investment property.,Ofis binası yatırım amaçlı gayrimenkul olarak elde tutulmaktadır.
I,Investment retained,Sahip olunan yatırım,The interest in a former subsidiary that a parent continues to hold after losing control.,The investment retained was remeasured at fair value when control was lost.,"Kontrol kaybedildiğinde sahip olunan yatırım, gerçeğe uygun değerinden yeniden ölçülmüştür."
I,Investment securities,Yatırım amaçlı menkul kıymetler,Financial assets held to earn returns rather than for trading.,Investment securities are classified by their contractual cash flows.,"Yatırım amaçlı menkul kıymetler, sözleşmeye bağlı nakit akışlarına göre sınıflandırılır."
I,Investment tax credits,Yatırım indirimi,Tax incentives granted to encourage capital investment.,Investment tax credits reduced the entity's tax expense.,Yatırım indirimi işletmenin vergi giderini azalttı.
I,Investment-linked insurance funds,Yatırım amaçlı sigorta fonları,Insurance funds whose value is linked to investments.,Assets held in investment-linked insurance funds are measured at fair value.,Yatırım amaçlı sigorta fonlarında tutulan varlıklar gerçeğe uygun değeriyle ölçülür.
I,Investments in Associates,İştiraklerdeki Yatırımlar,The standard on accounting for associates.,Investments in associates are accounted for using the equity method.,"İştiraklerdeki yatırımlar, özkaynak yöntemiyle muhasebeleştirilir."
I,Investor,Yatırımcı,"A party that holds an interest in another entity, such as through shares, and is entitled to returns from that investment.",The investor assessed whether it had significant influence over the associate.,"Yatırımcı, iştirak üzerinde önemli etkisinin bulunup bulunmadığını değerlendirdi."
I,Investor in a joint venture,İş ortaklığı yatırımcısı,A party with an interest in a joint venture.,The investor in a joint venture uses the equity method.,"İş ortaklığı yatırımcısı, özkaynak yöntemini kullanır."
I,Investor-owned entity,Yatırımcı tarafından sahip olunan işletme,Entity owned by investors rather than policyholders.,Investor-owned entities report profits for shareholders.,Yatırımcı tarafından sahip olunan işletmeler ortakları için kâr açıklar.
I,Involuntary liquidation,Zorunlu tasfiye,Winding up of a company ordered by a court or regulator.,The bank faced involuntary liquidation after the collapse.,"Banka, çöküşün ardından zorunlu tasfiye ile karşılaştı."
I,Irrevocable commitments,Vazgeçilemeyen taahhütler,Binding obligations that cannot be cancelled or withdrawn by the entity.,Irrevocable commitments to purchase raw materials were disclosed in the notes.,Hammadde satın almaya ilişkin vazgeçilemeyen taahhütler dipnotlarda açıklanmıştır.
I,Issued capital,Çıkarılmış sermaye,The amount of share capital actually issued to shareholders.,Issued capital is presented separately from share premium.,"Çıkarılmış sermaye, hisse senedi ihraç primi ararı olarak ayrı sunulur."
I,Issued shares,İhraç edilen hisseler,Shares that have been allocated and paid for by shareholders.,Issued shares are recorded at their nominal value.,İhraç edilen hisseler nominal değerleriyle kaydedilir.
I,Issuing entity,Kendi özkaynaklarını ihraç eden işletme,The entity that issues equity instruments to holders.,The issuing entity recognised the preference shares as equity.,"Kendi özkaynağını ihraç eden işletme, imtiyazlı hisseleri özkaynak olarak muhasebeleştirdi."
I,Item,"Kalem, madde",A single element of the financial statements.,"Each item is classified as asset, liability, income or expense.","Her kalem; varlık, borç, gelir veya gider olarak sınıflandırılır."
I,Item by item basis,Kalem bazında,An approach in which each individual item is considered separately rather than in aggregate.,The entity assessed its financial assets for impairment on an item by item basis.,"İşletme, finansal varlıklarını değer düşüklüğü açısından kalem bazında değerlendirdi."
I,Item of inventory,Stok kalemi,A single unit or category of inventory.,Each item of inventory is measured at the lower of cost and net realisable value.,"Her stok kalemi, maliyet ile net gerçekleşebilir değerin düşük olanıyla ölçülür."
J-L,Joint control,Müşterek / ortak kontrol,Contractually shared control of an arrangement.,The two parties exercise joint control over the venture.,"İki taraf, ortak girişim üzerinde müşterek kontrol uygular."
J-L,Joint venture,İş ortaklığı,A joint arrangement where parties share control and net assets.,The two firms formed a joint venture for the project.,İki firma proje için bir iş ortaklığı kurdu.
J-L,Joint working group,Ortak çalışma grubu,A group formed by two or more bodies to work together on a common project or standard.,The joint working group was set up to align the two frameworks.,İki çerçeveyi uyumlu hale getirmek için ortak çalışma grubu oluşturulmuştur.
J-L,Jointly Controlled Entities – Non-Monetary Contributions by Venturers,Müştereken Kontrol Edilen İşletmeler – Ortak Girişimcilerin Parasal Olmayan Katılım Payları,Guidance on non-monetary contributions made by venturers to jointly controlled entities.,Non-monetary contributions by venturers require careful gain recognition.,"Ortak girişimcilerin parasal olmayan katılım payları, dikkatli bir kazanç muhasebeleştirmesi gerektirir."
J-L,Jointly controlled entity,Müştereken kontrol edilen işletme,An entity whose strategic decisions require unanimous consent of the venturers.,Profits of the jointly controlled entity are shared equally.,Müştereken kontrol edilen işletmenin kârı eşit paylaşılır.
J-L,Jurisdiction,İç hukuk alanı,A legal territory with its own rules and courts.,Tax rates are applied based on the relevant jurisdiction.,"Vergi oranları, ilgili hukuk alanına göre uygulanır."
J-L,Key management personnel,Kilit yönetici personel,Those with authority for planning and control.,Key management personnel compensation is disclosed.,Kilit yönetici personelin ücretleri açıklanır.
J-L,Larger financial asset,Daha büyük olan finansal varlık,"The financial asset of greater value in a comparison, relevant when allocating or measuring assets.",The fair value adjustment was allocated to the larger financial asset in the portfolio.,"Gerçeğe uygun değer düzeltmesi, portföydeki daha büyük olan finansal varlığa tahsis edildi."
J-L,"Last-in, first-out",Son giren ilk çıkar (LIFO),An inventory costing method.,"Last-in, first-out is not permitted under IFRS.",Son giren ilk çıkar yöntemine IFRS kapsamında izin verilmez.
J-L,Lease,Kiralama,Contract conveying the right to use an asset.,The lease term is five years without renewal option.,"Kiralama süresi, yenileme opsiyonu olmaksızın beş yıldır."
J-L,Lease term,Kiralama dönemi,The non-cancellable period during which a lessee may use an asset.,The lease term was extended by an optional renewal period.,Kiralama dönemi isteğe bağlı yenileme süresiyle uzatıldı.
J-L,Leaseback,Satıp geri kiralama,A transaction in which the seller of an asset leases it back from the buyer.,The sale and leaseback arrangement resulted in a right-of-use asset.,"Satıp geri kiralama düzenlemesi, bir kullanım hakkı varlığıyla sonuçlanmıştır."
J-L,Leased assets,Finansal kiralama konusu varlıklar,Assets recognized by a lessee or lessor under a finance lease.,Leased assets are depreciated over the shorter of lease term or useful life.,"Finansal kiralama konusu varlıklar, kiralama süresi veya faydalı ömürden kısa olanı üzerinden amortismana tabi tutulur."
J-L,Leasehold interest,Kira hissesi/payı,The lessee's interest in a leased asset under a lease agreement.,The leasehold interest was classified as an asset.,Kira hissesi varlık olarak sınıflandırıldı.
J-L,Leases,Kiralama işlemleri,Contracts transferring the right to use an asset for a period.,Leases are recognised as a right-of-use asset and a lease liability.,"Kiralama işlemleri, kullanım hakkı varlığı ve kiralama borcu olarak muhasebeleştirilir."
J-L,Legal entity,Tüzel kişilik,An entity recognised as such by law.,A legal entity may be separate from the reporting entity.,"Tüzel kişilik, raporlayan işletmeden ayrı olabilir."
J-L,Legal merger,Yasal şirket birleşmesi,A combination in which two or more entities are legally merged into a single entity.,"Following the legal merger, the surviving entity assumed all the assets and liabilities of the merged company.","Yasal şirket birleşmesinin ardından, varlığını sürdüren işletme birleşen şirketin tüm varlık ve borçlarını üstlendi."
J-L,Legal obligation,Yasal yükümlülük,An obligation arising from law.,A legal obligation may require recognising a provision.,"Yasal bir yükümlülük, karşılık ayrılmasını gerektirebilir."
J-L,Legal parent,Yasal ana ortaklık,Entity that controls another through ownership.,The legal parent controls two subsidiaries.,Yasal ana ortaklık iki bağlı ortaklığı kontrol eder.
J-L,Legal release,Yasal olarak sona erme,Legal discharge of a debt or obligation.,The legal release of the guarantee removed the liability.,Güvencenin yasal olarak sona ermesi borcu ortadan kaldırdı.
J-L,Legal rights,Yasal haklar,Enforceable entitlements recognised or disclosed in the financial statements.,The entity had legal rights to offset the two balances.,"İşletme, iki bakiyeyi mahsup etme yönünde yasal haklara sahipti."
J-L,Legal subsidiary,Yasal bağlı ortaklık,The entity legally designated as subsidiary in a reverse acquisition.,The legal subsidiary is treated as the accounting acquirer.,"Yasal bağlı ortaklık, muhasebe açısından edinen taraf olarak ele alınır."
J-L,Legally enforceable right,Yasal hak,A right that can be enforced in a court of law.,Offsetting requires a legally enforceable right of set-off.,"Mahsuplaşma, yasal olarak icra edilebilir bir mahsup hakkı gerektirir."
J-L,Legislative requirement,"Yasal hüküm, gereklilik",A requirement imposed by law.,A legislative requirement created a present obligation.,"Bir yasal hüküm, mevcut bir yükümlülük doğurdu."
J-L,Lender,Borç veren,A party that provides funds as a loan.,The lender assesses the borrower's credit risk.,"Borç veren, borçlunun kredi riskini değerlendirir."
J-L,Lessee,Kiracı (finansal kiralamada kiracı),The party that obtains the right to use an underlying asset for a period of time in exchange for consideration.,The lessee recognises a lease liability and a right-of-use asset at the commencement date.,"Kiracı, başlangıç tarihinde bir kiralama yükümlülüğü ve kullanım hakkı varlığı muhasebeleştirir."
J-L,Lessee’s incremental borrowing rate of interest,Kiracının ek borçlanma faiz oranı,The rate a lessee would pay to borrow.,The lessee's incremental borrowing rate discounts lease payments.,"Kiracının ek borçlanma faiz oranı, kiralama ödemelerini iskonto eder."
J-L,Lessor,Kiraya veren (finansal kiralamada kiraya veren),Party that provides an asset under a lease.,The lessor recognised a finance lease receivable.,"Kiraya veren, finansal kiralama alacağı muhasebeleştirdi."
J-L,Letters of credit,Akreditifler,Bank documents guaranteeing payment to a seller.,The exporter required letters of credit for the shipment.,İhracatçı sevkiyat için akreditif talep etti.
J-L,Level of serviceability,Hizmet verebilir düzey,The standard of performance or capacity an asset must maintain to be considered usable.,The maintenance provision keeps the aircraft at the required level of serviceability.,"Bakım karşılığı, uçağı gerekli hizmet verebilir düzeyde tutar."
J-L,Leverage,Kaldıraç,The use of debt to increase the potential return on equity.,High leverage increases the entity's financial risk.,"Yüksek kaldıraç, işletmenin finansal riskini artırır."
J-L,Leveraged written option,Kaldıraçlı satım opsiyonu,A written option whose payoff increases more than proportionally to the underlying.,The leveraged written option increased the entity's exposure.,Kaldıraçlı satım opsiyonu işletmenin riskini artırdı.
J-L,Liabilities Arising from Participating in a Specific Market – Waste Electrical and Electronic Equipment,Özel Bir Piyasaya Katılımdan Doğan Yükümlülükler – Atık Elektrikli ve Elektronik Aletler,Obligations from participating in a market for WEEE.,Liabilities arise from participating in the WEEE market.,Atık elektrikli ve elektronik aletler piyasasına katılımdan yükümlülükler doğar.
J-L,Liabilities assumed,Üstlenilen borçlar,Obligations taken over in a transaction.,Liabilities assumed are measured at fair value in a business combination.,"Üstlenilen borçlar, işletme birleşmesinde gerçeğe uygun değeriyle ölçülür."
J-L,Liability,"Borç, yabancı kaynak","A present obligation of the entity arising from past events, the settlement of which is expected to result in an outflow of resources.",The trade payable is recognised as a liability because the entity has a present obligation to pay.,"Ticari borç, işletmenin ödeme yönünde mevcut bir yükümlülüğü olduğu için borç olarak muhasebeleştirilir."
J-L,Liability adequacy test,Borç yeterlilik testi,A test of whether liabilities are adequate.,The liability adequacy test ensures insurance liabilities are sufficient.,"Borç yeterlilik testi, sigorta yükümlülüklerinin yeterli olmasını sağlar."
J-L,Liability component,"Borç kalemi, yabancı kaynak kalemi",Debt portion of a compound financial instrument.,The liability component was measured at present value.,"Borç kalemi, bugünkü değerle ölçüldü."
J-L,Liability issue,Borçlanma aracı ihracı,The issuance of debt instruments to raise funds.,The liability issue raised funds for expansion.,Borçlanma aracı ihracı büyüme için fon sağladı.
J-L,Licence fee,Lisans ücreti,A payment made for the right to use intellectual property or operate under a permit.,The licence fee was recognised as revenue over the licence period.,"Lisans ücreti, lisans süresi boyunca hasılat olarak muhasebeleştirilmiştir."
J-L,Licensing agreement,Lisans sözleşmesi,A contract granting rights to use intellectual property or technology.,The licensing agreement provides for royalty payments.,Lisans sözleşmesi telif ödemelerini öngörür.
J-L,Life-contingent annuity,Yaşam koşullu yıllık gelir sigortası,An annuity whose payments depend on the survival of the annuitant.,The insurer priced the life-contingent annuity using mortality assumptions.,"Sigortacı, yaşam koşullu yıllık geliri ölüm oranı varsayımlarıyla fiyatlandırdı."
J-L,LIFO,LİFO (son giren ilk çıkar),"Last-in, first-out inventory costing method.",LIFO is not permitted under IFRS.,LİFO yöntemine IFRS kapsamında izin verilmez.
J-L,Like transactions and events in similar circumstances,Benzer işlemler ve benzer koşullardaki diğer olaylar,Comparable transactions treated consistently.,Like transactions in similar circumstances are treated consistently.,Benzer koşullardaki benzer işlemler tutarlı biçimde ele alınır.
J-L,Limited Exemption from Comparative IFRS 7 Disclosures for First-time Adopters,IFRS’leri İlk Kez Uygulayan İşletmelere Yönelik IFRS 7’de Yer Alan Karşılaştırmalı Açıklamalardan Sınırlı Muafiyet,An amendment providing first-time adopters a limited exemption from presenting comparative IFRS 7 disclosures.,The limited exemption from comparative IFRS 7 disclosures for first-time adopters reduces the burden of transition.,"IFRS’leri ilk kez uygulayan işletmelere yönelik karşılaştırmalı IFRS 7 açıklamalarından sınırlı muafiyet, geçiş yükünü azaltır."
J-L,Line item,İlgili kalem,A single line presented in a statement.,Each line item is presented separately.,Her ilgili kalem ayrı olarak sunulur.
J-L,Line of business,İş alanı,Distinct segment or area of commercial activity.,Results are reported by line of business.,Sonuçlar iş alanına göre raporlanır.
J-L,Liquid assets,Hazır değerler/nakit ve nakit benzeri varlıklar,Cash and assets easily convertible into cash.,The company held sufficient liquid assets to meet payments.,Şirket ödemeleri karşılamak için yeterli hazır değer tuttu.
J-L,Liquidity,Likidite,The availability of cash and the ability of an entity to meet its short-term obligations.,The company maintained sufficient liquidity to meet its obligations as they fell due.,"Şirket, vadesi gelen yükümlülüklerini karşılamak için yeterli likiditeyi korumuştur."
J-L,Liquidity presentation,Likidite sunumu,Presentation of assets and liabilities by their nearness to cash.,The bank adopts liquidity presentation in its balance sheet.,"Banka, bilançosunda likidite sunumunu benimser."
J-L,Liquidity risk,Likidite riski,The risk that an entity will struggle to meet its financial obligations.,The entity monitors liquidity risk through maturity analysis.,"İşletme, likidite riskini vade analizi yoluyla izler."
J-L,Litigation settlements,Yasal uzlaşmalar,Amounts agreed to settle legal disputes.,Litigation settlements were recognised as a provision.,"Yasal uzlaşmalar, karşılık olarak muhasebeleştirildi."
J-L,Loan,"Kredi, borç",Funds provided that must be repaid.,The loan is measured at amortised cost.,"Kredi, itfa edilmiş maliyetiyle ölçülür."
J-L,Loan asset,Kredi varlığı,A financial asset arising from the lending of money to a borrower.,The loan asset is measured at amortised cost using the effective interest method.,"Kredi varlığı, etkin faiz yöntemi kullanılarak itfa edilmiş maliyeti üzerinden ölçülür."
J-L,Loan commitment,Kredi taahhüdü,A commitment to provide a loan.,The loan commitment fee is recognised over the commitment period.,"Kredi taahhüt ücreti, taahhüt süresi boyunca muhasebeleştirilir."
J-L,Loan sub-participation,Kredi alt katılımı,Agreement transferring part of a loan's risk and return.,The bank entered a loan sub-participation with another lender.,"Banka, başka bir kreditörle kredi alt katılımı yaptı."
J-L,Loans and advances,Verilen krediler ve avanslar,Amounts lent by a bank to its customers.,Loans and advances to customers grew during the year.,Müşterilere verilen krediler ve avanslar yıl içinde arttı.
J-L,Loans and receivables,Kredi ve alacaklar,Non-derivative financial assets with fixed or determinable payments that are not quoted in an active market.,Trade receivables were classified as loans and receivables under the old standard.,"Ticari alacaklar, eski standart uyarınca kredi ve alacaklar olarak sınıflandırılmıştır."
J-L,Loans and receivables originated by the enterprise,İşletme tarafından sağlanan krediler ve alacaklar,Non-derivative financial assets created by providing money or goods.,Loans and receivables originated by the enterprise are measured at amortized cost.,İşletme tarafından sağlanan krediler ve alacaklar itfa edilmiş maliyetle ölçülür.
J-L,Loans payable,Kredi borçları,Liabilities arising from borrowed funds that must be repaid.,Loans payable are classified as non-current liabilities.,Kredi borçları uzun vadeli borçlar olarak sınıflandırılır.
J-L,Loans payable in default,Temerrüde düşmüş kredi borçları,Loans in breach of their terms and repayable on demand.,Loans payable in default are classified as current liabilities.,"Temerrüde düşmüş kredi borçları, kısa vadeli borç olarak sınıflandırılır."
J-L,Long-term employee benefits,Çalışanlara sağlanan uzun vadeli faydalar,Benefits payable beyond twelve months.,Long-term employee benefits include long-service leave.,"Uzun vadeli çalışan faydaları, uzun hizmet iznini içerir."
J-L,Long-term investment,Uzun vadeli yatırım,"An investment intended to be held for more than one year, not expected to be converted into cash in the short term.",Long-term investments are presented separately from current assets in the statement of financial position.,"Uzun vadeli yatırımlar, finansal durum tablosunda dönen varlıklardan ayrı olarak sunulur."
J-L,Look through,Gözden geçirme,Assessing the substance behind a structure.,A look through approach assesses the underlying assets.,"Gözden geçirme yaklaşımı, altta yatan varlıkları değerlendirir."
J-L,Look through approach,Gözden geçirme yaklaşımı,Basing treatment on underlying substance rather than legal form.,The look through approach is used for financial conglomerates.,"Gözden geçirme yaklaşımı, finansal şirketler topluluğu için kullanılır."
J-L,Loss event,Zarar yaratan olay,An event that causes an actual credit loss.,A loss event was identified on the defaulted loan.,Temerrüt eden kredide zarar yaratan bir olay tespit edildi.
J-L,Loss of control,Kontrol gücünün kaybedilmesi,The event in which a parent no longer has control over a former subsidiary.,The loss of control triggered the derecognition of the subsidiary's assets and liabilities.,"Kontrol gücünün kaybedilmesi, bağlı ortaklığın varlık ve yükümlülüklerinin kayıttan çıkarılmasını tetiklemiştir."
J-L,Loss per share,Hisse başına zarar,The net loss attributable to each ordinary share.,The entity reported a loss per share for the period.,"İşletme, dönem için hisse başına zarar açıkladı."
J-L,Loss recognition test,Zarar saptama testi (sigorta şirketlerince),A test to determine whether an insurance contract is onerous.,A loss recognition test is performed for each insurance portfolio.,Her sigorta portföyü için zarar saptama testi yapılır.
J-L,Loss sharing arrangement,Zarar paylaşımı anlaşmaları,An agreement to share losses between parties.,"Under the loss sharing arrangement, losses are borne proportionately.",Zarar paylaşımı anlaşmasına göre zararlar oransal olarak üstlenilir.
J-L,Losses,Zararlar,Decreases in economic benefits.,Losses are recognised in profit or loss.,"Zararlar, kâr veya zararda muhasebeleştirilir."
J-L,Lower level parent,Daha alt seviyedeki bir ana işletme,A parent entity that is itself a subsidiary of another parent higher up the group structure.,The lower level parent prepares consolidated financial statements for its own group within the wider structure.,"Daha alt seviyedeki ana işletme, daha geniş yapı içindeki kendi grubu için konsolide finansal tablolar hazırlar."
M-N,Majority interest,Çoğunluk payı,Ownership of more than half the voting rights.,Majority interest gives the parent control.,"Çoğunluk payı, ana ortaklığa kontrol verir."
M-N,Managed on a contractual yield basis,Sözleşmeye dayalı getiri bazında yönetilen,Assets managed to achieve returns set by contract.,The portfolio is managed on a contractual yield basis.,"Portföy, sözleşmeye dayalı getiri bazında yönetilmektedir."
M-N,Management,Yönetim,The people responsible for directing and controlling an entity.,Management is responsible for preparing the financial statements.,"Yönetim, finansal tabloların hazırlanmasından sorumludur."
M-N,Management approach,Yönetimin yaklaşımı,An approach that bases segment reporting on the information used internally by management.,"Under the management approach, segments were reported as reviewed by the chief operating decision maker.","Yönetimin yaklaşımı uyarınca bölümler, faaliyet kararlarından sorumlu üst yöneticinin incelediği şekilde raporlanmıştır."
M-N,Management commentary,Yönetimin görüşü,Narrative explanation of financial results accompanying the statements.,The management commentary explains key performance drivers.,"Yönetimin görüşü, temel performans etkenlerini açıklar."
M-N,Management intentions,Yönetim amacı,Management's stated plans for holding or disposing of an asset.,The classification depended on management intentions.,"Sınıflandırma, yönetim amacına bağlıydı."
M-N,Margin,Brüt kâr,The difference between revenue and cost of sales.,The gross margin improved following cost reductions.,Maliyet düşüşlerinin ardından brüt kâr marjı iyileşti.
M-N,Market condition,Piyasa koşulu,A condition related to market prices.,A market condition affects the fair value of a share option.,"Piyasa koşulu, hisse opsiyonunun gerçeğe uygun değerini etkiler."
M-N,Market price,Piyasa fiyatı,The price at which an asset or liability could be bought or sold in an active market.,The market price of the listed shares was used to determine their fair value.,Borsada işlem gören hisselerin gerçeğe uygun değerini belirlemek için piyasa fiyatı kullanıldı.
M-N,Market rate of interest,Piyasa faiz oranı,The prevailing interest rate in the market.,The loan was granted at the market rate of interest.,"Kredi, piyasa faiz oranından verildi."
M-N,Market risk,Piyasa riski,Risk of loss from market price movements.,Market risk arises from commodity price fluctuations.,"Piyasa riski, emtia fiyat dalgalanmalarından doğar."
M-N,Market value,Piyasa değeri,The price at which an asset could be traded in the market.,The market value of the land rose sharply.,Arsanın piyasa değeri keskin biçimde arttı.
M-N,Marketable,Pazarlanabilir,Describes an asset that can be readily bought or sold in a market.,The marketable securities were measured at fair value at the reporting date.,"Pazarlanabilir menkul kıymetler, raporlama tarihinde gerçeğe uygun değerinden ölçülmüştür."
M-N,Marketing-related intangible assets,Pazarlamayla ilişkili maddi olmayan duran varlıklar,"Intangible assets used in marketing, such as trademarks and brand names.",Marketing-related intangible assets include trademarks and internet domains.,"Pazarlamayla ilişkili maddi olmayan duran varlıklar, markalar ve internet alan adlarını içerir."
M-N,Mask works,Entegre devre şablonları,Intellectual property rights protecting semiconductor chip designs.,Mask works are recognised as intangible assets.,Entegre devre şablonları maddi olmayan varlık olarak muhasebeleştirilir.
M-N,Master netting arrangement,Karşılıklı işlemlerin netleştirilmesine imkân veren anlaşma,An agreement allowing offsetting of multiple contracts on default.,A master netting arrangement allows offset on default.,"Netleştirme anlaşması, temerrüt halinde mahsup imkânı verir."
M-N,Matching of costs with revenues,Hasılat – maliyet eşleştirmesi,Recognising expenses with the related revenue.,Matching of costs with revenues recognises expenses in the same period.,"Maliyet-hasılat eşleştirmesi, giderleri aynı dönemde muhasebeleştirir."
M-N,Material,Önemli,"Information is material if omitting, misstating or obscuring it could influence the decisions that users make.",The omission of the disclosure was not material to the users of the financial statements.,"Söz konusu açıklamanın atlanması, finansal tablo kullanıcıları için önemli değildi."
M-N,Material adjustments,Önemli düzeltmeler,Adjustments significant enough to matter.,Material adjustments were made to the prior period figures.,Önceki dönem tutarlarına önemli düzeltmeler yapıldı.
M-N,Material errors,Önemli hatalar,Errors significant enough to affect users' decisions.,Material errors in prior statements were corrected retrospectively.,Önceki tablolardaki önemli hatalar geriye dönük düzeltildi.
M-N,Material omissions,Önemli ihmaller,Failures to include information significant enough to affect decisions.,Material omissions in the notes led to a restatement.,Dipnotlardaki önemli ihmaller bir yeniden düzenlemeye yol açtı.
M-N,Materiality,Önemlilik,The threshold at which information could influence the economic decisions of users of financial statements.,The omission was not considered material to the financial statements as a whole.,"Söz konusu ihmal, finansal tabloların bir bütün olarak değerlendirilmesinde önemli görülmemiştir."
M-N,Matrix approach Matrix presentation,Matris yaklaşım Matris sunumu,Presenting information across two dimensions in a grid format.,The matrix presentation discloses risk by type and by category.,"Matris sunumu, riski türe ve kategoriye göre açıklar."
M-N,Matrix form of organisation,Örgütün matriks şekli,An organisational structure where staff report to more than one manager.,The group operates in a matrix form of organisation.,"Grup, matriks şeklinde bir organizasyonda faaliyet gösterir."
M-N,Maturity,Vade,The date an instrument becomes due for settlement.,The bond's maturity is ten years from issue.,"Tahvilin vadesi, ihraçtan itibaren on yıldır."
M-N,Maturity value,Vade sonu değeri,The amount payable at maturity.,The bond was redeemed at its maturity value.,"Tahvil, vade sonu değeri üzerinden itfa edildi."
M-N,Measured at fair value through other comprehensive income,Gerçeğe uygun değer farkı diğer kapsamlı gelire yansıtılan olarak ölçülen,A measurement category for financial assets whose fair value changes are recognised in other comprehensive income rather than profit or loss.,The debt instrument is measured at fair value through other comprehensive income because it is held within a business model of hold to collect and sell.,"Borçlanma aracı, elde tut ve sat iş modeli kapsamında tutulduğu için gerçeğe uygun değer farkı diğer kapsamlı gelire yansıtılan olarak ölçülür."
M-N,Measurement,Ölçüm,Determining the monetary amount of an item.,Measurement of the provision used the best estimate.,Karşılığın ölçümünde en iyi tahmin kullanıldı.
M-N,Measurement bases,Ölçüm esasları,Methods used to determine amounts in financial statements.,The standard lists several measurement bases.,"Standart, çeşitli ölçüm esasları sıralar."
M-N,Measurement date,Ölçüm tarihi,The date at which an asset or liability is measured.,The measurement date for the plan assets was year end.,Plan varlıkları için ölçüm tarihi yıl sonuydu.
M-N,Measurement of change,Değişikliklerin belirlenmesi,The determination of the amount of change in an item that must be recognised or disclosed.,The measurement of change in the fair value of the liability was recognised in profit or loss.,Yükümlülüğün gerçeğe uygun değerindeki değişikliğin belirlenmesi kâr veya zararda muhasebeleştirilmiştir.
M-N,Measurement or recognition inconsistency,Ölçüm ya da muhasebeleştirme tutarsızlığı,An accounting mismatch between related assets and liabilities.,The derivative was held to remove a measurement or recognition inconsistency.,"Türev, ölçüm ya da muhasebeleştirme tutarsızlığını gidermek için elde tutuldu."
M-N,Measuring interim income tax expense,Ara dönem gelir vergisi giderinin hesaplanması,Calculating income tax for interim periods using the estimated annual effective rate.,Measuring interim income tax expense requires an estimated annual rate.,"Ara dönem gelir vergisi giderinin hesaplanması, tahmini yıllık oran gerektirir."
M-N,Membership fees,Üyelik aidatları,Fees paid to join or remain in an organisation.,Membership fees are recognised as revenue over the membership period.,"Üyelik aidatları, üyelik süresi boyunca hasılat olarak muhasebeleştirilir."
M-N,Members’ shares,Üyelerin hisseleri,Equity held by members of a co-operative.,Members' shares may be classified as equity or liability.,"Üyelerin hisseleri, özkaynak veya borç olarak sınıflandırılabilir."
M-N,Members’ Shares in Co-operative Entities and Similar Instruments,Üyelerin Kooperatif İşletmelerindeki ve Benzeri Finansal Araçlardaki Hisseleri,An interpretation addressing whether members' shares in co-operative entities should be classified as liabilities or equity.,The interpretation on members' shares in co-operative entities determines when such shares are classified as equity.,"Üyelerin kooperatif işletmelerindeki hisselerine ilişkin yorum, bu hisselerin ne zaman özkaynak olarak sınıflandırılacağını belirler."
M-N,Merchandise,Ticari mal,Goods held for resale.,Merchandise is reported within inventory.,"Ticari mallar, stoklar içinde raporlanır."
M-N,Merger,"Şirket birleşmesi, birleşme",Combination of two entities into one.,The merger created the largest bank in the region.,"Birleşme, bölgedeki en büyük bankayı yarattı."
M-N,Method of accounting,Muhasebeleştirme yöntemi,The approach used to recognise and measure transactions.,The company changed its method of accounting for leases.,Şirket kiralamalar için muhasebeleştirme yöntemini değiştirdi.
M-N,Mid-market price,Ortalama piyasa fiyatı,The price midway between the bid price and the asking price of a financial instrument.,The shares were measured using the mid-market price at the reporting date.,"Hisseler, raporlama tarihindeki ortalama piyasa fiyatı kullanılarak ölçülmüştür."
M-N,Minerals and mineral products,Madenler ve madeni ürünler,Extracted natural resources and products derived from them.,Inventory of minerals and mineral products is measured at net realizable value.,Madenler ve madeni ürünler stoku net gerçekleşebilir değerle ölçülür.
M-N,Minimum funding contributions,Tahmini asgari fonlama,Required contributions set by law or regulation to fund a plan.,The entity paid minimum funding contributions to the pension plan.,"İşletme, emeklilik planına asgari fonlama katkılarını ödedi."
M-N,Minimum funding requirement,Asgari fonlama koşulu,A legal minimum contribution required for a benefit plan.,The minimum funding requirement increased the plan liability.,"Asgari fonlama koşulu, plan yükümlülüğünü artırdı."
M-N,Minimum lease payments,Asgari finansal kiralama ödemeleri,Payments required over the lease term.,Minimum lease payments are discounted in lease accounting.,"Asgari kiralama ödemeleri, kiralama muhasebesinde iskonto edilir."
M-N,Minority interest,Azınlık payı,"The portion of equity in a subsidiary not attributable, directly or indirectly, to the parent entity.",Minority interest is presented within equity in the consolidated statement of financial position.,"Azınlık payı, konsolide finansal durum tablosunda özkaynak içinde sunulur."
M-N,Mismatch,Yanlış eşleştirme/uyumsuzluk,A mismatch between assets and liabilities.,The mismatch between maturities creates risk.,"Vadeler arasındaki uyumsuzluk, risk yaratır."
M-N,Misstatement,Yanlış ifade,Difference between reported and required amounts.,The auditor identified a misstatement in revenue.,"Denetçi, hasılatta bir yanlış ifade tespit etti."
M-N,Mitigating device,Risk azaltım araçları,An instrument or action that reduces risk exposure.,The derivative served as a mitigating device for currency risk.,"Türev ürün, kur riski için bir risk azaltım aracı işlevi gördü."
M-N,Mixed attribute approach,Karma şekil yaklaşımı,An accounting approach under which different measurement bases are applied to different items.,"The standard uses a mixed attribute approach, measuring some assets at cost and others at fair value.","Standart, bazı varlıkları maliyetinden bazılarını ise gerçeğe uygun değerinden ölçen karma şekil yaklaşımını kullanır."
M-N,Monetary asset,Parasal varlık,An asset representing money or a claim to fixed amounts of money.,Cash and trade receivables are monetary assets.,Nakit ve ticari alacaklar parasal varlıklardır.
M-N,Monetary items,Parasal kalemler,Units of currency held and assets and liabilities to be received or paid in fixed amounts.,Monetary items are translated at the closing exchange rate.,Parasal kalemler kapanış kuruyla çevrilir.
M-N,Monetary items (monetary assets; monetary financial assets and financial liabilities; monetary financial instruments),Parasal kalemler (parasal varlıklar; parasal finansal varlıklar ve finansal borçlar; parasal finansal araçlar),Assets and liabilities to be received or paid in fixed money units.,Monetary items are retranslated at the closing rate.,"Parasal kalemler, kapanış kuru üzerinden yeniden çevrilir."
M-N,Monitor compliance,Uyum izlemesi,Watching adherence to rules or covenants.,The entity monitors compliance with loan covenants.,"İşletme, kredi sözleşmesi koşullarına uyumu izler."
M-N,Mortality risk,Ölüm riski,"The risk that actual mortality rates differ from those expected, affecting the measurement of insurance or benefit obligations.",The insurer's mortality risk was assessed using recent actuarial tables.,"Sigortacının ölüm riski, güncel aktüeryal tablolar kullanılarak değerlendirildi."
M-N,Multi-employer (benefit) plans,Çok sayıda işverenin dahil olduğu fayda planları,Benefit plans shared by several employers.,Multi-employer plans pool the assets of several employers.,"Çok işverenli planlar, birçok işverenin varlıklarını birleştirir."
M-N,Multi-employer plans (for an employee benefit plan),Çok sayıda işverenin dahil olduğu sosyal yardım planları (çalışanlara sağlanan fayda planları için),Plan pooling contributions from several unrelated employers.,Multi-employer plans spread risk across participating employers.,"Çok sayıda işverenin dahil olduğu planlar, riski katılımcı işverenlere dağıtır."
M-N,Multiple arrangements,Çoklu düzenleme,Several separate contracts entered into at or near the same time.,The multiple arrangements were assessed as a single transaction.,Çoklu düzenlemeler tek bir işlem olarak değerlendirildi.
M-N,Multiple embedded derivatives,Çoklu saklı türev ürünler,Two or more embedded derivatives contained in a single host contract.,"When a contract contains multiple embedded derivatives, they may be treated as a single compound derivative.","Bir sözleşme çoklu saklı türev ürünler içerdiğinde, bunlar tek bir bileşik türev olarak ele alınabilir."
M-N,Mutual cooperative entity,İki taraflı kooperatif işletmesi,An entity owned and controlled by its members for mutual benefit.,The mutual cooperative entity distributes surpluses among its members.,"İki taraflı kooperatif işletmesi, artı değeri üyeleri arasında dağıtır."
M-N,Mutual entity,Yatırım ortaklığı,An entity whose owners receive dividends or returns rather than equity shares.,A mutual entity provides its members with membership rights.,"Yatırım ortaklığı, üyelerine üyelik hakları sağlar."
M-N,Mutual fund,Yatırım fonu,A pooled investment vehicle owned by its investors.,Units in the mutual fund are measured at fair value.,"Yatırım fonu birimleri, gerçeğe uygun değeriyle ölçülür."
M-N,Mutual insurance company,Ortak faydalı sigorta işletmesi,An insurer owned by its policyholders.,A mutual insurance company is owned by its policyholders.,"Ortak faydalı sigorta işletmesi, poliçe sahiplerine aittir."
M-N,National requirements,Ulusal düzenlemeler,Local legal or regulatory requirements that an entity must comply with in addition to international standards.,"Where national requirements differ from IFRSs, the entity discloses the nature of the differences.","Ulusal düzenlemelerin IFRS’lerden farklı olması durumunda işletme, farklılıkların niteliğini açıklar."
M-N,Nature of expense method,Giderlerin türlerine göre sınıflandırılması yöntemi,Presenting expenses by their nature.,The nature of expense method groups expenses by type.,"Türlerine göre yöntem, giderleri türe göre gruplar."
M-N,Negative goodwill,Negatif şerefiye,Gain when acquisition cost is below fair value acquired.,The bargain purchase produced negative goodwill.,"Uygun fiyatlı satın alma, negatif şerefiye doğurdu."
M-N,Negotiable paper,Ciro edilebilir kıymetli evrak,A transferable financial instrument that can be endorsed to another party.,The negotiable paper was endorsed to the bank.,Ciro edilebilir kıymetli evrak bankaya ciro edildi.
M-N,Net assets,Net varlıklar,"The amount by which total assets exceed total liabilities, equivalent to equity.",Net assets increased following the profitable year.,Kârlı geçen yılın ardından net varlıklar artmıştır.
M-N,Net assets available for benefits,Sağlanacak faydalarda kullanılabilecek net varlıklar,Plan assets less liabilities available to pay employee benefits.,Net assets available for benefits grew over the reporting period.,"Sağlanacak faydalarda kullanılabilecek net varlıklar, raporlama dönemi boyunca arttı."
M-N,Net basis,Net esasına göre,Presentation of assets and liabilities at their net amount.,The liability was settled on a net basis.,"Borç, net esasına göre ödendi."
M-N,Net cash-settled option,Net nakit tutar üzerinden ödenen opsiyon,An option settled in cash equal to the net gain.,The net cash-settled option is classified as a liability.,"Net nakit üzerinden ödenen opsiyon, borç olarak sınıflandırılır."
M-N,Net disposal proceeds,Varlıkların elden çıkarılmasından kaynaklanan net tahsilatlar,Proceeds from disposal less disposal costs.,Net disposal proceeds reduce the gain or loss on disposal.,"Net tahsilatlar, elden çıkarma kâr veya zararını azaltır."
M-N,Net exchange differences,Net kur (kambiyo) farkları,The net amount of gains and losses arising from translating foreign currency amounts at different exchange rates.,Net exchange differences are recognised in other comprehensive income and accumulated in a separate component of equity.,"Net kur farkları, diğer kapsamlı gelirde muhasebeleştirilir ve özkaynağın ayrı bir bileşeninde biriktirilir."
M-N,Net identifiable assets,Net tanımlanabilir varlıklar,Identifiable assets less liabilities acquired.,Goodwill is the excess of consideration over net identifiable assets.,"Şerefiye, bedelin net tanımlanabilir varlıkları aşan kısmıdır."
M-N,Net income,Net gelir,Profit remaining after all expenses and taxes.,Net income increased by twelve percent this year.,Net gelir bu yıl yüzde on iki arttı.
M-N,Net investment hedge,Net yatırım riskinden korunma,A hedge of currency exposure in a net investment abroad.,The group used a net investment hedge for its overseas subsidiary.,"Grup, yurt dışı bağlı ortaklığı için net yatırım riskinden korunma kullandı."
M-N,Net investment in a foreign entity,Yurtdışı bir kuruluştaki net yatırım,The amount of the reporting entity's interest in the net assets of a foreign operation.,The intercompany loan formed part of the net investment in a foreign entity.,"Grup içi kredi, yurtdışı bir kuruluştaki net yatırımın bir parçasını oluşturuyordu."
M-N,Net investment in a foreign operation,Yurtdışındaki işletmede bulunan net yatırım,The reporting entity's net share of a foreign operation's net assets.,Exchange differences on a net investment in a foreign operation go to equity.,Yurtdışındaki işletmede bulunan net yatırıma ilişkin kur farkları özkaynağa aktarılır.
M-N,Net investment in a lease,Finansal kiralamadaki net yatırım (anapara),The gross investment in a lease discounted at the implicit interest rate.,The net investment in a lease equals gross investment less unearned finance income.,"Finansal kiralamadaki net yatırım, brüt yatırımdan kazanılmamış finansman gelirinin düşülmesine eşittir."
M-N,Net loss,Net zarar,Total expenses exceeding total income for a period.,The entity reported a net loss for the year.,"İşletme, yıl için net zarar açıkladı."
M-N,Net monetary position,Net parasal pozisyon,The difference between monetary assets and liabilities.,The net monetary position gives rise to a gain in inflation.,"Net parasal pozisyon, enflasyonda kazanç doğurur."
M-N,Net position,Net pozisyon tutarı,The difference between the total assets and total liabilities of a given exposure or category.,The entity's net position in foreign currency was disclosed in the risk management note.,"İşletmenin döviz cinsinden net pozisyon tutarı, risk yönetimi dipnotunda açıklandı."
M-N,Net profit,Net kâr,Profit after all expenses and taxes.,Net profit for the year increased by ten percent.,Yılın net kârı yüzde on arttı.
M-N,Net profit or loss [for the period],Net kâr veya zarar (döneme ait),Bottom-line result of the reporting period.,Net profit or loss is presented on the income statement.,Dönem net kâr veya zararı gelir tablosunda sunulur.
M-N,"Net Profit or Loss for the Period, Fundamental Errors and Changes in Accounting Policies","Dönem Net Kârı veya Zararı, Temel Hatalar ve Muhasebe Politiklarındaki Değişiklikler","Guidance on reporting period profit, fundamental errors and policy changes.",The standard addressed net profit and changes in accounting policies.,"Standart, dönem net kârını ve muhasebe politikalarındaki değişiklikleri ele aldı."
M-N,Net realisable value,Net gerçekleşebilir değer,The estimated selling price less the estimated costs of completion and the costs to make the sale.,Inventory was written down to net realisable value because it had become obsolete.,"Stok, kullanılamaz hale geldiği için net gerçekleşebilir değerine indirilmiştir."
M-N,Net selling price,Net satış fiyatı,Fair value less costs to sell an asset.,The net selling price was lower than the asset's carrying amount.,"Net satış fiyatı, varlığın defter değerinden düşüktü."
M-N,Net settlement = Settle net,Net ödeme = Net mahsuplaşma,Settlement of a contract by paying or receiving only the net gain or loss.,The derivatives allowed net settlement without physical delivery.,"Türevler, fiziki teslim olmaksızın net mahsuplaşmaya olanak tanıdı."
M-N,Neutrality,Tarafsızlık,Freedom from bias in financial information.,Neutrality supports faithful representation of the results.,"Tarafsızlık, sonuçların gerçeğe uygun sunumunu destekler."
M-N,Newly acquired asset,Yeni edinilmiş varlık,An asset recently obtained.,A newly acquired asset is measured at fair value at acquisition.,"Yeni edinilmiş varlık, edinim anında gerçeğe uygun değeriyle ölçülür."
M-N,Next most senior parent,İkincil ana kuruluş,The parent entity that is next in the group hierarchy above a lower level parent.,The next most senior parent is required to prepare consolidated financial statements that include the whole group.,"İkincil ana kuruluşun, tüm grubu kapsayan konsolide finansal tablolar hazırlaması gerekir."
M-N,Non- adjusting event [after the balance sheet date],Düzeltme gerektirmeyen olay (bilanço tarihinden sonra),An event after the reporting date not requiring adjustment.,A decline in market value after year-end is a non-adjusting event.,"Yıl sonundan sonra piyasa değerindeki düşüş, düzeltme gerektirmeyen bir olaydır."
M-N,Non-adjusting event after the reporting period,Raporlama döneminden sonraki düzeltme gerektirmeyen olaylar,Event after period-end that does not change reported figures.,A fire after year-end is a non-adjusting event after the reporting period.,"Yıl sonundan sonra çıkan yangın, düzeltme gerektirmeyen bir olaydır."
M-N,Non-bank financial service firm,Banka olmayan finansal hizmet firmaları,A financial institution that is not a licensed bank.,The lessor is a non-bank financial service firm.,"Kiralayan, banka olmayan bir finansal hizmet firmasıdır."
M-N,Non-cancellable lease,İptal edilemeyen finansal kiralama işlemi,A lease that cannot be terminated by the lessee without incurring a penalty.,The minimum lease payments under the non-cancellable lease were discounted to present value.,İptal edilemeyen kiralama işlemi kapsamındaki asgari kira ödemeleri bugünkü değere indirgenmiştir.
M-N,Non-cash assets,Nakit dışı varlıklar,Assets other than cash and cash equivalents.,Non-cash assets were contributed to the joint venture.,"Nakit dışı varlıklar, ortak girişime katkı olarak sağlandı."
M-N,Non-cash collateral,Nakit dışı teminat,Assets other than cash pledged as security for an obligation.,Non-cash collateral must be measured at fair value.,Nakit dışı teminat gerçeğe uygun değerle ölçülmelidir.
M-N,Non-cash items,Nakit dışı kalemler,Income or expenses not involving cash movements.,Depreciation is a non-cash item added back in the cash flow statement.,"Amortisman, nakit akış tablosunda eklenen nakit dışı bir kalemdir."
M-N,Non-cash transactions,Nakit dışı işlemler / gayrinakdi işlemler,Transactions that do not involve cash movements.,Non-cash transactions are excluded from the cash flow statement.,"Nakit dışı işlemler, nakit akış tablosundan hariç tutulur."
M-N,Non-controlling interest,Kontrol gücü olmayan pay,"The equity in a subsidiary not attributable, directly or indirectly, to a parent.",Non-controlling interests are presented separately within equity in the consolidated financial statements.,"Kontrol gücü olmayan paylar, konsolide finansal tablolarda özkaynak içinde ayrı olarak sunulur."
M-N,Non-controlling interests,Kontrol gücü olmayan paylar (azınlık payları),Equity in a subsidiary not owned by the parent.,Non-controlling interests are presented within equity.,"Kontrol gücü olmayan paylar, özkaynak içinde sunulur."
M-N,Non-coterminous year-ends,Uyuşmayan muhasebe dönemleri,Different reporting period ends within a group.,Non-coterminous year-ends require adjusting for significant transactions.,"Uyuşmayan muhasebe dönemleri, önemli işlemler için düzeltme gerektirir."
M-N,Non-current assets,Duran varlıklar,Assets expected to be realised beyond twelve months.,"Non-current assets include property, plant and equipment.",Duran varlıklar maddi duran varlıkları içerir.
M-N,Non-current assets (or disposal groups) as held for distribution to owners,Ortaklara dağıtım amacıyla elde tutulan duran varlıklar,Assets expected to be distributed to owners in their capacity as owners rather than sold.,The subsidiary's assets were classified as non-current assets held for distribution to owners.,"Bağlı ortaklığın varlıkları, ortaklara dağıtım amacıyla elde tutulan duran varlıklar olarak sınıflandırılmıştır."
M-N,Non-current Assets Held for Sale and Discontinued Operations,Satış Amaçlı Elde Tutulan Duran Varlıklar ve Durdurulan Faaliyetler,Classification and presentation of assets held for sale and discontinued operations.,Non-current assets held for sale are measured at the lower of carrying amount and fair value less costs to sell.,"Satış amaçlı elde tutulan duran varlıklar, defter değeri ile gerçeğe uygun değerden satış maliyetleri düşülmüş tutardan düşük olanıyla ölçülür."
M-N,Non-current liabilities,Uzun vadeli borçlar,Obligations expected to be settled after more than twelve months.,Non-current liabilities are presented separately from current ones.,Uzun vadeli borçlar kısa vadeli olanlardan ayrı sunulur.
M-N,Non-depreciable assets,Amortismana tabi olmayan varlıklar,"Assets not subject to depreciation, such as land.",Land is a non-depreciable asset.,"Arsa, amortismana tabi olmayan bir varlıktır."
M-N,Non-derivative,Türev olmayan,An instrument that is not a derivative.,A non-derivative contract is classified separately.,Türev olmayan sözleşme ayrı olarak sınıflandırılır.
M-N,Non-derivative contract,Türev ürün niteliği taşımayan sözleşme,A contract whose value does not depend on an underlying variable in the manner of a derivative instrument.,The ordinary share purchase contract is a non-derivative contract classified as an equity instrument.,"Adi hisse satın alma sözleşmesi, özkaynağa dayalı finansal araç olarak sınıflandırılan, türev ürün niteliği taşımayan bir sözleşmedir."
M-N,Non-discretionary,Zorunlu,Not subject to discretion.,The levy is a non-discretionary payment.,"Yükümlülük, zorunlu bir ödemedir."
M-N,Non-discretionary employee profit- sharing plan,Zorunlu çalışan kâr paylaşım planı,Plan requiring fixed contributions regardless of management choice.,The non-discretionary plan obliges the firm to pay bonuses.,"Zorunlu plan, şirketi prim ödemeye mecbur kılar."
M-N,Non-financial assets,Finansal olmayan varlıklar,Assets such as inventory and equipment rather than financial instruments.,Inventory is a non-financial asset.,Stoklar finansal olmayan bir varlıktır.
M-N,Non-linearities,Sapmalar (duyarlılık analizi ile ilgili),Effects in a sensitivity analysis where a change in one variable does not produce a proportional change in the outcome.,The sensitivity analysis disclosed non-linearities in the relationship between the variables.,"Duyarlılık analizi, değişkenler arasındaki ilişkideki sapmaları açıklamıştır."
M-N,Non-marketable securities,Piyasası olmayan menkul kıymetler,Securities that are not traded on an active market.,Non-marketable securities are valued using valuation techniques.,Piyası olmayan menkul kıymetler değerleme teknikleri kullanılarak değerlenir.
M-N,Non-monetary asset,Parasal olmayan varlık,An asset not representing a fixed or determinable amount of money.,"Property, plant and equipment is a non-monetary asset.",Maddi duran varlıklar parasal olmayan bir varlıktır.
M-N,Non-monetary government grants,Parasal olmayan devlet teşvikleri,Grants received as assets rather than cash.,Non-monetary government grants are measured at fair value.,"Parasal olmayan devlet teşvikleri, gerçeğe uygun değeriyle ölçülür."
M-N,Non-owner changes in equity,Özkaynaklardaki ortaklık dışı değişimler,Changes in equity from transactions other than with owners.,Comprehensive income reflects non-owner changes in equity.,"Kapsamlı gelir, özkaynaklardaki ortaklık dışı değişimleri yansıtır."
M-N,Non-puttable ordinary shares,Satılamayan adi hisse senedi,Ordinary shares that do not give the holder the right to require the issuer to repurchase them for cash.,Non-puttable ordinary shares are classified as equity because the holder cannot require redemption.,"Satılamayan adi hisse senetleri, sahibi itfa talep edemediği için özkaynak olarak sınıflandırılır."
M-N,Non-reciprocal distributions of assets,Karşılıksız olarak yapılan dağıtımlar,Distributions made without receiving consideration.,Non-reciprocal distributions of assets reduce equity.,"Karşılıksız varlık dağıtımları, özkaynağı azaltır."
M-N,Non-redeemable,Geri satın alınamaz,Not subject to repayment or redemption by the holder.,The preference shares are non-redeemable.,İmtiyazlı paylar geri satın alınamaz niteliktedir.
M-N,Non-refundable purchase taxes,İade edilmeyen satın alma vergileri,Taxes on purchases that cannot be recovered from tax authorities.,Non-refundable purchase taxes form part of the asset's cost.,İade edilmeyen satın alma vergileri varlığın maliyetinin bir parçasını oluşturur.
M-N,Normal capacity of production facilities,Üretim tesislerinin normal kapasitesi,The production level the facility is expected to achieve on average over a number of periods.,Fixed overheads were allocated based on the normal capacity of the production facilities.,"Sabit genel üretim giderleri, üretim tesislerinin normal kapasitesi esas alınarak dağıtılmıştır."
M-N,Not-for-profit organizations,Kâr amacı gütmeyen işletmeler,Entities whose objective is not to generate profit for owners.,Not-for-profit organizations report on their service performance.,"Kâr amacı gütmeyen işletmeler, hizmet performanslarını raporlar."
M-N,Notes (receivable/payable),Senet (alacak/borç),Written promises to pay a sum of money at a future date.,The entity signed a note payable to the bank.,İşletme bankaya ödenecek bir senet imzaladı.
M-N,Notional amount,Türev ürün tutarı,The face amount underlying a derivative contract.,The notional amount of the swap was 10 million.,Swap işleminin türev ürün tutarı 10 milyondu.
O,Objective,"Tarafsız, nesnel, amaç",Free from bias; also a goal or aim.,The information should be objective and free from bias.,Bilgi tarafsız ve nesnel olmalıdır.
O,Obligating event,Tazmini gereken olay,A past event that creates a present legal or constructive obligation for which a provision must be recognised.,The environmental damage constituted an obligating event requiring recognition of a provision.,"Çevresel zarar, karşılık muhasebeleştirilmesini gerektiren tazmini gereken bir olay oluşturdu."
O,Obligation,Yükümlülük,A duty or responsibility to act or pay.,A present obligation is required to recognise a provision.,Karşılık ayrılabilmesi için mevcut bir yükümlülük gerekir.
O,Obligations for removal and restoration,Kaldırma ve restorasyon yükümlülükleri,Duties to dismantle assets and restore sites.,The company recognised obligations for removal and restoration.,"Şirket, kaldırma ve restorasyon yükümlülüklerini muhasebeleştirdi."
O,Observable (benchmark) interest rate,Gösterge faiz oranı,An interest rate directly observable in the market.,The observable interest rate was used to discount cash flows.,Nakit akışlarını iskonto etmek için gösterge faiz oranı kullanıldı.
O,Observable markets,Gözlemlenebilen piyasalar,Markets for which price information is readily available to participants.,Fair value was determined from prices in observable markets.,"Gerçeğe uygun değer, gözlemlenebilen piyasalardaki fiyatlardan belirlenmiştir."
O,Observed (benchmark) interest rate,Gözlemlenen (gösterge) faiz oranı,A market interest rate observed for similar instruments.,The fair value was estimated using the observed benchmark interest rate.,"Gerçeğe uygun değer, gözlemlenen gösterge faiz oranı kullanılarak tahmin edildi."
O,Observed market price,Gözlemlenen piyasa fiyatı,A quoted price taken directly from an active market.,Fair value was based on the observed market price.,"Gerçeğe uygun değer, gözlemlenen piyasa fiyatına dayanıyordu."
O,Obsolescence,"Demode olma, değer yitirme",Loss of usefulness due to technological or market change.,Obsolescence reduced the asset's recoverable amount.,"Demode olma, varlığın geri kazanılabilir tutarını azalttı."
O,Obtaining or losing control,Kontrolün elde edilmesi veya kaybedilmesi,Gaining or losing power over an entity.,Losing control results in deconsolidation.,"Kontrolün kaybedilmesi, konsolidasyondan çıkmayla sonuçlanır."
O,Offer price,Teklif fiyatı,The price at which a party offers to buy or sell a financial instrument or asset.,The offer price is used when measuring the fair value of a liability in the principal market.,Bir yükümlülüğün ana piyasadaki gerçeğe uygun değeri ölçülürken teklif fiyatı kullanılır.
O,Offset,"Mahsup, netleştirme",Presenting an asset and liability net.,Financial assets and liabilities are offset when the criteria are met.,"Finansal varlık ve borçlar, koşullar sağlandığında mahsup edilir."
O,Offsetting,Mahsup etmek,Presenting assets and liabilities net in the statements.,Offsetting is permitted only when required or allowed.,"Mahsup, yalnızca gerekli veya izin verildiğinde yapılabilir."
O,One-step approach,Tek basamaklı yaklaşım,A method recognising a gain or loss in a single step.,The one-step approach simplified the accounting treatment.,Tek basamaklı yaklaşım muhasebe işleyişini basitleştirdi.
O,One-way reclassification,Tek yönlü yeniden sınıflandırma,A change in the classification of a financial asset that is permitted in only one direction.,The standard allowed a one-way reclassification of the instrument out of the trading category.,"Standart, aracın alım satım kategorisinden çıkarılmasına yönelik tek yönlü bir yeniden sınıflandırmaya izin vermiştir."
O,Onerous contract,Ekonomik açıdan dezavantajlı sözleşme,A contract where unavoidable costs exceed expected economic benefits.,A provision is recognized for the onerous contract.,Ekonomik açıdan dezavantajlı sözleşme için karşılık ayrılır.
O,Onerous minimum funding requirements,Kısıtlayıcı asgari fonlama koşulları,Funding obligations that create a liability because they are burdensome.,Onerous minimum funding requirements gave rise to an additional liability.,Kısıtlayıcı asgari fonlama koşulları ek bir borç doğurdu.
O,Ongoing access,Kesintisiz erişim,Continuous right to use an asset or facility.,Ongoing access to the infrastructure is provided under the arrangement.,Anlaşma kapsamında altyapıya kesintisiz erişim sağlanır.
O,Opening balance,"Açılış tutarı (kalanı, bakiyesi)",The balance at the beginning of a period.,The opening balance agrees with the prior period's closing balance.,"Açılış bakiyesi, önceki dönemin kapanış bakiyesiyle uyuşur."
O,Opening IFRS balance sheet,UFRS açılış bilançosu,"The statement of financial position prepared at the date of transition to IFRSs, being the starting point for first-time adoption.",The opening IFRS balance sheet was prepared by recognising and measuring all assets and liabilities in accordance with IFRSs.,"UFRS açılış bilançosu, tüm varlık ve borçların IFRS’lere uygun olarak muhasebeleştirilmesi ve ölçülmesiyle hazırlandı."
O,Opening IFRS statement of financial position,IFRS açılış finansal durum tablosu,The first IFRS balance sheet at transition.,The opening IFRS statement of financial position is prepared at the transition date.,"IFRS açılış finansal durum tablosu, geçiş tarihinde hazırlanır."
O,Operating activities,İşletme faaliyetleri,Principal revenue-producing activities of the entity.,Cash from operating activities remained positive.,İşletme faaliyetlerinden nakit pozitif kaldı.
O,Operating cycle,Faaliyet döngüsü,The time between acquiring materials and receiving cash from customers.,The operating cycle of the retailer is short.,Perakendecinin faaliyet döngüsü kısadır.
O,Operating decisions,Faaliyetle ilgili kararlar,Decisions relating to the day-to-day use of resources in running an entity's business.,Operating decisions about the plant are made by the segment's management.,"Tesisle ilgili faaliyet kararları, bölümün yönetimi tarafından alınır."
O,Operating lease,Faaliyet kiralaması,A lease that does not transfer substantially all ownership risks and rewards.,Operating lease payments are recognized as an expense on a straight-line basis.,"Faaliyet kiralaması ödemeleri, doğrusal yöntemle gider olarak muhasebeleştirilir."
O,Operating Leases—Incentives,Faaliyet Kiralamaları -Teşvikler,Lease incentives received or receivable under an operating lease.,The entity recognized operating lease incentives over the lease term.,"İşletme, faaliyet kiralama teşviklerini kiralama süresi boyunca muhasebeleştirdi."
O,Operating Segments,Faaliyet Bölümleri,Components reported separately based on internal reporting.,Operating segments are identified based on the chief operating decision maker's reports.,"Faaliyet bölümleri, en üst karar alıcının raporlarına göre belirlenir."
O,Operator,İşletmeci,A party that operates a facility or service.,The operator recognises revenue under the concession agreement.,"İşletmeci, imtiyaz anlaşması kapsamında hasılat muhasebeleştirir."
O,Option,Opsiyon,"A contract that gives the holder the right, but not the obligation, to buy or sell an asset at a specified price.",The holder of the call option may purchase the shares at the agreed exercise price.,"Alım opsiyonunun sahibi, hisseleri kararlaştırılan kullanım fiyatı üzerinden satın alabilir."
O,Option contract,Opsiyon sözleşmesi,A contract granting a right to buy or sell.,The option contract gives the holder the right to buy shares.,"Opsiyon sözleşmesi, sahibine hisse alma hakkı verir."
O,Option pricing model,Opsiyon fiyatlama modeli,Model used to estimate the fair value of an option.,The entity used an option pricing model to value the share options.,"İşletme, pay opsiyonlarını değerlemek için bir opsiyon fiyatlama modeli kullandı."
O,"Options, warrants and their equivalents","Opsiyonlar, hisse alım hakkı veren finansal araçlar ve eşdeğerleri",Contracts giving the holder the right to buy shares.,"The entity issued options, warrants and their equivalents to investors.","İşletme, yatırımcılara opsiyonlar, hisse alım hakkı veren finansal araçlar ve eşdeğerlerini ihraç etti."
O,Ordinary activities,Olağan faaliyetler,"The regular business activities of an entity, excluding unusual or non-recurring items.",The gain arose from ordinary activities and was included in operating profit.,"Kazanç, olağan faaliyetlerden doğmuş ve faaliyet kârına dahil edilmiştir."
O,Ordinary course of business,"Olağan iş süreci, alanı",Normal day-to-day business activities carried out on arm's length terms.,The sale was made in the ordinary course of business.,Satış olağan iş süreci içinde gerçekleştirildi.
O,Ordinary equity holders,Adi hisse senedi sahipleri,Owners of ordinary shares in an entity.,Profits are distributed to ordinary equity holders as dividends.,"Kârlar, adi hisse senedi sahiplerine temettü olarak dağıtılır."
O,Ordinary share,Adi hisse senedi,A basic equity instrument carrying voting rights.,Ordinary shares rank after preference shares on liquidation.,"Adi hisse senetleri, tasfiyede imtiyazlı hisselerden sonra gelir."
O,Original asset,Orijinal varlık,The asset before modification or exchange.,The original asset's carrying amount affects the exchange.,"Orijinal varlığın defter değeri, takası etkiler."
O,Original cost,"Orijinal maliyet, fiili maliyet","The amount originally paid to acquire an asset, before any adjustments.",The original cost of the building was based on the purchase price plus transaction costs.,"Binanın orijinal maliyeti, satın alma fiyatı artı işlem maliyetlerine dayanıyordu."
O,Originate and hold’ business model,‘Kendisinin tasarladığı ve elinde tuttuğu’ yönetim modeli,A model where assets are held to collect cash flows.,"Under the originate and hold business model, assets are measured at amortised cost.","Kendi tasarlayıp elde tutma modelinde, varlıklar itfa edilmiş maliyetiyle ölçülür."
O,Originated loan approach,Kullandırılan kredi yaklaşımı,Method treating loans the entity originated itself for disclosure purposes.,"Under the originated loan approach, only loans the bank granted are included.",Kullandırılan kredi yaklaşımına göre yalnızca bankanın verdiği krediler dahil edilir.
O,Originated loans and receivables,Sağlanan krediler ve alacaklar,Loans and receivables created by the entity itself.,Originated loans and receivables are measured at amortised cost.,Sağlanan krediler ve alacaklar itfa edilmiş maliyetiyle ölçülür.
O,Origination costs,Oluşum maliyetleri,"Costs directly attributable to originating a financial instrument, such as a loan.",Loan origination costs are amortised over the life of the loan using the effective interest method.,"Kredi oluşum maliyetleri, etkin faiz yöntemi kullanılarak kredinin ömrü boyunca itfa edilir."
O,Originator of the financial asset,Finansal varlığı doğrudan tahsis eden taraf,Entity that creates a financial asset by transferring goods or services.,The bank was the originator of the financial asset.,"Bank, finansal varlığı doğrudan tahsis eden taraftı."
O,Other components of equity,Diğer özkaynak kalemleri,Equity items other than share capital and retained earnings.,Other components of equity include the revaluation surplus.,"Diğer özkaynak kalemleri, yeniden değerleme fazlasını içerir."
O,Other comprehensive income,Diğer kapsamlı gelir,Income and expenses not recognised in profit or loss.,Actuarial gains are presented in other comprehensive income.,"Aktüeryal kazançlar, diğer kapsamlı gelirde sunulur."
O,Other long-term employee benefits,Çalışanlara sağlanan diğer uzun vadeli faydalar,Long-term benefits other than pensions.,Other long-term employee benefits require actuarial measurement.,"Diğer uzun vadeli faydalar, aktüeryal ölçüm gerektirir."
O,Other price risk,Diğer fiyat riski,The risk that the fair value or future cash flows of a financial instrument will fluctuate because of changes in market prices other than those arising from interest or currency risk.,Other price risk arises from changes in the market price of the equity instruments held.,"Diğer fiyat riski, elde tutulan özkaynak araçlarının piyasa fiyatındaki değişimlerden doğar."
O,Out of the money,Asli değersiz,An option with an unfavourable exercise price.,The option is out of the money when the strike exceeds the share price.,Kullanım fiyatı hisse fiyatını aştığında opsiyon asli değersizdir.
O,Outreach programme,Destek programı,Activities to inform and consult stakeholders about a project.,The board launched an outreach programme before revising the standard.,"Kurul, standardı revize etmeden önce bir destek programı başlattı."
O,Outright sale,Kesin satış (doğrudan tek seferde),An unconditional sale transferring ownership completely and permanently.,The asset was transferred through an outright sale.,"Varlık, kesin bir satış yoluyla devredildi."
O,Outsourcing arrangements,Başka bir işletmeden hizmet alımı anlaşmaları,Agreements under which an entity contracts with a third party to perform activities on its behalf.,"Under the outsourcing arrangements, the service provider handles the payroll function.","Başka bir işletmeden hizmet alımı anlaşmaları uyarınca, hizmet sağlayıcı bordro işlevini yürütür."
O,Outsourcing provider,Dışardan hizmet sağlayan,External party performing services previously handled in-house.,The outsourcing provider handles our payroll processing.,Dışardan hizmet sağlayan kuruluş bordro işlemlerimizi yürütüyor.
O,Over-the-counter market,Tezgâh üstü piyasa,Market where securities trade directly between parties off exchange.,The shares are traded on the over-the-counter market.,Hisseler tezgâh üstü piyasada işlem görmektedir.
O,Overheads,Genel giderler,Indirect costs of running a business.,Production overheads are allocated to inventory.,"Üretim genel giderleri, stoklara dağıtılır."
O,Own credit risk,Kendi kredi riski,The risk of an entity's own default.,Own credit risk affects the fair value of liabilities.,"Kendi kredi riski, borçların gerçeğe uygun değerini etkiler."
O,Owner,Ortak/sahip,"A holder of an ownership interest in an entity, such as a shareholder.",Transactions with owners in their capacity as owners are recorded directly in equity.,Ortakların ortak kimliğiyle yaptığı işlemler doğrudan özkaynakta kaydedilir.
O,Owner changes in equity,Özkaynaklarda ortaklara dayanan bütün değişimler,Equity changes from transactions with owners.,Owner changes in equity include dividends and share issues.,"Ortaklara dayanan değişimler, temettü ve hisse ihracını içerir."
O,Owner-occupied property,Sahibi tarafından kullanılan mülk,"Property held by its owner for operations, not for rental.",Owner-occupied property is accounted for under IAS 16.,"Sahibi tarafından kullanılan mülk, TMS 16 kapsamında muhasebeleştirilir."
O,Owners,Ortaklar / sahipler,Holders of instruments classified as equity in the entity.,Distributions to owners are recognised directly in equity.,Ortaklara yapılan dağıtımlar doğrudan özkaynakta muhasebeleştirilir.
O,Ownership interest,Ortaklık payı,The proportion of an entity's equity held by an investor.,The entity acquired a 25% ownership interest in the joint venture.,"İşletme, ortak girişimde %25 ortaklık payı elde etmiştir."
O,Owners’ equity,Özkaynak,Residual interest in the assets after deducting all liabilities.,Owners' equity increased after the profitable year.,Kârlı geçen yılın ardından özkaynak arttı.
P,Paid in capital,Ödenmiş sermaye,Capital contributed by shareholders in exchange for shares.,The company reported paid in capital of one million.,"Şirket, bir milyon ödenmiş sermaye bildirdi."
P,Parent,"Ana şirket, ana ortaklık",An entity that controls one or more other entities.,The parent prepares consolidated financial statements.,"Ana ortaklık, konsolide finansal tablolar hazırlar."
P,Parent-subsidiary relationship,Ana ortak – bağlı ortaklık ilişkisi,A control relationship between entities.,The parent-subsidiary relationship triggers consolidation.,"Ana ortak-bağlı ortaklık ilişkisi, konsolidasyonu gerektirir."
P,Partial disposal,Kısmen elden çıkarma,The sale of a portion of an entity's interest in a subsidiary or investment without losing control or significant influence.,The partial disposal of the subsidiary's shares did not result in a loss of control.,"Bağlı ortaklık hisselerinin kısmen elden çıkarılması, kontrolün kaybedilmesiyle sonuçlanmadı."
P,Partially-owned subsidiary,Kısmen sahip olunan bağlı ortaklık,A subsidiary not wholly owned by the parent.,A partially-owned subsidiary gives rise to non-controlling interests.,"Kısmen sahip olunan bağlı ortaklık, kontrol gücü olmayan paylar doğurur."
P,Participants [in a pension plan],Katılımcılar (emeklilik planında),Members entitled to benefits under a pension plan.,All participants in the pension plan receive annual statements.,Emeklilik planındaki tüm katılımcılar yıllık bildirim alır.
P,Participating equity instruments,Kâra katılımlı özkaynak araçları,Equity instruments entitled to share in profits.,Participating equity instruments receive a share of distributable profits.,"Kâra katılımlı özkaynak araçları, dağıtılabilir kârdan pay alır."
P,Pass-through arrangement,Devir anlaşmaları,A contract in which an entity collects amounts on behalf of third parties and remits them without recognising them as its own revenue.,The utility acted as agent under a pass-through arrangement and recorded only the net fee as revenue.,"Kamu hizmeti işletmesi, devir anlaşması kapsamında acente olarak hareket etmiş ve hasılat olarak yalnızca net komisyonu kaydetmiştir."
P,Past business combination,Geçmiş işletme birleşmesi,Combination that occurred in an earlier reporting period.,The goodwill arose from a past business combination.,Şerefiye geçmiş bir işletme birleşmesinden doğmuştur.
P,Past due,Vadesi geçmiş,Payment not made by its contractual due date.,The receivable was past due by thirty days.,"Alacak, otuz gün vadesi geçmiş durumdaydı."
P,Past event,Geçmiş dönemlerde ortaya çıkmış olay,An event that has already occurred and creates an obligation.,A past event gave rise to a present obligation.,"Geçmişte ortaya çıkmış bir olay, mevcut bir yükümlülük doğurdu."
P,Past service cost,Geçmiş hizmet maliyeti,Change in benefit obligation for past service.,Past service cost is recognised when the plan is amended.,"Geçmiş hizmet maliyeti, plan değiştirildiğinde muhasebeleştirilir."
P,Payables,Borçlar,Amounts owed by an entity to its suppliers or other parties for goods or services received.,Trade payables are presented as current liabilities if payable within twelve months.,"Ticari borçlar, on iki ay içinde ödenecekse kısa vadeli yükümlülük olarak sunulur."
P,Pension,Emeklilik,Retirement income paid to a person.,The pension is paid monthly after retirement.,"Emekli maaşı, emeklilikten sonra aylık ödenir."
P,Pension liability,Emeklilik borcu,Present obligation to pay future retirement benefits to employees.,The company recognised a pension liability in its statement of financial position.,"Şirket, finansal durum tablosunda bir emeklilik borcu muhasebeleştirdi."
P,Pension scheme,Emeklilik planı,Arrangement providing post-employment benefits to employees.,The company operates a defined benefit pension scheme.,"Şirket, tanımlanmış fayda esaslı bir emeklilik planı işletmektedir."
P,Percentage of completion method,Tamamlanma yüzdesi yöntemi,A revenue recognition method under which income is recognised according to the stage of completion of a contract.,Revenue on the long-term construction contract was recognised using the percentage of completion method.,"Uzun vadeli inşaat sözleşmesine ilişkin hasılat, tamamlanma yüzdesi yöntemi kullanılarak muhasebeleştirilmiştir."
P,Performance,Performans,Degree to which an entity achieves its financial objectives.,The company's performance improved in the second quarter.,Şirketin performansı ikinci çeyrekte iyileşti.
P,Performance (=Financial performance),Başarı/Performans (=Finansal başarı/performans),Extent to which an entity achieves its financial results.,Financial performance is measured by profit and returns.,"Finansal performans, kâr ve getirilerle ölçülür."
P,Performance conditions,Performans koşulları,Conditions requiring specified performance for an award to vest.,Share awards vest subject to performance conditions.,"Hisse ödülleri, performans koşullarına bağlı olarak hak edilir."
P,Period of service,Hizmet dönemi,The period an employee provides service.,Benefits accrue over the period of service.,"Faydalar, hizmet dönemi boyunca tahakkuk eder."
P,Period-certain annuity,Belirli süreli yıllık gelir sigortası,"An annuity that guarantees payments for a fixed number of periods, regardless of whether the recipient survives.",A period-certain annuity was purchased to provide income for a fixed ten-year term.,Sabit on yıllık bir dönem için gelir sağlamak amacıyla belirli süreli bir yıllık gelir sigortası satın alındı.
P,Period-specific effects,Döneme özgü etkiler,Effects limited to a specific period.,Period-specific effects are not extrapolated to other periods.,"Döneme özgü etkiler, diğer dönemlere yayılmaz."
P,Perpetual debt instruments,Sürekli/daimi borçlanma araçları,Debt instruments with no fixed maturity date.,Perpetual debt instruments pay interest indefinitely but never repay principal.,Sürekli borçlanma araçları süresiz faiz öder ancak anapara hiç geri ödenmez.
P,Persistency bonus,Yenilemeyle oluşan kâr payı,Bonus paid for policy renewals or continued participation.,Policyholders received a persistency bonus for renewing their contracts.,"Sigorta ettirenler, sözleşmelerini yeniledikleri için yenilemeyle oluşan kâr payı aldı."
P,Personnel,Personel,"The employees of an entity, whose costs and benefits are recognised in the financial statements.",Personnel costs increased as the company expanded its workforce.,Şirket iş gücünü genişlettikçe personel maliyetleri artmıştır.
P,Phantom shares,Hayalet hisseler,Cash-settled awards valued by reference to the share price.,Phantom shares give employees a cash bonus tied to share price.,"Hayalet hisseler, çalışanlara hisse fiyatına bağlı nakit ikramiye sağlar."
P,Physical capital,Fiziki sermaye,Capital viewed as the physical productive capacity of an entity.,Physical capital is measured in units of production capacity.,"Fiziki sermaye, üretim kapasitesi birimleriyle ölçülür."
P,Plan assets (of an employee benefit plan),Emeklilik fon yatırımları,Assets held by a fund to meet employee benefit obligations.,Plan assets are measured at fair value at the reporting date.,"Emeklilik fon yatırımları, raporlama tarihinde gerçeğe uygun değeriyle ölçülür."
P,Plan commitment date,Planın taahhüt edilidiği gün,The date on which a plan is committed.,The plan commitment date determines the accounting.,"Planın taahhüt edildiği gün, muhasebe işlemini belirler."
P,Plan to sell the controlling interest in a subsidiary,Bağlı ortaklık üzerinde kontrol gücü bulunan payın satışına yönelik plan,"A formal plan to dispose of a controlling interest in a subsidiary, which may trigger classification as held for sale.",A plan to sell the controlling interest in a subsidiary requires the assets to be presented as held for sale.,"Bağlı ortaklık üzerinde kontrol gücü bulunan payın satışına yönelik plan, varlıkların satış amacıyla elde tutulan olarak sunulmasını gerektirir."
P,Pledged as collateral,Teminat olarak verilen,Provided as security for a loan.,The building was pledged as collateral for the loan.,"Bina, kredi için teminat olarak gösterildi."
P,Policyholder,Poliçe sahibi,Person or entity that holds an insurance contract.,The policyholder may surrender the contract at any time.,"Poliçe sahibi, sözleşmeyi her zaman feshedebilir."
P,Pooling of interest method,Yararların (çıkarların) birleştirilmesi (toplanması) yöntemi,Old method combining entities without recognising goodwill.,The pooling of interest method was applied to the business combination.,İşletme birleşmesine yararların birleştirilmesi yöntemi uygulandı.
P,Portfolio,Portföy,A group of financial assets or liabilities managed together to achieve a common objective.,The derivatives are managed as part of a portfolio of interest rate exposures.,"Türev ürünler, faiz oranı risklerinden oluşan bir portföyün parçası olarak yönetilir."
P,Portfolio Hedge of Interest Rate Risk,Faiz oranı riskinden korunan portföy,Hedge of interest rate risk on a portfolio of items.,The bank applied a portfolio hedge of interest rate risk.,"Banka, faiz oranı riskinden korunan bir portföy uyguladı."
P,Portfolio transfer,Portföy aktarımı (transferi),Transfer of a group of insurance contracts or assets.,The insurer completed a portfolio transfer of its policies.,"Sigortacı, poliçelerinin portföy devrini tamamladı."
P,Post-employment benefit plans,İşten ayrılma sonrasında fayda sağlayan planlar,Plans providing benefits after employment ends.,Post-employment benefit plans are classified as defined contribution or defined benefit.,"İşten ayrılma sonrası fayda planları, katkı paylı veya tanımlanmış fayda olarak sınıflandırılır."
P,Post-employment benefits,İşten ayrılma sonrası sağlanan faydalar,Benefits payable after employment ends.,Post-employment benefits include pensions and lump sums.,"İşten ayrılma sonrası faydalar, emekli maaşı ve toplu ödemeleri içerir."
P,Post-tax profit or loss,Vergi sonrası kâr veya zarar,The profit or loss of an entity after deducting income tax expense.,Profit or loss from discontinued operations is presented on a post-tax basis.,"Durdurulan faaliyetlerden kâr veya zarar, vergi sonrası esasına göre sunulur."
P,Post-vesting transfer restriction,Sonradan olan hakediş transfer sınırlamaları,A restriction on transferring shares after vesting.,The post-vesting transfer restriction affects the option's fair value.,"Hakediş sonrası transfer sınırlaması, opsiyonun gerçeğe uygun değerini etkiler."
P,Potential ordinary share,Potansiyel adi hisse senedi,Instrument that may entitle its holder to ordinary shares.,Convertible bonds are potential ordinary shares in diluted EPS.,"Dönüştürülebilir tahviller, seyreltilmiş HBK hesaplamasında potansiyel adi hisse senetleridir."
P,Potential voting rights,Potansiyel oy hakları,Rights to obtain voting power if currently exercisable.,Potential voting rights are considered when assessing control.,Kontrolün değerlendirilmesinde potansiyel oy hakları dikkate alınır.
P,Practical ability to sell the asset,Varlığı gerçekte satabilme kabiliyeti,The capacity of an entity to dispose of an asset in its present condition without undue delay.,Classification as held for sale required the entity to have the practical ability to sell the asset.,"Satış amacıyla elde tutulan olarak sınıflandırma, işletmenin varlığı gerçekte satabilme kabiliyetine sahip olmasını gerektiriyordu."
P,Pre-combination,Birleşme öncesi,Period or amounts existing before the business combination date.,Pre-combination revenues were restated in the consolidated accounts.,"Birleşme öncesi hasılat, konsolide tablolarda yeniden düzenlendi."
P,Preface to International Financial Reporting Interpretations Committee,Uluslararası Finansal Raporlama Yorum Komitesi Hakkında Bilgi,Introductory document explaining the Interpretations Committee's role and authority.,The preface describes the Interpretations Committee's objectives.,"Önsöz, Yorum Komitesi'nin amaçlarını açıklar."
P,Preface to International Financial Reporting Standards,Uluslararası Finansal Raporlama Standartlarına Giriş,Introductory document setting out the purpose of IFRS.,The Preface explains the objectives and scope of IFRSs.,"Giriş, IFRS'lerin amaçlarını ve kapsamını açıklar."
P,Preference dividend,İmtiyazlı temettü,Dividend paid on preference shares.,The preference dividend has priority over ordinary dividends.,"İmtiyazlı temettü, adi temettüye göre önceliklidir."
P,Preference share,İmtiyazlı hisse senedi,A share that carries a preferential right to dividends or repayment of capital before ordinary shares.,The preference shares are classified as a liability because they are mandatorily redeemable.,"İmtiyazlı hisse senetleri, zorunlu olarak itfa edilebilir oldukları için borç olarak sınıflandırılır."
P,Premium,Prim,An amount paid above the basic price.,The share premium is recognised in equity.,"Hisse senedi ihraç primi, özkaynakta muhasebeleştirilir."
P,Preparation and Presentation of Financial Statements,Finansal Tabloların Hazırlanması ve Sunumu,"Title of IAS 1, setting requirements for financial statements.",IAS 1 Preparation and Presentation of Financial Statements applies to all entities.,TMS 1 Finansal Tabloların Hazırlanması ve Sunumu tüm işletmelere uygulanır.
P,Preparers,Finansal tablo düzenleyicileri,Those who prepare the financial statements of an entity.,Preparers must apply the standards consistently across periods.,Finansal tablo düzenleyicileri standartları dönemler arası tutarlı şekilde uygulamalıdır.
P,Prepayment risk,Peşin ödeme riski,"The risk that borrowers repay loans earlier than expected, reducing interest income.",The mortgage portfolio exposed the bank to prepayment risk.,"İpotek portföyü, bankayı peşin ödeme riskine maruz bırakıyordu."
P,Prepayments,Peşin ödemeler,Amounts paid in advance for goods or services not yet received.,Prepayments are shown as a current asset.,Peşin ödemeler dönen varlık olarak gösterilir.
P,Prepayments of future contributions,Gelecekteki katkıların peşin olarak ödenmesi,Early payments of contributions due in future periods.,The entity made prepayments of future contributions to the plan.,"İşletme, plana gelecekteki katkılar için peşin ödeme yaptı."
P,Present obligation,Mevcut yükümlülük,An existing duty arising from a past event.,A provision requires a present obligation at the reporting date.,Karşılık ayrılabilmesi için raporlama tarihinde mevcut bir yükümlülük gerekir.
P,Present value,Bugünkü değer,The discounted value of future cash flows.,The provision is measured at the present value of expected outflows.,"Karşılık, beklenen nakit çıkışlarının bugünkü değeriyle ölçülür."
P,Present value of a defined benefit obligation,Tanımlanmış sosyal yardım yükümlülüğünün bugünkü değeri,The discounted value of expected future benefit payments required to settle a defined benefit obligation.,The present value of a defined benefit obligation is measured using actuarial assumptions at the reporting date.,"Tanımlanmış sosyal yardım yükümlülüğünün bugünkü değeri, raporlama tarihindeki aktüeryal varsayımlar kullanılarak ölçülür."
P,Presentation,Sunum,How items are displayed in the statements.,Presentation of financial statements follows the standard.,"Finansal tabloların sunumu, standarda uygun yapılır."
P,Presentation currency,Finansal tablolarda kullanılan para birimi (raporlama para birimi),Currency in which the financial statements are presented.,The group's presentation currency is the US dollar.,Grubun raporlama para birimi ABD dolarıdır.
P,Presentation of Financial Statements,Finansal Tabloların Sunuluşu,Standard setting out how financial statements are presented.,IAS 1 Presentation of Financial Statements governs the format.,"Sunum biçimini, IAS 1 Finansal Tabloların Sunuluşu standardı belirler."
P,Previous GAAP,Önceki GKGMİ (IFRS’e geçmeden önceki),The accounting framework an entity applied immediately before adopting IFRS.,The reconciliation from previous GAAP to IFRS identified several adjustments to equity.,"Önceki GKGMİ'den IFRS'e geçiş mutabakatı, özkaynakta birkaç düzeltme tespit etmiştir."
P,Price earnings ratios,Fiyat kazanç oranları,Market price per share divided by earnings per share.,Investors compared the price earnings ratios of both firms.,Yatırımcılar her iki şirketin fiyat kazanç oranlarını karşılaştırdı.
P,Price index,Fiyat endeksi,Statistical measure tracking changes in prices of goods.,The contract is linked to a consumer price index.,"Sözleşme, bir tüketici fiyat endeksine bağlıdır."
P,Price risk,Fiyat riski,The risk that market prices will change unfavourably.,The entity is exposed to commodity price risk.,"İşletme, emtia fiyat riskine maruzdur."
P,Primary basis of accounting,Muhasebenin temel esasları,The foundation principles of accounting.,Accrual and going concern are primary bases of accounting.,"Tahakkuk ve işletmenin sürekliliği, muhasebenin temel esaslarıdır."
P,Primary economic environment,Temel ekonomik çevre,"The economic environment in which an entity primarily generates and expends cash, determining its functional currency.",The functional currency is the currency of the primary economic environment in which the entity operates.,"İşlevsel para birimi, işletmenin içinde faaliyet gösterdiği temel ekonomik çevrenin para birimidir."
P,Primary financial instruments,Temel finansal araçlar,Instruments other than derivatives.,Primary financial instruments include loans and shares.,"Temel finansal araçlar, kredi ve hisseleri içerir."
P,Primary objective,"Temel hedef, amaç",Main goal that a standard or framework aims to achieve.,The primary objective of IFRS 9 is to improve financial instrument accounting.,TFRS 9'un temel amacı finansal araç muhasebesini iyileştirmektir.
P,Primary reporting format,Temel raporlama formatı,The main basis on which segment information is presented.,Business segments were identified as the primary reporting format.,İş segmentleri temel raporlama formatı olarak belirlendi.
P,Principal amount,Anapara tutarı,"The face amount of a debt instrument on which interest is calculated, excluding interest itself.",The principal amount of the loan is repayable in ten equal instalments.,"Kredinin anapara tutarı, on eşit taksitte geri ödenecektir."
P,Principal-only strip,Sadece anapara takası,Security receiving only principal repayments from underlying assets.,The principal-only strip pays no interest until maturity.,Sadece anapara takası vadeye kadar faiz ödemez.
P,Principles-based approach,İlke bazlı yaklaşım,Accounting approach relying on broad principles rather than detailed rules.,IFRS adopts a principles-based approach to standard setting.,"IFRS, standart oluşturmada ilke bazlı bir yaklaşım benimser."
P,Prior period error,Önceki dönem hatası,An omission or misstatement in prior period financial statements.,The prior period error was corrected retrospectively.,"Önceki dönem hatası, geriye dönük olarak düzeltildi."
P,Private entity,Halka açık olmayan işletme,An entity whose securities are not publicly traded.,A private entity may use a simplified reporting framework.,"Halka açık olmayan işletme, basitleştirilmiş bir raporlama çerçevesi kullanabilir."
P,Privatisation,Özelleştirme,The transfer of ownership of a state-owned entity to the private sector.,The privatisation of the state-owned enterprise was accounted for as a sale by the government.,"Kamu işletmesinin özelleştirilmesi, devlet tarafından bir satış olarak muhasebeleştirildi."
P,Pro forma,Proforma/taslak,A hypothetical or preliminary presentation.,Pro forma figures illustrate the effect of a transaction.,"Proforma tutarlar, bir işlemin etkisini gösterir."
P,Pro rata basis,Oransal esas,Allocation in proportion to each party's share.,Costs were allocated on a pro rata basis to each segment.,Maliyetler her bölüme oransal esas göre dağıtıldı.
P,Pro rata share of the net assets,Net varlıkların oransal payı,Proportional portion of net assets attributable to the holder.,The minority holds a pro rata share of the net assets.,"Azınlık, net varlıkların oransal payına sahiptir."
P,Probability recognition criterion,Olasılıkla ilgili muhasebeleştirme kriteri,The condition that an item is recognised only if it is probable that economic benefits will flow to or from the entity.,The provision met the probability recognition criterion and was recorded in the accounts.,"Karşılık, olasılıkla ilgili muhasebeleştirme kriterini karşılamış ve hesaplara kaydedilmiştir."
P,Probable,Olasılık,More likely than not to occur.,A provision is recognised when an outflow is probable.,Bir kaynak çıkışı olası olduğunda karşılık muhasebeleştirilir.
P,Probable maximum loss,Olası zarar tavanı,Largest insurance loss considered likely under normal conditions.,The probable maximum loss was estimated by actuaries.,Olası zarar tavanı aktüerler tarafından tahmin edildi.
P,Product warranty obligations,Ürün garantisi ile ilgili yükümlülükler,Obligations to repair or replace products under warranty.,Product warranty obligations are recognised as a provision on sale.,"Ürün garantisi yükümlülükleri, satışta karşılık olarak muhasebeleştirilir."
P,Production overheads,Üretim genel maliyetleri,Indirect costs of production.,Production overheads are allocated to inventory.,"Üretim genel maliyetleri, stoklara dağıtılır."
P,Production process,Üretim süreci,The series of activities by which raw materials are converted into finished goods.,Normal capacity is used to determine the fixed overhead allocated during the production process.,Üretim sürecinde tahsis edilen sabit genel giderleri belirlemek için normal kapasite kullanılır.
P,Profit,Kâr,Income exceeding expenses.,Profit for the period is reported in the income statement.,"Dönem kârı, gelir tablosunda raporlanır."
P,Profit after tax,Vergi sonrası kâr,Net earnings remaining after deducting income tax expense.,Profit after tax rose to five million euros.,Vergi sonrası kâr beş milyon avroya yükseldi.
P,Profit allowance,Kar indirimi (karşılığı),An allowance deducted from profit for expected losses.,A profit allowance was recognised for anticipated future losses.,Beklenen gelecek zararlar için bir kar indirimi muhasebeleştirildi.
P,Profit before tax,Vergi öncesi kâr,The profit earned by an entity before deducting income tax expense.,Profit before tax for the year was 12 million.,Yılın vergi öncesi kârı 12 milyondu.
P,Profit or loss,Kâr veya zarar,Total income less expenses for a reporting period.,Gains were recognised in profit or loss.,Kazançlar kâr veya zararda muhasebeleştirildi.
P,Profit sharing,Kâr paylaşımı,Arrangement distributing profits among employees or partners.,The company operates an employee profit sharing plan.,"Şirket, çalışanlara yönelik bir kâr paylaşım planı yürütür."
P,Progress billing,Hakediş,Invoicing based on the stage of completion of work.,Progress billings are offset against contract assets.,"Hakedişler, sözleşme varlıklarıyla mahsup edilir."
P,Progress payment,Hakediş ödemesi,Payments made as work progresses.,Progress payments are recognised against the contract asset.,"Hakediş ödemeleri, sözleşme varlığına karşı muhasebeleştirilir."
P,Prohibitions,Yasaklamalalar,Restrictions that prevent an entity from applying a particular accounting treatment or option.,The standard sets out prohibitions on changing accounting policies retrospectively without justification.,"Standart, muhasebe politikalarının gerekçe gösterilmeksizin geriye dönük olarak değiştirilmesine ilişkin yasaklamalar getirir."
P,Projected unit credit method,Öngörülen yükümlülük yöntemi,An actuarial method for defined benefit plans.,The projected unit credit method allocates benefits to periods of service.,"Öngörülen yükümlülük yöntemi, faydaları hizmet dönemlerine dağıtır."
P,Promissory notes,"Senetler (bonolar, çekler)",Written promise to pay a stated sum at a future date.,The company issued promissory notes to secure short-term funding.,Şirket kısa vadeli fon sağlamak için senetler düzenledi.
P,Property interest,Mülke ilişkin hak,A right or interest in a property.,The party holds a property interest in the leased building.,"Taraf, kiralanan bina üzerinde mülke ilişkin bir hakka sahiptir."
P,Property revaluation,Maddi duran varlıkların yeniden değerlemesi,The restatement of property to fair value under the revaluation model.,The property revaluation increased the carrying amount of the building and created a revaluation surplus.,"Maddi duran varlıkların yeniden değerlemesi, binanın taşınan değerini artırmış ve bir yeniden değerleme fazlası yaratmıştır."
P,"Property, plant and equipment",Maddi duran varlıklar,Tangible assets held for use in producing goods or services.,"Machinery is classified as property, plant and equipment.",Makineler maddi duran varlıklar olarak sınıflandırılır.
P,"Property, Plant and Equipment – Compensation for the Impairment or Loss of Items",Maddi Duran Varlıklar – Değer Düşüklüğü veya Kaybolan Kalemlerin Karşılanması,Compensation received for impaired or lost property and equipment.,Compensation for loss of items is recognized in profit or loss.,"Kaybolan kalemler için alınan tazminat, kâr veya zararda muhasebeleştirilir."
P,"Property, Plant and Equipment – Major Inspection or Overhaul Costs",Maddi Duran Varlıklar – Temel Araştırma ya da Kontrol Maliyetleri,Costs of major inspections recognised as part of an asset.,Major inspection costs are capitalised when they meet recognition criteria.,"Temel kontrol maliyetleri, tanınma koşullarını sağladığında aktife alınır."
P,Proportionate consolidation,Oransal konsolidasyon,Consolidating a proportionate share of assets and liabilities.,Proportionate consolidation is no longer common for joint ventures.,"Oransal konsolidasyon, iş ortaklıklarında artık yaygın değildir."
P,Proportionate interest,Oransal olarak alınan pay,A share of the results or net assets of an arrangement corresponding to the entity's ownership percentage.,"Under proportionate consolidation, the venturer recognised its proportionate interest in the joint venture's assets.","Oransal konsolidasyon kapsamında girişimci, iş ortaklığının varlıklarındaki oransal olarak aldığı payı muhasebeleştirdi."
P,Proposed improvements,Önerilen iyileştirmeler,Suggested amendments to standards.,The proposed improvements were exposed for comment.,"Önerilen iyileştirmeler, görüş için yayımlandı."
P,Prospective application,Olası (beklenen) uygulama,Applying a change only to events after the change date.,The new policy was applied prospectively from January.,Yeni politika ocak ayından itibaren ileriye dönük olarak uygulandı.
P,Provision,Karşılık,A liability of uncertain timing or amount.,A provision was recognised for the warranty obligations.,Garanti yükümlülükleri için bir karşılık muhasebeleştirildi.
P,Provisional value,Geçici değer,A temporary amount recognised in a business combination when the fair value of an asset or liability is not yet final.,The provisional value of the acquired intangible was adjusted within the measurement period.,"Edinilen maddi olmayan varlığın geçici değeri, ölçüm dönemi içinde düzeltilmiştir."
P,"Provisions, Contingent Liabilities and Contingent Assets","Karşılıklar, Koşullu Borçlar ve Koşullu Varlıklar",Standard governing recognition of provisions and contingencies.,"IAS 37 covers provisions, contingent liabilities and contingent assets.","IAS 37 karşılıkları, koşullu borçları ve koşullu varlıkları kapsar."
P,Proxy,"Göstege, temsilci",Person or document authorized to act for another.,Shareholders may vote by proxy at the meeting.,Hissedarlar toplantıda vekâleten oy kullanabilir.
P,Prudence,İhtiyatlılık,Caution in making judgements under uncertainty.,Prudence supports neutral treatment of uncertain estimates.,"İhtiyatlılık, belirsiz tahminlerin tarafsız ele alınmasını destekler."
P,Prudential supervisors,İhtiyatlı denetleyiciler,Regulators overseeing financial stability.,Prudential supervisors require banks to hold sufficient capital.,"İhtiyatlı denetleyiciler, bankaların yeterli sermaye tutmasını ister."
P,Public accountability,Kamuya hesap verilebilirlik,"The responsibility of an entity to be accountable to the public for the resources entrusted to it, a criterion for IFRS application.",Public accountability is one of the criteria that determines whether an entity must apply IFRSs.,"Kamuya hesap verilebilirlik, bir işletmenin IFRS’leri uygulaması gerekip gerekmediğini belirleyen ölçütlerden biridir."
P,Public entity,Halka açık işletme,An entity whose securities are publicly traded.,A public entity must apply full IFRS.,"Halka açık işletme, tam IFRS uygulamalıdır."
P,Public sector,Kamu sektörü,Government-controlled entities providing public services.,Public sector entities may apply IPSAS instead of IFRS.,Kamu sektörü işletmeleri TFRS yerine IPSAS uygulayabilir.
P,Public securities markets,Halka açık menkul kıymet piyasaları,Markets where securities are publicly traded.,The shares are quoted on public securities markets.,Paylar halka açık menkul kıymet piyasalarında işlem görmektedir.
P,Public-to-private’ service concession arrangement,‘Kamudan özel sektöre’ imtiyazlı hizmet anlaşması,An arrangement in which a government grants a private operator the right to provide public services.,The toll road was operated under a public-to-private service concession arrangement.,"Ücretli yol, 'kamudan özel sektöre' imtiyazlı hizmet anlaşması kapsamında işletilmiştir."
P,Publicly quoted entity,Borsaya kote işletme,Entity whose securities are traded on a public market.,A publicly quoted entity must file quarterly reports.,Borsaya kote bir işletme üç aylık rapor sunmak zorundadır.
P,Publish what you pay campaign,Ne ödediğini yayımla kampanyası,Campaign urging companies to disclose payments to governments.,The publish what you pay campaign promotes extractive industry transparency.,"Ne ödediğini yayımla kampanyası, madencilik sektöründe şeffaflığı teşvik eder."
P,Published price,"Kayıtlı fiyat, yayımlanan fiyat",A quoted price available in an active market.,The published price was used to determine fair value.,Gerçeğe uygun değeri belirlemek için yayımlanan fiyat kullanıldı.
P,Purchase consideration,"Satın alma bedeli, satın alma tutarı",What the acquirer pays in a business combination.,Purchase consideration may include contingent payments.,"Satın alma bedeli, koşullu ödemeleri içerebilir."
P,Purchase method,Satın alma yöntemi,A method of accounting for a business combination in which the acquirer recognises the identifiable assets and liabilities at fair value.,"Under the purchase method, the cost of the combination is allocated to the identifiable assets acquired.","Satın alma yöntemi kapsamında, birleşme maliyeti edinilen tanımlanabilir varlıklara tahsis edilir."
P,Purchase price,Satın alma fiyatı,The price paid to acquire something.,The purchase price was allocated to the assets acquired.,"Satın alma fiyatı, edinilen varlıklara dağıtıldı."
P,Purchased option hedging instrument,Satın alınmış finansal riskten korunma aracı opsiyonu,Option bought to offset exposure in a hedging relationship.,A purchased option hedging instrument caps the entity's downside risk.,"Satın alınmış bir opsiyon finansal riskten korunma aracı, işletmenin zarar riskini sınırlar."
P,Purchased options,Satın alınmış opsiyon,Option contracts acquired by the entity as a holder.,Purchased options were held to hedge price risk.,Fiyat riskine karşı korunmak amacıyla satın alınmış opsiyonlar tutuldu.
P,Put option,Satım opsiyonu,"A contract giving the holder the right, but not the obligation, to sell an asset at a set price.",The non-controlling interest held a put option that could require the group to buy its shares.,"Kontrol gücü olmayan pay, grubun hisselerini satın almasını gerektirebilecek bir satım opsiyonuna sahipti."
P,Puttable,Satılabilir,Instrument allowing the holder to require redemption.,Puttable shares are classified as financial liabilities.,Satılabilir paylar finansal borç olarak sınıflandırılır.
P,Puttable Financial Instruments and Obligations Arising on Liquidation,Satım Opsiyonu Bulunan Finansal Araçlar ve Tasfiye Durumunda Ortaya Çıkan Yükümlülükler,Instruments giving holders a right to put them back.,Puttable instruments may require the issuer to repurchase shares.,"Satım opsiyonu bulunan araçlar, ihraççının hisseleri geri almasını gerektirebilir."
P,Puttable instrument,Satım opsiyonu bulunan finansal araç,An instrument allowing the holder to require redemption.,A puttable instrument may be classified as equity under strict conditions.,"Satım opsiyonu bulunan araç, katı koşullarda özkaynak olarak sınıflandırılabilir."
Q-R,Qualify for recognition/derecognition,Muhasebeleştirme/finansal durum tablosu dışı bırakma kriterini karşılama,Meeting the criteria to recognise or remove an item.,The asset must qualify for recognition before it is recorded.,"Varlık, kaydedilmeden önce muhasebeleştirme kriterini karşılamalıdır."
Q-R,Qualifying asset,Özellikli varlık,"An asset that necessarily takes a substantial period of time to get ready for its intended use or sale, for which borrowing costs may be capitalised.",Borrowing costs are capitalised to the extent they relate to the acquisition of a qualifying asset.,"Borçlanma maliyetleri, özellikli varlığın edinimiyle ilgili oldukları ölçüde aktifleştirilir."
Q-R,Qualifying insurance policy,Özellikli sigorta poliçesi,A policy meeting specified criteria.,The qualifying insurance policy supports the retirement benefit.,"Özellikli sigorta poliçesi, emeklilik faydasını destekler."
Q-R,Qualitative characteristics,Niteliksel özellikler,Attributes that make financial information useful to users.,Relevance and faithful representation are fundamental qualitative characteristics.,İhtiyaca uygunluk ve gerçeğe uygun sunum temel niteliksel özelliklerdir.
Q-R,Quantitative disclosures,Sayısal açıklamalar,Numerical information disclosed in the financial statements.,Quantitative disclosures about credit risk were provided.,Kredi riskine ilişkin sayısal açıklamalar sağlandı.
Q-R,Quoted equity instrument,Borsaya kayıtlı olan özkaynağa dayalı finansal araç,An equity instrument for which published market prices are available.,Fair value of the quoted equity instrument was based on the closing market price.,"Borsaya kayıtlı olan özkaynağa dayalı finansal aracın gerçeğe uygun değeri, kapanış piyasa fiyatına dayanıyordu."
Q-R,Quoted market price,Kayıtlı (kote edilmiş) piyasa fiyatı,Price available in an active market for the asset.,The fair value equals the quoted market price.,"Gerçeğe uygun değer, kote edilmiş piyasa fiyatına eşittir."
Q-R,Rated and unrated credit exposures,Derecelendirilmiş ve derecelendirilmemiş kredilerin tutarları,Credit exposures classified by whether they carry a rating.,The bank disclosed its rated and unrated credit exposures.,"Banka, derecelendirilmiş ve derecelendirilmemiş kredi risklerini açıkladı."
Q-R,Reacquired rights,Yeniden edinilen haklar,Rights reacquired by the acquirer in a business combination.,Reacquired rights are recognised separately from goodwill.,"Yeniden edinilen haklar, şerefiyeden ayrı olarak muhasebeleştirilir."
Q-R,Reacquisition provision,Geri alım koşulu,A provision relating to the reacquisition of an item.,The reacquisition provision affects the contract's measurement.,"Geri alım koşulu, sözleşmenin ölçümünü etkiler."
Q-R,Readily obtainable assets,İstenildiğinde piyasadan elde edilebilecek varlıklar,Assets that can be purchased in the market as an alternative to constructing or developing them.,The cost of a self-constructed asset does not exceed the cost of readily obtainable assets of equivalent quality.,"Kendi inşa edilen bir varlığın maliyeti, eşdeğer kalitede istenildiğinde piyasadan elde edilebilecek varlıkların maliyetini aşmaz."
Q-R,Realisable value,Gerçekleşebilir değer,The amount obtainable on sale.,Inventory is measured at the lower of cost and realisable value.,"Stoklar, maliyet ile gerçekleşebilir değerin düşük olanıyla ölçülür."
Q-R,Reasonable estimate,Gerçeğe uygun (makul) tahmin,Estimate based on adequate information and sound judgement.,The provision was based on a reasonable estimate of future costs.,"Karşılık, gelecekteki maliyetlere ilişkin makul bir tahmine dayanıyordu."
Q-R,Reasonably possible,Makul ölçüde olası,More than remote but less than likely to occur.,"A loss was assessed as reasonably possible, not probable.","Bir zararın gerçekleşmesi olası değil, makul ölçüde olası olarak değerlendirildi."
Q-R,Reassessment,Tekrar değerlendirme,A review of a previous judgement or measurement to determine whether it remains appropriate.,A reassessment of the lease term was required after the renewal option was exercised.,Yenileme opsiyonu kullanıldıktan sonra kiralama süresinin tekrar değerlendirilmesi gerekmiştir.
Q-R,Reassessment of Embedded Derivatives,Saklı Türev Ürünlerinin Yeniden Değerlendirilmesi,Standard requiring review whether an embedded derivative must be separated.,IFRIC 9 addresses the reassessment of embedded derivatives.,"IFRIC 9, saklı türev ürünlerinin yeniden değerlendirilmesini ele alır."
Q-R,Rebates,İndirimler,Amounts returned to a customer after a purchase.,The entity recognized rebates as a reduction of revenue.,"İşletme, indirimleri hasılattan bir azalma olarak muhasebeleştirdi."
Q-R,Rebuttable presumption,Aksi ispat edilene kadar hukuken geçerli öngörü,An assumption accepted unless evidence disproves it.,There is a rebuttable presumption that the acquirer is the former owner.,Edinen işletmenin eski sahip olduğuna dair aksi ispatlanabilir bir öngörü vardır.
Q-R,Receivables,Alacaklar,Amounts owed to an entity by customers or others.,Receivables are measured at amortised cost less impairment.,"Alacaklar, itfa edilmiş maliyetten değer düşüklüğü düşülerek ölçülür."
Q-R,Reclassification adjustments,Yeniden sınıflandırma düzeltmeleri,Amounts reclassified from other comprehensive income to profit or loss in the current period.,Reclassification adjustments are disclosed separately to avoid double counting items of other comprehensive income.,"Yeniden sınıflandırma düzeltmeleri, diğer kapsamlı gelir kalemlerinin iki kez sayılmasını önlemek için ayrı olarak açıklanır."
Q-R,Reclassification date,Yeniden sınıflandırma tarihi,The date on which an item is reclassified.,The reclassification date marks the change in measurement.,"Yeniden sınıflandırma tarihi, ölçümdeki değişimi gösterir."
Q-R,Recognised financial instruments,Muhasebeleştirilmiş finansal araçlar,Financial instruments recorded in the statement of financial position.,Only recognised financial instruments appear in the balance sheet.,Bilançoda yalnızca muhasebeleştirilmiş finansal araçlar yer alır.
Q-R,Recognition,Kayda alma / muhasebeleştirme,Incorporating an item into the financial statements.,Recognition of the asset occurred when control transferred.,"Varlığın muhasebeleştirilmesi, kontrol devredildiğinde gerçekleşti."
Q-R,Recognition as an expense,Giderleştirme,The treatment of a cost as an expense in profit or loss rather than as an asset.,Research costs were recognised as an expense when incurred.,"Araştırma maliyetleri, oluştukları anda gider olarak muhasebeleştirilmiştir."
Q-R,Recognition criteria,Kayda alma / muhasebeleştirme kriteri,Conditions required to record an item in the financial statements.,The asset met the recognition criteria.,"Varlık, kayda alma kriterlerini karşıladı."
Q-R,Reconciliation,Mutabakat/mutabakata varma,Process of making two sets of figures consistent.,The reconciliation explains differences between the two balances.,"Mutabakat, iki bakiye arasındaki farkları açıklar."
Q-R,Recourse loan,Geri ödemeli kredi,A loan for which the lender has recourse to the borrower.,The recourse loan was recognised as a financial liability.,"Geri ödemeli kredi, finansal borç olarak muhasebeleştirildi."
Q-R,Recoverability,Geri kazanılabilirlik,The ability to recover a carrying amount.,The recoverability of the asset was questioned.,Varlığın geri kazanılabilirliği sorgulandı.
Q-R,Recoverable,Geri kazanılabilir,"Capable of being recovered through future use or sale, as opposed to being written off.",The asset's carrying amount was reduced to its recoverable amount.,"Varlığın defter değeri, geri kazanılabilir tutarına indirildi."
Q-R,Recoverable amount,Geri kazanılabilir tutar,The higher of fair value less costs and value in use.,The recoverable amount exceeded the carrying amount.,"Geri kazanılabilir tutar, defter değerini aştı."
Q-R,Recycling,Geri dönüşüm,Transferring amounts in other comprehensive income to profit or loss.,Recycling of gains on disposal is permitted for some items.,Bazı kalemler için elden çıkarma kazançlarının geri dönüşümüne izin verilir.
Q-R,Redemption,İtfa,Repayment or cancellation of an instrument by the issuer.,The bonds are subject to redemption at the option of the issuer.,"Tahviller, ihraççının opsiyonu ile itfaya tabidir."
Q-R,Redemption amount,İtfa tutarı,The amount payable to the holder when a financial instrument is redeemed.,The redemption amount of the preference shares was disclosed in the notes.,İmtiyazlı hisselerin itfa tutarı dipnotlarda açıklanmıştır.
Q-R,Redemption price,İtfa fiyatı,Amount paid to redeem a security at or before maturity.,The redemption price was set at par value.,İtfa fiyatı nominal değer olarak belirlendi.
Q-R,Redemption prohibition,Geri satın alım yasaklaması,Restriction preventing an entity from redeeming its instruments.,A redemption prohibition applied to the preference shares.,İmtiyazlı hisseler için geri satın alım yasaklaması uygulandı.
Q-R,Refinancing,Borcun çevrilmesi / yenilenmesi / yeniden finanse etme,Replacing an existing debt with new financing.,Refinancing completed before year-end allowed non-current classification.,"Yıl sonundan önce tamamlanan yeniden finansman, uzun vadeli sınıflandırmaya imkân verdi."
Q-R,Reformatted,Yeniden düzenlenmiş,Restructured for a new presentation.,The comparative figures were reformatted for consistency.,"Karşılaştırmalı tutarlar, tutarlılık için yeniden düzenlendi."
Q-R,Reformatted (IAS),Yeniden düzenlenmiş (UMS),A standard that has been restructured or reissued in a new format without changing its substantive requirements.,The reformatted International Accounting Standard was issued with updated references but no change in content.,"Yeniden düzenlenmiş Uluslararası Muhasebe Standardı, içeriği değişmeden güncellenmiş referanslarla yayımlandı."
Q-R,Refund or a reduction in future contributions,Geri ödemeler veya gelecekte yapılacak katkılardaki azalışlar,Recoveries from a benefit plan.,A refund reflects a surplus in the plan.,"Geri ödeme, plandaki fazlalığı yansıtır."
Q-R,Regular way purchase or sale,Normal yoldan alım veya satım,Purchase or sale of a financial asset under a standard contract.,Regular way purchases are recognised on trade date or settlement date.,"Normal yoldan alımlar, ticari işlem tarihinde veya takas tarihinde muhasebeleştirilir."
Q-R,Regulator,Düzenleyici,Body that supervises and regulates financial markets.,The regulator required additional disclosures from the bank.,"Düzenleyici, bankadan ek açıklamalar talep etti."
Q-R,Rehabilitate-operate-transfer,İyileştir-işlet-devret,"A concession model in which the operator renovates existing infrastructure, operates it and then transfers it back to the public sector.",The water treatment plant was modernised under a rehabilitate-operate-transfer concession.,"Su arıtma tesisi, iyileştir-işlet-devret imtiyazı kapsamında modernize edilmiştir."
Q-R,Reimbursement,Tazminat (tazmin etme),Compensation received for costs or losses incurred.,The insurer confirmed reimbursement of the loss.,Sigortacı zararın tazminini onayladı.
Q-R,Reinsurance assets,Reasürans varlıkları,Ceded reinsurance amounts recognized as an asset.,Reinsurance assets are presented separately from liabilities.,"Reasürans varlıkları, yükümlülüklerden ayrı olarak sunulur."
Q-R,Reinsurance contract,Reasürans poliçesi,A contract by which an insurer transfers risk to a reinsurer.,The reinsurance contract was assessed for significant risk transfer.,"Reasürans poliçesi, önemli risk devri açısından değerlendirildi."
Q-R,Reinsurer,Reasürör (sigortacıyı sigortalayan),An insurer that insures another insurer.,The reinsurer assumes part of the insurer's risk.,"Reasürör, sigortacının riskinin bir kısmını üstlenir."
Q-R,Reinvestment of dividends,Hisse senedine dönüşümlü temettü,The use of dividends received to purchase additional shares instead of taking cash.,The shareholder elected reinvestment of dividends to acquire additional shares in the company.,"Hissedar, nakit almak yerine ek hisse edinmek amacıyla hisse senedine dönüşümlü temettü seçeneğini kullandı."
Q-R,Related parties,İlişkili taraflar,Parties with a relationship to the entity.,Related parties include key management personnel.,"İlişkili taraflar, kilit yönetici personeli içerir."
Q-R,Related Party Disclosures,İlişkili Taraf Açıklamaları,"IAS 24, requiring disclosure of related party transactions.",Related Party Disclosures require disclosure of key management compensation.,"İlişkili Taraf Açıklamaları, kilit yönetici ücretlerinin açıklanmasını gerektirir."
Q-R,Related party transaction,İlişkili tarafla yapılan işlem,Transfer of resources between related parties.,Each related party transaction must be disclosed.,Her ilişkili taraf işlemi açıklanmalıdır.
Q-R,Relevance,Uygunluk (ilgililik),The qualitative characteristic whereby information is capable of making a difference in users' decisions.,The information had predictive value and therefore possessed relevance.,"Bilgi, tahmin değerine sahipti ve bu nedenle uygunluk niteliğini taşıyordu."
Q-R,Reliability,Güvenilirlik,Quality of information that is free from material error.,Reliability of the estimate was questioned by auditors.,Tahminin güvenilirliği denetçiler tarafından sorgulandı.
Q-R,Reliability exception,Güvenilirlik istisnası,Exception allowing departure from a requirement for reliability reasons.,The reliability exception applies to certain related party disclosures.,"Güvenilirlik istisnası, belirli ilişkili taraf açıklamaları için geçerlidir."
Q-R,Reliable measurement test,Güvenilir ölçüm testi,A test of whether an amount can be measured reliably.,The provision failed the reliable measurement test.,"Karşılık, güvenilir ölçüm testini geçemedi."
Q-R,Reload feature,Yeniden yükleme özelliği,A feature granting new options automatically.,The reload feature grants additional options on exercise.,"Yeniden yükleme özelliği, kullanımda ek opsiyon verir."
Q-R,Reload option,Yeniden yükleme seçeneği,"A share option feature that grants the holder new options when existing options are exercised, replacing the shares used.","Under the reload option feature, exercising the option granted the holder a new option over the same number of shares.","Yeniden yükleme seçeneği özelliği uyarınca, opsiyonun kullanılması sahibine aynı sayıda hisse üzerinde yeni bir opsiyon sağladı."
Q-R,Remeasurement,Yeniden ölçüm,Recalculating an amount using new information.,Remeasurement of the plan was recognised in other comprehensive income.,"Planın yeniden ölçümü, diğer kapsamlı gelirde muhasebeleştirildi."
Q-R,Removal of accounts provision,Koşulsuz geri alım opsiyonları,Right to remove accounts from a securitisation structure.,The removal of accounts provision lets the transferor withdraw receivables.,"Koşulsuz geri alım opsiyonu, devreden tarafın alacakları geri çekmesine olanak tanır."
Q-R,Rendering of services,Hizmetlerin sunumu,Provision of services generating revenue from contracts.,Revenue from the rendering of services is recognised over time.,"Hizmetlerin sunumundan elde edilen gelir, zaman içinde muhasebeleştirilir."
Q-R,Renewal rights,Yenileme hakları,Rights held by a lessee or counterparty to extend the term of a contract.,The renewal rights were considered when determining the enforceable lease term.,Uygulanabilir kiralama süresi belirlenirken yenileme hakları dikkate alınmıştır.
Q-R,Reorganisations,Yeniden yapılandırmalar,Restructuring of an entity's legal or operating structure.,Reorganisations often involve significant one-off costs.,Yeniden yapılandırmalar genellikle önemli tek seferlik maliyetler içerir.
Q-R,Repackaging,Tekrar şekillendirme,Combining and reselling financial instruments in a new form.,Repackaging transactions were excluded from the consolidation scope.,Tekrar şekillendirme işlemleri konsolidasyon kapsamı dışında bırakıldı.
Q-R,Repairs and maintenance,Bakım ve onarımlar,Routine spending to keep assets in working order.,Repairs and maintenance are expensed as incurred.,"Bakım ve onarımlar, ortaya çıktıklarında gider olarak kaydedilir."
Q-R,Repayment,Geri ödeme,Returning borrowed funds.,Repayment of the loan is due in five years.,Kredinin geri ödemesi beş yıl içinde yapılacaktır.
Q-R,Replacement award,Yenileme hakları,"A share-based payment award granted to replace an existing award, for example in a business combination.",The replacement award granted to the acquiree's employees was measured with reference to the original award.,"Edinilen işletmenin çalışanlarına verilen yenileme hakları, orijinal hak esas alınarak ölçüldü."
Q-R,Replacement cost of an asset,Bir varlığın yerine koyma maliyeti,The cost to replace an asset.,Replacement cost reflects current market prices.,"Yerine koyma maliyeti, güncel piyasa fiyatlarını yansıtır."
Q-R,Repledge,Yeniden teminat olarak gösterme,Pledging collateral received from a counterparty to a third party.,The bank repledged the securities received as collateral.,"Banka, teminat olarak aldığı menkul kıymetleri yeniden teminat olarak gösterdi."
Q-R,Reportable segment,Raporlanabilir bölüm,A segment meeting the thresholds for separate reporting.,Only one reportable segment was identified this year.,Bu yıl yalnızca bir raporlanabilir bölüm belirlendi.
Q-R,Reporting currency,Raporlama para birimi,The currency in which an entity presents its financial statements.,The foreign operation's results were translated into the reporting currency.,"Yurtdışı faaliyetin sonuçları, raporlama para birimine çevrilmiştir."
Q-R,Reporting Currency – Measurement And Presentation of Financial Statements Under IAS 21 and IAS 29,Raporlama Para Birirmi – IAS 21 ve IAS 29 Uyarınca Finansal Tabloların Ölçümü ve Sunumu,Guidance on measuring and presenting statements under IAS 21 and IAS 29.,The paper discusses the reporting currency under IAS 21 and IAS 29.,"Belge, IAS 21 ve IAS 29 uyarınca raporlama para birimini ele alır."
Q-R,Reporting Currency – Translation from Measurement Currency to Presentation Currency,Raporlama Para Birimi – Ölçümde Kullanılan Para Biriminden Sunumda Kullanılan Para Birimine Çevirim,Converting amounts from measurement currency into the reporting currency.,Translation to the presentation currency uses the closing rate.,"Sunum para birimine çevirim, dönem sonu kuru kullanılarak yapılır."
Q-R,Reporting date,Raporlama tarihi,The date of the entity's financial statements.,Assets are measured as at the reporting date.,"Varlıklar, raporlama tarihi itibarıyla ölçülür."
Q-R,Reporting enterprise,Raporlayan kuruluş,The entity whose financial statements are prepared.,The reporting enterprise presents its own financial statements.,"Raporlayan kuruluş, kendi finansal tablolarını sunar."
Q-R,Reporting entity,Raporlayan işletme (işletme bölümü),"An entity, or a portion of an entity, for which financial statements are prepared and presented.",A reporting entity may be a single entity or a group comprising a parent and its subsidiaries.,"Bir raporlayan işletme, tek bir işletme ya da bir ana işletme ile bağlı ortaklıklarından oluşan bir grup olabilir."
Q-R,Reporting package,Raporlama paketi,A set of reports prepared for consolidation.,Subsidiaries submit a reporting package to the parent.,"Bağlı ortaklıklar, ana ortaklığa bir raporlama paketi sunar."
Q-R,Reporting period,Raporlama dönemi,Period covered by a set of financial statements.,The reporting period ends on 31 December each year.,Raporlama dönemi her yıl 31 Aralık'ta sona erer.
Q-R,Representational faithfulness,Temsil konusundaki güvenilirlik,Information faithfully representing the economic phenomena it purports to depict.,Representational faithfulness requires complete and neutral information.,"Temsil konusundaki güvenilirlik, eksiksiz ve tarafsız bilgi gerektirir."
Q-R,Repurchase agreement,Geri alım sözleşmesi,An agreement to sell securities with a commitment to buy them back at a later date.,The securities sold under the repurchase agreement were recorded as a collateralised borrowing.,"Geri alım sözleşmesi kapsamında satılan menkul kıymetler, teminatlı borçlanma olarak kaydedilmiştir."
Q-R,Repurchase transactions,Geri alım işlemleri,Sale of assets with an agreement to buy them back.,Repurchase transactions are treated as secured borrowings.,Geri alım işlemleri teminatlı borçlanma olarak ele alınır.
Q-R,Research,Araştırma,Original investigation undertaken to obtain new knowledge.,Research expenditure is expensed when incurred.,"Araştırma harcamaları, oluştuğunda gidere yazılır."
Q-R,Reserve,"Yedek, ihtiyat",A component of equity set aside for a purpose.,The revaluation reserve is presented within equity.,"Yeniden değerleme yedeği, özkaynak içinde sunulur."
Q-R,Residual cost,Kalıntı maliyet değeri,The remaining carrying amount of an item.,The residual cost reflects the remaining unrecognised value.,"Kalıntı maliyet değeri, kalan tanınmamış değeri yansıtır."
Q-R,Residual interest,Kalıntı pay,"The remaining interest in an entity after other interests have been accounted for, often measured at fair value.",The residual interest retained after the disposal was remeasured at fair value.,"Elden çıkarma sonrası elde tutulan kalıntı pay, gerçeğe uygun değeri üzerinden yeniden ölçüldü."
Q-R,Residual value,Kalıntı değer,The estimated value at the end of useful life.,The residual value is deducted from cost to find the depreciable amount.,"Kalıntı değer, amortismana tabi tutarı bulmak için maliyetten düşülür."
Q-R,Resolution of the IASB – Withdrawal of IAS 15 by the Board,IASB’nin Kararı – IAS 15’in Kurul Tarafından Yürürlükten Kaldırılması,Board decision removing IAS 15 from the standards.,The resolution of the IASB withdrew IAS 15 from its standards.,"IASB'nin kararı, IAS 15'i standartlarından çıkardı."
Q-R,Restatement,Yeniden belirleme ifade etme,Correcting previously issued financial statements for errors.,A restatement of prior period figures was required.,Önceki dönem tutarlarının yeniden belirtilmesi gerekliydi.
Q-R,Restricted shares,Sınırlandırılmış hisseler,"Shares subject to restrictions on transfer or vesting, often issued to employees as compensation.",The restricted shares granted to executives vest over three years.,"Yöneticilere verilen sınırlandırılmış hisseler, üç yıl içinde hak edilir."
Q-R,Restructuring,Yeniden yapılandırma,Programme that materially changes the scope or manner of operations.,The restructuring closed two production plants.,Yeniden yapılandırma iki üretim tesisini kapattı.
Q-R,Restructuring provision,Yeniden yapılandırma karşılığı,Liability recognized for the costs of a planned restructuring.,The restructuring provision covers employee termination costs.,"Yeniden yapılandırma karşılığı, çalışan işten çıkarma maliyetlerini kapsar."
Q-R,Result,Sonuç,The profit or loss for a period.,The result for the year was reported after tax.,"Yılın sonucu, vergi sonrası olarak raporlandı."
Q-R,Retail method,Perakende yöntemi,Estimating inventory value using retail prices.,The retail method estimates closing inventory at selling price less margin.,"Perakende yöntemi, kapanış stokunu satış fiyatından marj düşülerek tahmin eder."
Q-R,Retail store chain,Perakende mağaza zinciri,A business operating multiple retail outlets under common ownership or management.,The retail store chain reported strong like-for-like sales growth during the year.,"Perakende mağaza zinciri, yıl içinde benzer mağazalar bazında güçlü satış artışı bildirdi."
Q-R,Retained earnings,Dağıtılmamış kârlar,Cumulative profits not distributed.,Retained earnings are presented within equity.,"Dağıtılmamış kârlar, özkaynak içinde sunulur."
Q-R,Retained profit,Dağıtılmamış kâr,Cumulative profits kept in the entity rather than distributed.,Retained profit is reported within equity.,"Dağıtılmamış kâr, özkaynak içinde raporlanır."
Q-R,Retirement benefit plans,Emeklilik fayda planları,Arrangements providing benefits after employment ends.,The group sponsors several retirement benefit plans.,"Grup, birkaç emeklilik fayda planı sağlamaktadır."
Q-R,Retroactive classification,Geriye dönük sınıflandırma,The application of a classification decision to earlier periods as well as the current one.,The change in segment structure required retroactive classification of prior period figures.,"Bölüm yapısındaki değişiklik, önceki dönem rakamlarının geriye dönük sınıflandırılmasını gerektirmiştir."
Q-R,Retrospective application,Geriye dönük uygulama,Applying a new policy as if it had always been used.,The change was made by retrospective application.,Değişiklik geriye dönük uygulama yoluyla yapıldı.
Q-R,Retrospective restatement,Geriye dönük yeniden düzenleme,Correcting prior period figures as if the error never occurred.,The error was corrected through retrospective restatement.,"Hata, geriye dönük yeniden düzenleme yoluyla düzeltildi."
Q-R,Return on investment,Yatırım kârlılığı,A measure of the gain relative to the investment made.,The project's return on investment exceeded the hurdle rate.,"Projenin yatırım kârlılığı, asgari getiri oranını aştı."
Q-R,Return on plan assets (of an employee benefit plan),Sosyal güvenlik planı yatırım getirisi,Investment income earned on plan assets.,Return on plan assets reduces the pension cost.,"Plan yatırım getirisi, emeklilik maliyetini azaltır."
Q-R,Revaluation,Yeniden değerleme,"The remeasurement of a non-current asset to its fair value, with the increase recognised in other comprehensive income.",A revaluation of the property increased its carrying amount and recognised the surplus in other comprehensive income.,Gayrimenkulün yeniden değerlemesi defter değerini artırdı ve oluşan fazlalık diğer kapsamlı gelirde muhasebeleştirildi.
Q-R,Revaluation reserve,Yeniden değerleme yedeği,A reserve arising from revaluing assets.,The revaluation reserve increased with the property revaluation.,Gayrimenkulün yeniden değerlemesiyle yeniden değerleme yedeği arttı.
Q-R,Revaluation surplus,Yeniden değerleme fazlası,Increase in the carrying amount of an asset on revaluation.,The revaluation surplus is recognised in other comprehensive income.,"Yeniden değerleme fazlası, diğer kapsamlı gelirde muhasebeleştirilir."
Q-R,Revalued amount of an asset,Bir varlığın yeniden değerlenmiş tutarı,Fair value at revaluation date less subsequent depreciation.,The revalued amount of an asset replaces its carrying amount.,"Bir varlığın yeniden değerlenmiş tutarı, taşınan değeri yerine geçer."
Q-R,Revenue,Hasılat,"Income arising from the ordinary activities of an entity, such as the sale of goods or services.",Revenue from contracts with customers is recognised when control of the goods transfers.,"Müşterilerle yapılan sözleşmelerden elde edilen hasılat, malların kontrolü devredildiğinde muhasebeleştirilir."
Q-R,Revenue—Barter Transactions Involving Advertising Services,Hasılat – Reklam Hizmetleri İçeren Takas (Barter) İşlemleri,Guidance on recognising revenue from barter advertising deals.,SIC 31 covers barter transactions involving advertising services.,"SIC 31, reklam hizmetleri içeren takas işlemlerini kapsar."
Q-R,Reversal,"Ters kayıt, iptal",Reduction or cancellation of a previously recognized amount.,The reversal of the impairment loss increased profit.,"Değer düşüklüğü zararının ters kaydı, kârı artırdı."
Q-R,Reverse acquisition,Ters birleşme,A business combination where the legal acquiree is the accounting acquirer.,"In a reverse acquisition, the legal subsidiary is the accounting acquirer.","Ters birleşmede, hukuki bağlı ortaklık muhasebe açısından edinen taraftır."
Q-R,Reverse share split,Nominal değeri artırarak hisse senetlerini birleştirme,Combining shares to raise the nominal value.,A reverse share split reduces the number of shares outstanding.,"Hisse birleştirme, tedavüldeki hisse sayısını azaltır."
Q-R,Revised,Revize edilmiş,"Amended or updated, as applied to a standard, estimate or disclosure that has been changed.",The entity applied the revised standard prospectively from the beginning of the reporting period.,"İşletme, revize edilmiş standardı raporlama döneminin başından itibaren ileriye dönük olarak uyguladı."
Q-R,Revised (IAS),Gözden geçirilmiş (Yeniden düzenlenmiş),An amended version of a standard.,The revised standard applies to annual periods beginning after 2020.,"Gözden geçirilmiş standart, 2020'den sonra başlayan yıllık dönemlere uygulanır."
Q-R,Revoke a designation,Bir sınıflamanın iptal edilmesi,Cancelling a previous designation of a financial asset or liability.,An entity may revoke a designation only in limited circumstances.,"İşletme, bir sınıflamayı yalnızca sınırlı durumlarda iptal edebilir."
Q-R,Rewards associated with a leased asset,Finansal kiralamadan doğan kazanımlar.,Benefits and risks expected from the leased asset.,Rewards associated with a leased asset indicate a finance lease.,"Finansal kiralamadan doğan kazanımlar, bir finansal kiralamanın göstergesidir."
Q-R,Right of first refusal,İlk tercih hakkı,A contractual right to be offered an asset before it is offered to other parties.,The shareholder held a right of first refusal over any transfer of the shares.,"Ortak, hisselerin devrine ilişkin olarak ilk tercih hakkına sahipti."
Q-R,Right of set-off,Mahsup etme hakkı,Legal right to offset amounts owed between two parties.,The entity had a right of set-off over the balances.,İşletmenin bakiyeler üzerinde mahsup etme hakkı vardı.
Q-R,Right to explore,Araştırma yapma hakkı,Right held by an entity to explore for resources.,The entity holds the right to explore the offshore block.,"İşletme, açık deniz sahasını araştırma hakkına sahiptir."
Q-R,Rights issue,Yeni haklar içeren ihraç,An offer of new shares to existing shareholders.,The rights issue was made pro rata to existing shareholders.,"Yeni haklar içeren ihraç, mevcut hissedarlara oransal olarak yapıldı."
Q-R,"Rights to Interests Arising from Decommissioning, Restoration and Environmental Rehabilitation Funds","Hizmetten Çekme, Restorasyon ve Çevre Rehabilitasyon Fonlarından Kaynaklanan Paylar Üzerindeki Haklar",Rights over interests in decommissioning funds.,These rights to interests are recognised as an asset.,"Bu pay hakları, varlık olarak muhasebeleştirilir."
Q-R,Risk,Risk,"The possibility that actual outcomes will differ from expected outcomes, including financial risks such as credit, liquidity and market risk.",The entity discloses the nature and extent of the risks arising from financial instruments.,"İşletme, finansal araçlardan kaynaklanan risklerin niteliğini ve kapsamını açıklar."
Q-R,Risk exposure,Risk tutarı,The amount subject to risk.,The entity disclosed its risk exposure by type.,"İşletme, risk tutarını türüne göre açıkladı."
Q-R,Risk of divergence,Sapma riski,Risk that measured values move in different directions.,The hedge failed due to the risk of divergence between the variables.,"Riskten korunma, değişkenler arasındaki sapma riski nedeniyle başarısız oldu."
Q-R,Risk-free interest rate,Risksiz faiz oranı,Return on an investment with no default risk.,The discount rate was based on the risk-free interest rate.,İskonto oranı risksiz faiz oranına dayanıyordu.
Q-R,Risks and rewards,Risk ve getiriler,"The exposures and benefits of ownership of an asset, used to assess transfer in leasing and derecognition.",The lease transferred substantially all the risks and rewards of ownership to the lessee.,"Kiralama, mülkiyete ilişkin risk ve getirilerin büyük ölçüde tamamını kiracıya devretmiştir."
Q-R,Risks and rewards of ownership,Mülkiyetin risk ve getirileri,Exposure to gains and losses tied to owning an asset.,Transfer of risks and rewards of ownership determines recognition.,"Mülkiyetin risk ve getirilerinin devri, muhasebeleştirmeyi belirler."
Q-R,Risks associated with a leased asset,Finansal kiralama konusu varlıkla ilgili riskler,Risks arising from ownership or use of a leased asset.,Substantially all risks associated with the leased asset were transferred.,Kiralanan varlıkla ilgili risklerin tamamına yakını devredildi.
Q-R,Roll back,Tutarı geriye çekme,Reducing a carrying amount to a lower prior value.,The entity had to roll back the revaluation surplus.,"İşletme, yeniden değerleme fazlasını geriye çekmek zorunda kaldı."
Q-R,Roll forward,Tutarı ileriye taşıma,Carrying a balance forward into the next period.,The movement schedule rolls forward the provision balance.,"Hareket tablosu, karşılık bakiyesini ileriye taşır."
Q-R,Royalty,İsim hakkı,"A payment made to the owner of an asset, such as a patent or trademark, for the right to use it.",Royalty income from licensing the trademark is recognised on an accrual basis.,"Markanın lisanslanmasından elde edilen isim hakkı geliri, tahakkuk esasına göre muhasebeleştirilir."
S,Sale,Satış,Transferring an asset in exchange for consideration.,Revenue from the sale is recognised when control transfers.,"Satıştan hasılat, kontrol devredildiğinde muhasebeleştirilir."
S,Sale and leaseback transaction,Satış ve geri kiralama işlemi,Transaction where an owner sells an asset and leases it back.,The company recorded a gain on the sale and leaseback transaction.,"Şirket, satış ve geri kiralama işleminden bir kazanç kaydetti."
S,SARS,Hisse Senedi Değer Artış Hakkı (Share Appreciation Rights),Rights paying the increase in share value to employees.,Employees were granted SARS settled in cash.,Çalışanlara nakit olarak ödenen hisse senedi değer artış hakları verildi.
S,Scope,"Faaliyet alanı, içerik, kapsam",The range of transactions or entities to which a standard or policy applies.,The arrangement fell within the scope of the leasing standard.,"Sözleşme, kiralama standardının kapsamına girmiştir."
S,Scope of IFRS 2,IFRS 2’nin Kapsamı,Extent to which share-based payment rules apply.,The scope of IFRS 2 includes equity-settled awards.,IFRS 2'nin kapsamı özkaynakla ödenen hakları içerir.
S,Secondary segment information,İkincil bölüm bilgisi,Segment disclosures provided for the secondary reporting format.,Secondary segment information is reported by geographic area.,"İkincil bölüm bilgisi, coğrafi bölgeye göre raporlanır."
S,Securities,Menkul kıymetler,Tradable financial instruments such as shares and bonds.,Securities held for trading are measured at fair value.,"Alım satım amaçlı tutulan menkul kıymetler, gerçeğe uygun değeriyle ölçülür."
S,Securitisation,Menkul kıymetleştirme,Converting assets into tradable securities.,Securitisation transfers financial assets to a special purpose entity.,"Menkul kıymetleştirme, finansal varlıkları özel amaçlı bir kuruluşa devreder."
S,Segment,"Bölüm, kısım, iş dalı, faaliyet alanı",A distinguishable component of an entity for which separate financial information is available and evaluated by management.,Each segment's assets and liabilities are disclosed in the segment reporting note.,"Her bölümün varlık ve borçları, bölüm raporlaması dipnotunda açıklanır."
S,Segment assets,Bölüm varlıkları,Assets attributable to a reportable segment.,Segment assets are disclosed for each segment.,"Bölüm varlıkları, her bölüm için açıklanır."
S,Segment expense,Bölüm gideri,Expense arising from a segment's operating activities.,Segment expense includes costs directly attributable to the segment.,"Bölüm gideri, bölüme doğrudan atfedilebilen maliyetleri içerir."
S,Segment manager,Bölüm yöneticisi,Person responsible for a reportable segment's operations.,The segment manager reports results to the chief executive.,"Bölüm yöneticisi, sonuçları genel müdüre raporlar."
S,Segment profit or loss,Bölüm kâr veya zararı,The profit or loss of an operating segment as reported to the chief operating decision maker.,The segment profit or loss for each reportable segment was disclosed in the notes.,Her raporlanabilir bölüme ilişkin bölüm kâr veya zararı dipnotlarda açıklanmıştır.
S,Segment Reporting,Bölümlere göre raporlama,Disclosure of financial information by operating segment.,Segment reporting helps users assess different business lines.,"Bölümlere göre raporlama, kullanıcıların farklı iş kollarını değerlendirmesine yardımcı olur."
S,Segment result,Bölüm/iş dalı/faaliyet alanı performansı,Profit or loss of a reportable operating segment.,Segment result is reported before unallocated corporate costs.,"Bölüm performansı, dağıtılmayan genel yönetim giderlerinden önce raporlanır."
S,Segment revenue,Bölüm hasılatı,Revenue attributable to a reportable segment.,Segment revenue is disclosed for each reportable segment.,"Bölüm hasılatı, her raporlanabilir bölüm için açıklanır."
S,Self-constructed asset,İşletme tarafından inşa edilen varlık,An asset built by the entity itself.,The cost of a self-constructed asset includes directly attributable costs.,"İşletmenin inşa ettiği varlığın maliyeti, doğrudan ilişkilendirilebilen maliyetleri içerir."
S,Self-insurance,Kendi kendini sigorta,A risk management approach in which an entity retains a risk rather than transferring it to an insurer.,The entity operates a self-insurance arrangement for small property damage claims.,"İşletme, küçük çaplı maddi hasar talepleri için kendi kendini sigorta düzenlemesi uygular."
S,Selling price,Satış fiyatı,The price at which a good is sold.,The selling price determines the revenue for the unit.,"Satış fiyatı, birim için hasılatı belirler."
S,Sensitivity analysis,Duyarlılık analizi,Technique showing how outcomes change with changes in assumptions.,The bank disclosed sensitivity analysis for market risk.,"Banka, piyasa riski için duyarlılık analizi açıkladı."
S,Separability,Ayrılabilirlik,Capability of an asset to be separated and sold.,Separability is a criterion for recognising intangible assets.,"Ayrılabilirlik, maddi olmayan duran varlıkların muhasebeleştirilmesi için bir ölçüttür."
S,Separability criterion,Ayrılabilirlik kriteri,The condition that an intangible asset is capable of being separated and sold or transferred.,The software met the separability criterion and was recognised as an intangible asset.,"Yazılım, ayrılabilirlik kriterini karşılamış ve maddi olmayan duran varlık olarak muhasebeleştirilmiştir."
S,Separable assets,Ayrılabilir maddi duran varlıklar,Assets that can be separated and sold independently.,Separable assets were identified in the purchase price allocation.,Satın alma fiyatı dağıtımında ayrılabilir varlıklar belirlendi.
S,Separate financial statements,Bireysel finansal tablolar,Statements presented by a parent or investor alone.,Separate financial statements account for subsidiaries at cost.,"Bireysel finansal tablolar, bağlı ortaklıkları maliyet bedeliyle gösterir."
S,Separate liability,Ayrı borç,A liability recognised on its own rather than as part of another.,The guarantee is recognised as a separate liability.,"Garanti, ayrı bir borç olarak muhasebeleştirilir."
S,Separately identifiable,Ayrı olarak tanımlanabilir,Capable of being identified separately.,The asset is separately identifiable from goodwill.,"Varlık, şerefiyeden ayrı olarak tanımlanabilir."
S,Service Concession Arrangement,İmtiyazlı Hizmet Anlaşması,An arrangement in which a government grants a private operator the right to provide public services over a specified period.,"Under a service concession arrangement, the operator recognises a financial asset or an intangible asset.","Bir imtiyazlı hizmet anlaşması kapsamında işletmeci, bir finansal varlık veya maddi olmayan duran varlık muhasebeleştirir."
S,Service cost,Hizmet maliyeti,The benefit earned in the current period.,Service cost is recognised in profit or loss.,"Hizmet maliyeti, kâr veya zararda muhasebeleştirilir."
S,Service date,Hizmet tarihi,Date on which an employee provides services under a plan.,Benefits accrue from the employee's service date.,"Faydalar, çalışanın hizmet tarihinden itibaren tahakkuk eder."
S,Service mark,Hizmet markası,Trademark distinguishing services of one provider.,The company registered a service mark for its brand.,"Şirket, markası için bir hizmet markası tescil ettirdi."
S,Servicing asset,Hizmet varlığı,A right to receive fees for servicing financial assets that exceed adequate compensation.,The retained servicing asset was measured at fair value at inception.,"Elde tutulan hizmet varlığı, başlangıçta gerçeğe uygun değerinden ölçülmüştür."
S,Servicing costs,Hizmet maliyeti,Costs of administering loans or assets for others.,Servicing costs reduced the net interest income.,Hizmet maliyeti net faiz gelirini azalttı.
S,Servicing liabilities,Hizmet sunma yükümlülükleri,Obligations to service financial assets retained after transfer.,Servicing liabilities are measured at fair value initially.,"Hizmet sunma yükümlülükleri, başlangıçta gerçeğe uygun değerle ölçülür."
S,Servicing liability,Hizmet borcu,An obligation to service financial assets.,A servicing liability was recognised for the retained servicing.,Elde tutulan hizmet için bir hizmet borcu muhasebeleştirildi.
S,Servicing rights,Hizmet sunma hakları,Rights to service transferred financial assets.,Servicing rights are recognised when the assets are transferred.,"Hizmet sunma hakları, varlıklar devredildiğinde muhasebeleştirilir."
S,Set of financial statements,Finansal tablolar seti,"The complete group of statements required to present an entity's financial position, performance and cash flows.","A complete set of financial statements includes a statement of financial position, a statement of profit or loss and other statements.","Tam bir finansal tablolar seti; finansal durum tablosu, kâr veya zarar tablosu ve diğer tabloları içerir."
S,"Set-off, legal right of","Mahsup, yasal hak olarak",A legal right to offset amounts.,A legal right of set-off is required to offset balances.,Bakiyeleri mahsup etmek için yasal mahsup hakkı gerekir.
S,Settle net = net settlement,Karşılıklı netleştirme (takas veya ödemeyle ilgili netleştirme),Settling a contract by delivering only the net amount.,The contracts are settled net in cash.,Sözleşmeler nakit olarak netleştirilir.
S,Settlement,"Mahsup etme, ödeme",Extinguishing a liability by paying or transferring resources.,Settlement of the obligation occurred in the following period.,Yükümlülüğün ödenmesi izleyen dönemde gerçekleşti.
S,Settlement (of employee benefit obligations),Çalışanlara sağlanan fayda yükümlülüklerini ödeme,A transaction that eliminates further legal or constructive obligation for part or all of the benefits.,The settlement of the pension obligation resulted in a gain recognised in profit or loss.,"Emeklilik yükümlülüğünün ödenmesi, kâr veya zararda muhasebeleştirilen bir kazançla sonuçlanmıştır."
S,Settlement date,Ödeme (mahsup) tarihi,Date on which a transaction is finally settled.,The trade was recorded on the settlement date.,"İşlem, ödeme tarihinde kaydedildi."
S,Settlement date accounting,Teslim tarihi muhasebesi,Recognizing transactions on the date assets are delivered.,The entity applies settlement date accounting for regular way trades.,"İşletme, normal yoldan işlemler için teslim tarihi muhasebesini uygular."
S,Settlement provision,Ödeme hükmü,A provision recognised for an expected settlement.,A settlement provision was recognised for the claim.,Talep için bir ödeme hükmü karşılığı ayrıldı.
S,Settlement value,Ödeme (mahsup) değeri,The value at which a liability is settled.,The settlement value was agreed with the counterparty.,"Ödeme değeri, karşı tarafla kararlaştırıldı."
S,Severally liable,Müşterek ve müteselsil borçlu / sorumlu,Situation in which each party to a joint obligation is liable only for its own share of the liability.,"Under the partnership agreement, each partner is severally liable for the entity's debts.","Ortaklık sözleşmesi uyarınca her ortak, işletmenin borçlarından kendi payı ölçüsünde sorumludur."
S,Shadow accounting,Gölge Muhasebe,Aligning policyholders' and shareholders' accounting.,Shadow accounting defers certain unrealised gains.,"Gölge muhasebe, bazı gerçekleşmemiş kazançları erteler."
S,Share,"Hisse, pay, hisse senedi",Unit of ownership interest in a company's capital.,Each share carries one voting right.,Her hisse bir oy hakkı taşır.
S,Share appreciation rights,Hisse senedi değer artış hakkı,Awards settled in cash based on share price increase.,Share appreciation rights are measured at fair value.,Hisse senedi değer artış hakları gerçeğe uygun değerle ölçülür.
S,Share buy-back arrangements,Hisse geri alım anlaşmaları,Agreements under which an entity repurchases its own shares from shareholders.,Treasury shares acquired under the share buy-back arrangements were deducted from equity.,"Hisse geri alım anlaşmaları kapsamında edinilen kendi hisseleri, özkaynaktan düşülmüştür."
S,Share call options,Hisse alım opsiyonu,Contracts giving the right to buy shares at a set price.,Share call options were granted to senior managers.,Üst düzey yöneticilere hisse alım opsiyonu verildi.
S,Share capital,Sermaye,Amount of capital contributed by holders of shares.,Share capital is presented in the statement of financial position.,"Sermaye, finansal durum tablosunda sunulur."
S,Share Capital – Reacquired Own Equity Instruments (Treasury Shares),Sermaye – Geri Alınan Özkaynağa Dayalı Finansal Araçlar (İşletmenin Geri Satın Alınan Kendi Hisseleri),Own shares bought back and deducted from equity.,Treasury shares are deducted from equity.,"İşletmenin geri satın aldığı kendi hisseleri, özkaynaktan düşülür."
S,Share consolidation,Hisselerin birleştirilmesi,Combining multiple shares into one.,Share consolidation reduced the number of ordinary shares.,"Hisse birleştirmesi, adi hisse sayısını azalttı."
S,Share option,Hisse senedi opsiyonu,A contract that gives the holder the right to purchase an entity's shares at a specified price within a set period.,The share option vesting conditions require the employee to remain in service for three years.,"Hisse senedi opsiyonunun hak edilme koşulları, çalışanın üç yıl boyunca hizmette kalmasını gerektirir."
S,Share option plan,Hisse edinme hakkına ilişkin plan,A plan granting share options to employees.,The share option plan vests over three years.,"Hisse opsiyon planı, üç yılda hak edilir."
S,Share premium,Hisse senedi ihraç primi,Amount received for shares above their nominal value.,The issue raised share premium of two million.,"İhraç, iki milyonluk hisse senedi ihraç primi sağladı."
S,Share split,Hisse senedi bölünmesi,Increasing shares outstanding without changing total capital.,The share split doubled the number of shares in issue.,"Hisse senedi bölünmesi, ihraç edilmiş pay sayısını iki katına çıkardı."
S,Share warrant,Hisse senedi ilmuhaberi,A security giving the holder the right to purchase shares at a specified price before a set date.,The share warrants issued by the company were classified as equity instruments.,"Şirketin ihraç ettiği hisse senedi ilmuhaberleri, özkaynağa dayalı finansal araç olarak sınıflandırılmıştır."
S,Share-based Payment,Hisse Bazlı Ödeme,Standard on accounting for payments settled in shares or cash.,IFRS 2 governs share-based payment transactions.,"IFRS 2, hisse bazlı ödeme işlemlerini düzenler."
S,Share-based payment arrangement,Hisse bazlı ödeme anlaşması,Agreement to pay for goods or services with shares.,The share-based payment arrangement vests over three years.,"Hisse bazlı ödeme anlaşması, üç yıl içinde hak edilir."
S,Share-based payment awards,Hisse bazlı ödeme kararları,Awards settled by issuing shares or share options.,Share-based payment awards vest over the service period.,"Hisse bazlı ödeme kararları, hizmet süresi boyunca hak edilir."
S,Share-based payment transaction,Hisse bazlı ödeme işlemi,A transaction settled in shares or options.,The share-based payment transaction is measured at fair value.,"Hisse bazlı ödeme işlemi, gerçeğe uygun değeriyle ölçülür."
S,Shareholder,Hissedar,A person or entity that owns shares in a company and holds a residual interest in its net assets.,Dividends paid to shareholders are recognised directly in equity.,Hissedarlara ödenen temettüler doğrudan özkaynakta muhasebeleştirilir.
S,Shareholders’ equity,Özkaynaklar,The residual interest in assets after deducting liabilities.,Shareholders' equity comprises capital and reserves.,"Özkaynaklar, sermaye ve yedeklerden oluşur."
S,Short seller,Açığa satış yapan,Party that sells borrowed securities expecting prices to fall.,The short seller must return the borrowed shares later.,"Açığa satış yapan kişi, ödünç aldığı payları daha sonra iade etmelidir."
S,Short-term employee benefits,Kısa vadeli personel sosyal hakları,Benefits due within twelve months of employee service.,Short-term employee benefits include wages and paid leave.,"Kısa vadeli personel sosyal hakları, ücret ve ücretli izni içerir."
S,SIC,SYK (Daimi Yorumlama Komitesi),A former committee that issued interpretations on the application of International Accounting Standards.,The SIC interpretations were gradually replaced by IFRIC interpretations.,SYK yorumları zamanla IFRIC yorumlarıyla değiştirilmiştir.
S,Significant influence,Önemli etki,Power to participate in financial and operating policy decisions.,A 30% holding usually gives significant influence.,%30 pay genellikle önemli etki sağlar.
S,Single product enterprise,Tek ürünlü teşebbüs,Enterprise deriving revenue predominantly from one product.,A single product enterprise may still report operating segments.,Tek ürünlü bir teşebbüs yine de faaliyet bölümleri raporlayabilir.
S,Sinking fund,İtfa fonu,Money set aside to repay a debt at maturity.,The entity set up a sinking fund to repay the bonds.,"İşletme, tahvilleri geri ödemek için bir itfa fonu oluşturdu."
S,Social security,Sosyal güvenlik,State-provided benefit schemes.,Social security contributions are recognised as an expense.,"Sosyal güvenlik katkıları, gider olarak muhasebeleştirilir."
S,Social security contribution,Sosyal güvenlik yardımı,Payments made by an employer or employee to a social security system for employee benefits.,Social security contributions are recognised as an expense in the period the related employee service is provided.,"Sosyal güvenlik yardımları, ilgili çalışan hizmetinin sunulduğu dönemde gider olarak muhasebeleştirilir."
S,Solvency,Borç ödeme gücü,The ability to meet obligations as they fall due.,Solvency is assessed using liquidity and capital ratios.,"Borç ödeme gücü, likidite ve sermaye oranlarıyla değerlendirilir."
S,SPE,ÖAİ (Özel Amaçlı İşletme),"Entity created for a narrow, well-defined purpose.",The bank set up an SPE to hold the securitised assets.,"Banka, menkulleştirilmiş varlıkları tutmak için bir ÖAİ kurdu."
S,Special purpose entity,Özel amaçlı işletme (ÖAİ),"Entity created for a narrow, well-defined objective.",The special purpose entity was set up to hold securitised assets.,"Özel amaçlı işletme, menkulleştirilmiş varlıkları tutmak için kuruldu."
S,Specific identification of costs,Projeye özgü maliyetlerin tespiti,A method of assigning costs directly to specific items rather than by allocation.,"For the construction project, costs were assigned using specific identification of costs.","İnşaat projesi için maliyetler, projeye özgü maliyetlerin tespiti yöntemi kullanılarak atanmıştır."
S,Specifically identified cash flows,Belirli bir biçimde tanımlanmış nakit akışları,Cash flows clearly linked to a particular asset or liability.,The hedge was matched to specifically identified cash flows.,"Korunma işlemi, belirli bir biçimde tanımlanmış nakit akışlarıyla eşleştirildi."
S,Speculative grade,Spekülasyon derecesi,Credit rating below investment grade indicating higher risk.,The bonds fell to speculative grade after the downgrade.,"Tahviller, not indiriminin ardından spekülasyon derecesine düştü."
S,Spin-off,Kısmi yeniden yapılandırma,Separation of part of a business into a distinct entity.,The spin-off distributed the subsidiary's shares to shareholders.,"Kısmi yeniden yapılandırma, bağlı ortaklık hisselerini hissedarlara dağıttı."
S,Sponsoring employers,Sponsor olan işverenler,Employers that fund a benefit plan.,Sponsoring employers bear the risks of the pension plan.,"Sponsor işverenler, emeklilik planının risklerini taşır."
S,Spot exchange rate,Geçerli (spot) kur,"The exchange rate for immediate delivery of currencies, used to translate foreign currency transactions on initial recognition.",The foreign currency transaction was recorded using the spot exchange rate at the transaction date.,"Yabancı para işlemi, işlem tarihindeki geçerli kur kullanılarak kaydedildi."
S,Spot foreign exchange risk,Spot yabancı kur değişimi,Risk arising from spot exchange rates.,Spot foreign exchange risk arises from immediate settlement.,"Spot kur riski, anında ödemeden doğar."
S,Spot rate,Spot kur,Exchange rate for immediate delivery of currencies.,The transaction was translated at the spot rate on that date.,"İşlem, o tarihteki spot kur üzerinden çevrildi."
S,Stand-alone basis,Solo bazda,Considering an entity without its parent or group.,The subsidiary was assessed on a stand-alone basis.,"Bağlı ortaklık, solo bazda değerlendirildi."
S,Stand-alone derivative,Tek başına uygulanan türev ürün,A derivative instrument that exists in its own right rather than being embedded in another contract.,The forward contract was a stand-alone derivative measured at fair value.,"Vadeli sözleşme, gerçeğe uygun değerinden ölçülen tek başına uygulanan bir türev üründü."
S,Stand-alone entity,Solo bazda raporlayan işletme,Entity that reports without consolidating other entities.,The parent prepared stand-alone entity accounts.,Ana ortaklık solo bazda raporlayan işletme tablolarını hazırladı.
S,Stand-by credit facilities,Destekleme kredisi imkânları,Committed borrowing arrangements available when needed.,Stand-by credit facilities provide backup liquidity support.,"Destekleme kredisi imkânları, yedek likidite desteği sağlar."
S,Standard cost method,Standart maliyet yöntemi,Inventory costing using predetermined standard costs.,The standard cost method is used for routine inventory valuation.,Rutin stok değerlemesinde standart maliyet yöntemi kullanılır.
S,Standby letters of credit,Sınırlı süreli teminat akredifi,A bank guarantee of payment.,The standby letter of credit supports the entity's payment obligation.,"Teminat akredifi, işletmenin ödeme yükümlülüğünü destekler."
S,Standing Interpretation Committee,Daimi Yorumlama Komitesi (SYK),A committee that developed interpretations of accounting standards to address divergent or unacceptable treatments.,The Standing Interpretation Committee issued interpretations to clarify the application of existing standards.,"Daimi Yorumlama Komitesi, mevcut standartların uygulanmasını netleştirmek için yorumlar yayımladı."
S,Start-up costs,Kuruluş başlama maliyetleri,Costs to establish a new operation.,Start-up costs are expensed as incurred.,"Kuruluş maliyetleri, ortaya çıktıklarında gider yazılır."
S,State (employee benefit) plan,Devlet (çalışanlara sağlanan fayda) planı,Plan operated by government rather than the reporting entity.,Contributions to a state plan are recognised as expense when due.,"Devlet planına yapılan katkılar, vadesi geldiğinde gider olarak muhasebeleştirilir."
S,State-controlled entities,Kamu iktisadi teşebbüsleri,Entities controlled by government through ownership or power.,State-controlled entities may apply certain disclosure exemptions.,Kamu iktisadi teşebbüsleri belirli açıklama muafiyetlerinden yararlanabilir.
S,Stated or implied substantive terms,Sözleşmede belirlenen ya da sözleşmeden anlaşılan somut koşullar,The explicit or implicit terms of a contract that create enforceable rights and obligations.,The stated or implied substantive terms of the contract indicated that a lease existed.,"Sözleşmede belirlenen ya da sözleşmeden anlaşılan somut koşullar, bir kiralama bulunduğunu göstermiştir."
S,Statement of cash flows = cash flow statement,Nakit akış tablosu,Statement showing cash inflows and outflows over a period.,The statement of cash flows shows operating activities.,Nakit akış tablosu işletme faaliyetlerini gösterir.
S,Statement of changes in equity,Özkaynaklar değişim tablosu,Statement showing movements in equity during the period.,The statement of changes in equity reconciles opening and closing balances.,"Özkaynaklar değişim tablosu, açılış ve kapanış bakiyelerini mutabakata bağlar."
S,Statement of compliance with IFRSs,IFRS’e uyum tablosu,A statement that the financial statements comply with IFRS.,The statement of compliance with IFRSs must be explicit and unreserved.,IFRS'lere uyum beyanı açık ve koşulsuz olmalıdır.
S,Statement of comprehensive income,Kapsamlı gelir tablosu,A statement showing profit or loss and other comprehensive income.,The statement of comprehensive income includes revaluation gains.,"Kapsamlı gelir tablosu, yeniden değerleme kazançlarını içerir."
S,Statement of financial position,Finansal durum tablosu,"A financial statement presenting an entity's assets, liabilities and equity at a specific date.","The statement of financial position presents assets, liabilities and equity at the end of the reporting period.","Finansal durum tablosu, raporlama dönemi sonunda varlıkları, borçları ve özkaynağı sunar."
S,Statement of income = ıncome statement,Kâr veya zarar tablosu,The statement reporting profit or loss.,The statement of income presents revenue and expenses.,"Kâr veya zarar tablosu, hasılat ve giderleri sunar."
S,Step-by-step method,Aşamalı yöntem,Approach analysing a transaction through successive stages.,The step-by-step method was used to assess the embedded derivative.,Gömülü türevi değerlendirmek için aşamalı yöntem kullanıldı.
S,Stepped interest,Kademeli faiz,Interest rate that changes at predetermined steps.,The loan carried stepped interest rising each year.,"Kredi, her yıl artan kademeli faiz taşıyordu."
S,Stewardship of management,Yönetimin sorumluluğu,The accountability of management for the resources entrusted to it by owners.,Information on stewardship of management helps users assess how efficiently resources are used.,"Yönetimin sorumluluğuna ilişkin bilgiler, kullanıcıların kaynakların ne kadar verimli kullanıldığını değerlendirmesine yardımcı olur."
S,Stock exchange listing,Borsaya kaydedilme,Admission of an entity's securities to a stock exchange.,The stock exchange listing raised new capital.,Borsaya kaydedilme yeni sermaye sağladı.
S,Stop-loss (Reinsurance),Hasar oranı fazlası reasüransı,Reinsurance covering losses above an agreed threshold.,The stop-loss treaty protects against catastrophic claims.,"Hasar oranı fazlası anlaşması, felaket niteliğindeki hasarlara karşı koruma sağlar."
S,Straight debt,Düz borç,Debt without embedded derivative or equity features.,Straight debt is measured at amortised cost.,"Düz borç, itfa edilmiş maliyetiyle ölçülür."
S,Straight-line method,Doğrusal amortisman yöntemi,Allocating cost evenly over the useful life.,The straight-line method charges equal depreciation each year.,"Doğrusal yöntem, her yıl eşit amortisman kaydeder."
S,Stress test,Stres testi,An analysis that assesses how an entity's financial position would be affected under adverse scenarios.,The bank performed a stress test to assess its capital adequacy under adverse economic conditions.,"Banka, olumsuz ekonomik koşullar altında sermaye yeterliliğini değerlendirmek için bir stres testi gerçekleştirdi."
S,Subsequent gain,Sonradan meydana gelen kazanç,A gain arising after initial recognition.,A subsequent gain was recognised in profit or loss.,"Sonradan meydana gelen kazanç, kâr veya zararda muhasebeleştirildi."
S,Subsidiary,Bağlı ortaklık,"Entity controlled by another entity, the parent.",The parent consolidates all of its subsidiaries.,"Ana ortaklık, tüm bağlı ortaklıklarını konsolide eder."
S,Subsidies,Devlet yardımları (sübvansiyon),Government assistance provided to an entity.,Government subsidies were recognised as income over the period.,"Devlet yardımları, dönem boyunca gelir olarak muhasebeleştirildi."
S,Substance over form,Özün önceliği,The principle that transactions are accounted for according to their economic substance rather than only their legal form.,"Applying substance over form, the transaction was treated as a financing arrangement.","Özün önceliği ilkesi uygulanarak işlem, bir finansman düzenlemesi olarak ele alınmıştır."
S,Substantively enacted,Yürürlüğe girmek üzere olan (henüz yasalaş-mamış ancak yasalaşacağı kesine yakın olan),Law approved in substance though not yet formally effective.,Deferred tax was measured using substantively enacted rates.,"Ertelenmiş vergi, yürürlüğe girmek üzere olan oranlar kullanılarak ölçüldü."
S,Superannuation scheme,Süper emeklilik planı,Retirement benefit plan providing pensions to its members.,Employees contribute to the superannuation scheme monthly.,"Çalışanlar, süper emeklilik planına aylık katkı yapar."
S,Superseded versions,Yenilenen kısımlar,Earlier versions of a standard replaced by a new one.,Superseded versions of the standard no longer apply.,Standardın yenilenen kısımları artık geçerli değildir.
S,Supervisory non-management directors,İcrada görev almayan yönetim kurulu üyeleri,Board members who are not part of management.,Supervisory non-management directors oversee management.,"İcrada görev almayan yönetim kurulu üyeleri, yönetimi gözetler."
S,Supplier,Tedarikçi,A party that provides goods or services to an entity in the ordinary course of business.,The entity renegotiated payment terms with its main supplier to improve working capital.,"İşletme, işletme sermayesini iyileştirmek için ana tedarikçisiyle ödeme koşullarını yeniden müzakere etti."
S,Supply agreement,Mal/hizmet alım anlaşmaları,An agreement to supply goods or services.,The supply agreement fixes prices for five years.,"Alım anlaşması, fiyatları beş yıl için sabitler."
S,Surety bonds,Kefalet bonosu veya senedi,Bond guaranteeing performance of another party's obligation.,Surety bonds were issued to guarantee the construction contract.,İnşaat sözleşmesini garanti etmek için kefalet senetleri düzenlendi.
S,Surplus in the plan,Plandaki fazla,Excess of plan assets over benefit obligations.,A surplus in the plan was recognised as an asset.,Plandaki fazla bir varlık olarak muhasebeleştirildi.
S,Surrender option,Sigorta iştira seçeneği,A policyholder's right to terminate an insurance contract and receive a surrender value.,The surrender option was considered when measuring the insurance liability.,Sigorta yükümlülüğü ölçülürken sigorta iştira seçeneği dikkate alınmıştır.
S,Surrender risk,Geri ödeme riski,Risk that a policyholder cancels a contract early.,Insurers estimate surrender risk when valuing liabilities.,Sigortacılar yükümlülükleri değerlerken geri ödeme riskini tahmin eder.
S,Surrender values,Sigorta iştira bedeli,Amount payable if an insurance policy is cancelled early.,Surrender values are lower in the early policy years.,"Sigorta iştira bedeli, poliçenin ilk yıllarında daha düşüktür."
S,Surrogate measure,Alternatif ölçüm,A substitute measure used when a direct one is unavailable.,A surrogate measure was used to estimate fair value.,Gerçeğe uygun değeri tahmin etmek için alternatif bir ölçüm kullanıldı.
S,Swap contract,Vadeli takas/değişim sözleşmesi,An agreement to exchange cash flows.,The interest rate swap hedges the floating rate.,"Faiz swapı, dalgalı faizi korumaya alır."
S,Swaption,Swaption,An option granting the holder the right to enter into an interest rate swap at a future date.,The entity purchased a swaption to protect against a future rise in interest rates.,"İşletme, gelecekte faiz oranlarının yükselmesine karşı korunmak için bir swaption satın aldı."
S,Symmetrical approach,Simetrik yaklaşım,Treating two parties symmetrically.,The symmetrical approach ensures consistent treatment.,"Simetrik yaklaşım, tutarlı işlem sağlar."
S,Syndication,Konsorsiyum (sendikasyon),Arrangement where several lenders jointly provide financing.,The loan was arranged through syndication with five banks.,"Kredi, beş bankayla sendikasyon yoluyla düzenlendi."
S,Synthetic instrument,Sentetik türev ürün,Instrument replicating another's payoff using derivatives.,A synthetic instrument was created from two derivative contracts.,İki türev sözleşmesinden sentetik bir türev ürün oluşturuldu.
T,Tainting,Cezai kural ihlali,The effect of selling held-to-maturity investments that forces the entity to reclassify the remaining portfolio.,"The sale of the bonds caused tainting, and the remaining investments were reclassified as available for sale.",Tahvillerin satışı cezai kural ihlaline yol açmış ve kalan yatırımlar satılmaya hazır olarak yeniden sınıflandırılmıştır.
T,Take-or-pay contract,Al- ya da -öde sözleşmeleri,Contract requiring payment even if goods are not taken.,The take-or-pay contract guaranteed minimum payments.,Al-ya da-öde sözleşmesi asgari ödemeleri garanti ediyordu.
T,Tangible asset,Maddi duran varlık,Asset with physical form held for use or sale.,Tangible assets include machinery and buildings.,"Maddi duran varlıklar, makine ve binaları içerir."
T,Tangible fixed asset,Maddi duran varlık,A physical asset held for use in operations.,Machinery is recognised as a tangible fixed asset.,"Makine, maddi duran varlık olarak muhasebeleştirilir."
T,Targeted exemptions,Hedeflenen muafiyetler,Limited exceptions to a requirement.,Targeted exemptions reduce the cost of first-time adoption.,"Hedeflenen muafiyetler, ilk kez uygulamanın maliyetini azaltır."
T,Tax,Vergi,"A compulsory charge levied by a government on income, profits or transactions.",Current tax is measured at the amount expected to be paid to the tax authorities.,"Cari vergi, vergi idaresine ödenmesi beklenen tutar üzerinden ölçülür."
T,Tax base,Vergiye esas değer / vergi matrahı,The amount attributed to an asset for tax purposes.,The tax base differs from the carrying amount.,"Vergiye esas değer, defter değerinden farklıdır."
T,Tax base of an asset or liability,Bir varlık veya borcun vergiye esas değeri/ matrahı,Amount attributed to an asset or liability for tax purposes.,The tax base of the asset differs from its carrying amount.,"Varlığın vergiye esas değeri, defter değerinden farklıdır."
T,Tax benefit,Vergi faydası,Reduction in tax payable or increase in deferred tax asset.,The deductible temporary difference produced a tax benefit.,İndirilebilir geçici fark bir vergi faydası doğurdu.
T,Tax effects,Vergi etkileri,The income tax consequences of a transaction or adjustment recognised in the financial statements.,The tax effects of the revaluation were recognised in other comprehensive income.,"Yeniden değerlemenin vergi etkileri, diğer kapsamlı gelirde muhasebeleştirilmiştir."
T,Tax expense (tax income),Vergi gideri (vergi geliri),Aggregate tax amount recognised in profit or loss.,Tax expense rose due to higher deferred tax.,Artan ertelenmiş vergi nedeniyle vergi gideri yükseldi.
T,Tax jurisdiction,Vergi düzenlemeleri,Country or region having its own taxing authority.,Deferred tax is measured for each tax jurisdiction.,"Ertelenmiş vergi, her vergi yargı bölgesi için ölçülür."
T,Tax liability,Vergi borcu,An obligation to pay tax to a tax authority.,The current tax liability is settled within twelve months.,"Cari vergi borcu, on iki ay içinde ödenir."
T,Tax purposes,Vergi amaçları,Purposes relating to taxation.,The asset's tax base is determined for tax purposes.,"Varlığın vergi matrahı, vergi amaçları için belirlenir."
T,Tax rate,Vergi oranı,The percentage at which an entity's taxable income or profit is taxed.,Deferred tax balances were remeasured using the tax rate expected to apply when the liability is settled.,"Ertelenmiş vergi bakiyeleri, yükümlülüğün ödeneceği dönemde geçerli olması beklenen vergi oranı kullanılarak yeniden ölçüldü."
T,Taxable profit (tax loss),Vergilendirilebilir kâr / zarar,Profit or loss determined for tax purposes.,Taxable profit is determined under tax law.,"Vergilendirilebilir kâr, vergi mevzuatına göre belirlenir."
T,Taxable temporary difference,Vergilendirilebilir geçici fark,Difference that will result in taxable amounts in future periods.,A taxable temporary difference gives rise to a deferred tax liability.,"Vergilendirilebilir geçici fark, ertelenmiş vergi borcu doğurur."
T,Taxation,Vergileme,The levying of taxes on income or activities.,Taxation comprises current and deferred tax expense.,"Vergileme, dönem vergisi ve ertelenmiş vergi giderinden oluşur."
T,Technical feasibility and commercial viability of extracting a mineral resource,Bir maden kaynağından cevher çıkarmanın teknik yapılabilirliği ve ticari uygulanabilirliği,The criteria that determine when exploration and evaluation assets cease to be classified as such.,"Once technical feasibility and commercial viability of extracting a mineral resource were demonstrated, the assets were reclassified.","Bir maden kaynağından cevher çıkarmanın teknik yapılabilirliği ve ticari uygulanabilirliği kanıtlandığında, varlıklar yeniden sınıflandırılmıştır."
T,Temporary difference,Geçici fark,Difference between the tax base and carrying amount of an asset.,The temporary difference created a deferred tax liability.,Geçici fark ertelenmiş vergi borcu yarattı.
T,Tender offer,Aleni pay alım teklifi,"Public offer to buy shareholders' shares, often at a premium.",The company made a tender offer for all outstanding shares.,"Şirket, tedavüldeki tüm hisseler için aleni pay alım teklifi yaptı."
T,Termination benefits,İşten çıkarma tazminatları,Benefits provided on terminating an employee's employment.,Termination benefits are recognised when the offer is accepted.,"İşten çıkarma tazminatları, teklif kabul edildiğinde muhasebeleştirilir."
T,Tests goodwill for impairment,Şerefiyeye ilişkin değer düşüklüğü testleri,Annual testing of goodwill for impairment.,The entity tests goodwill for impairment annually.,"İşletme, şerefiyeyi yıllık olarak değer düşüklüğü testine tabi tutar."
T,The Effects of Changes in Foreign Exchange Rates,Kur Değişiminin Etkileri,The standard governing the translation of foreign currency transactions and financial statements into the presentation currency.,The Effects of Changes in Foreign Exchange Rates prescribes how to account for exchange differences.,"Kur Değişiminin Etkileri standardı, kur farklarının nasıl muhasebeleştirileceğini düzenler."
T,"The Limit on a Defined Benefit Asset, Minimum Funding Requirements and Their Interaction","Tanımlanmış Fayda Varlığının Sınırı, Asgari Fonlama Koşulları ve Bu Koşuların Birbiri ile Etkileşimi",Interpretation on the limit on a defined benefit asset.,The interpretation limits the recognised net defined benefit asset.,"Bu yorum, tanınan net tanımlanmış fayda varlığını sınırlar."
T,Theoretical ex-rights value per share,Hisse senedi hakları kullanıldıktan sonraki hisse başına teorik değer,Theoretical price per share after a rights issue.,EPS for prior periods is adjusted by the theoretical ex-rights value per share.,"Önceki dönemlere ilişkin HBK, haklar kullanıldıktan sonraki hisse başına teorik değere göre düzeltilir."
T,Three-category approach,Üç-kategori yaklaşımı,Classification of financial assets into three measurement categories.,The three-category approach replaced the older four-category model.,"Üç-kategori yaklaşımı, eski dört-kategori modelinin yerini aldı."
T,Time value of money,Paranın zaman değeri,The concept that money available today is worth more than the same amount received in the future.,The discount rate reflected the time value of money and the risks specific to the liability.,"İskonto oranı, paranın zaman değerini ve yükümlülüğe özgü riskleri yansıtıyordu."
T,Time-weighting factor,Zaman ağırlık faktörü,Fraction of a period used to weight an amount.,The time-weighting factor reflected six months of use.,Zaman ağırlık faktörü altı aylık kullanımı yansıttı.
T,To market individual units ‘off plan’,İnşaat devam ederken ya da inşaat başlamadan önce müstakil birimleri pazarlamak,Selling properties before or during construction.,The developer began to market individual units off plan.,"Müteahhit, inşaat başlamadan müstakil birimleri pazarlamaya başladı."
T,To ‘manufacture’ gains,Duran varlık takas/değişim kârları,Creating apparent gains through asset exchanges.,Entities should not manufacture gains through related-party exchanges.,"İşletmeler, ilişkili taraf takaslarıyla yapay kâr yaratmamalıdır."
T,Top-down test,Yukarıdan aşağıya hesaplama,An impairment test starting at a higher level.,The top-down test assesses the larger cash generating unit.,"Yukarıdan aşağıya test, daha büyük nakit yaratan birimi değerlendirir."
T,Total comprehensive income,Toplam kapsamlı gelir,The total of profit or loss for a period plus other comprehensive income items.,Total comprehensive income for the year comprises profit or loss and other comprehensive income.,"Yılın toplam kapsamlı geliri, kâr veya zarar ile diğer kapsamlı gelirden oluşur."
T,Total return swap,Toplam getirilerin takası,A swap exchanging total returns.,The total return swap transfers the economic return of an asset.,"Toplam getiri swapı, bir varlığın ekonomik getirisini devreder."
T,Trade date,Ticari işlem tarihi,Date the entity commits to buy or sell an asset.,The purchase is recognised on the trade date.,"Alım, ticari işlem tarihinde muhasebeleştirilir."
T,Trade date accounting,İşlem tarihi muhasebesi,Recognising transactions on the date they are agreed.,"Under trade date accounting, the asset is recognised at trade date.","İşlem tarihi muhasebesine göre varlık, işlem tarihinde muhasebeleştirilir."
T,Trade receivable,Ticari alacak,An amount owed by a customer for goods or services sold on credit.,Trade receivables are measured at transaction price less any loss allowance.,"Ticari alacaklar, işlem bedelinden zarar karşılığı düşülerek ölçülür."
T,Trade secret,Ticari sır,Confidential business information giving a competitive advantage.,The formula was protected as a trade secret.,Formül ticari sır olarak korundu.
T,Trading financial asset or liability held – for trading,Ticari (Alım satım amacıyla) amaçla elde tutulan finansal varlık veya borçlar,Financial instrument held principally for short-term trading profit.,Trading financial assets are measured at fair value.,Ticari amaçla elde tutulan finansal varlıklar gerçeğe uygun değerle ölçülür.
T,Trading gains and losses,Ticari kazanç ve kayıplar,Gains and losses from buying and selling financial instruments.,Trading gains and losses are recognised in profit or loss.,"Ticari kazanç ve kayıplar, kâr veya zararda muhasebeleştirilir."
T,Transaction,İşlem,An event that affects the financial position.,Each transaction is recorded in the accounting system.,"Her işlem, muhasebe sistemine kaydedilir."
T,Transaction costs (financial instruments),İşlem maliyetleri (finansal araçlar),"Incremental costs directly attributable to the acquisition, issue or disposal of a financial instrument.",Transaction costs directly attributable to the issue of the financial liability are deducted from its carrying amount.,"Finansal borcun ihracına doğrudan atfedilebilen işlem maliyetleri, defter değerinden düşülür."
T,Transaction price,İşlem fiyatı,The price of a transaction between parties.,The transaction price is allocated to performance obligations.,"İşlem fiyatı, edim yükümlülüklerine dağıtılır."
T,Transfer,"Transfer, devir, aktarma","Movement of an asset, liability or amount between categories.",The transfer of assets to the fund was completed in June.,Varlıkların fona devri haziranda tamamlandı.
T,Transfer of control,Kontrolün devredilmesi,Passing the power to direct the use of an asset.,Revenue is recognised upon transfer of control to the customer.,"Gelir, kontrolün müşteriye devredilmesiyle muhasebeleştirilir."
T,Transfer of risks and rewards,Risk ve getirilerin devredilmesi,The criterion used to determine whether control of an asset has passed from one party to another.,Derecognition depended on whether there had been a transfer of risks and rewards.,"Kayıttan çıkarma, risk ve getirilerin devredilip devredilmediğine bağlıydı."
T,Transferee,Transfer edilen (devredilen veya alan),Party that receives assets or rights in a transfer.,The transferee assumed the related obligations.,Transfer edilen taraf ilgili yükümlülükleri üstlendi.
T,Transferor,Transfer eden (devreden veya veren),Party that transfers an asset to another party.,The transferor derecognized the transferred financial assets.,"Transfer eden taraf, devredilen finansal varlıkları bilanço dışı bıraktı."
T,Transfers of assets from customers,Müşterilerden varlık transferleri,Assets received from customers for connecting to a network.,Assets transferred from customers are recognised at fair value.,"Müşterilerden devredilen varlıklar, gerçeğe uygun değeriyle muhasebeleştirilir."
T,Transitional liability (defined benefit plans),Geçici borç (tanımlanmış sosyal güvenlik planları),An additional liability on transition to a new standard.,The transitional liability arose on adopting the revised standard.,"Geçici borç, revize standart benimsenirken doğdu."
T,Translation difference,Kur farkı,The difference arising from translating an entity's financial statements from its functional currency into a different presentation currency.,Translation differences on converting the foreign operation's results are recognised in other comprehensive income.,Yabancı faaliyetin sonuçlarının çevrilmesinden kaynaklanan kur farkları diğer kapsamlı gelirde muhasebeleştirilir.
T,Translation method,Yabancı para çevrim yöntemi,The method for translating foreign currency balances.,The translation method uses the closing rate for assets.,"Çevrim yönteminde, varlıklar için kapanış kuru kullanılır."
T,Translation of foreign currency,Yabancı paranın (döviz) çevrimi,Converting amounts in one currency into another currency.,Translation of foreign currency balances uses the closing rate.,Yabancı para bakiyelerinin çevrimi kapanış kuru kullanılarak yapılır.
T,Translation of the financial statements,Finansal tabloların bir başka para birimi cinsinden ifade edilmesi,Converting financial statements from one currency to another.,Translation of the financial statements used the closing rate.,Finansal tabloların başka bir para birimi cinsinden ifade edilmesinde kapanış kuru kullanıldı.
T,Translation to the presentation currency,Raporlamada kullanılan para birimi cinsinden ifade edilmesi,The process of converting financial statements from the functional currency into the currency of presentation.,Assets and liabilities were translated to the presentation currency at the closing rate.,"Varlık ve yükümlülükler, raporlamada kullanılan para birimi cinsinden kapanış kuru üzerinden ifade edilmiştir."
T,Transparency,Şeffaflık,Open and clear disclosure of relevant information.,Transparency of disclosures improved investor confidence.,Açıklamaların şeffaflığı yatırımcı güvenini artırdı.
T,Treasury shares,İşletmenin geri satın alınan kendi hisseleri,Entity's own shares reacquired and held by it.,Treasury shares are deducted from equity.,İşletmenin geri satın alınan kendi hisseleri özkaynaktan indirilir.
T,Triggering event,Tetikleyici olay,An event that prompts a reassessment or recognition.,A triggering event required the entity to test the asset for impairment.,"Tetikleyici bir olay, işletmenin varlığı değer düşüklüğü testine tabi tutmasını gerektirdi."
T,Trust activities,Özel amaçlı vakıf faaliyetleri,Activities in which an entity holds assets in trust.,Trust activities require separate disclosure.,"Özel amaçlı vakıf faaliyetleri, ayrı açıklama gerektirir."
T,Trustee,Mütevelli,A person or entity that holds and administers assets on behalf of beneficiaries.,The trustee is responsible for administering the pension fund in the interest of the beneficiaries.,"Mütevelli, emeklilik fonunu yararlanıcıların çıkarına yönetmekle sorumludur."
T,Two-class ordinary shares,Farklı temettü oranına sahip adi hisse senetleri,Ordinary shares with different dividend rights.,Two-class ordinary shares affect the EPS calculation.,"Farklı temettü oranlı adi hisseler, HBK hesabını etkiler."
T,Two-step approach,İki basamaklı yaklaşım,Method applying two sequential tests to a question.,The two-step approach first identifies then measures the obligation.,"İki basamaklı yaklaşım, önce yükümlülüğü belirler sonra ölçer."
U,Ultimate controlling party,Nihai kontrol gücüne sahip taraf,The party at the top of the control chain.,The ultimate controlling party was disclosed in the notes.,"Nihai kontrol gücüne sahip taraf, dipnotlarda açıklandı."
U,Unallocated surplus,Dağıtılmamış olumlu fark (Dağıtılmamış fazla),The excess of a defined benefit plan's assets over liabilities that is not allocated to specific benefits.,The unallocated surplus in the pension fund was disclosed to the plan members.,"Emeklilik fonundaki dağıtılmamış olumlu fark, plan üyelerine açıklanmıştır."
U,Unamortised,İtfa edilmemiş,Not yet written off over the asset's useful life.,The unamortised balance remains on the balance sheet.,İtfa edilmemiş bakiye bilançoda kalmaya devam eder.
U,Unbundle,Kalem bazında poliçe hesabı (Unsurların tek tek gösterilmesi),Separately accounting for distinct components of a contract.,The insurer must unbundle certain embedded derivatives.,"Sigortacı, belirli gömülü türevleri ayrı olarak muhasebeleştirmelidir."
U,Uncertain event,Belirsiz (kesin olmayan) olay,An event whose outcome is not yet known.,An uncertain event may affect the measurement of the provision.,"Belirsiz bir olay, karşılığın ölçümünü etkileyebilir."
U,Uncollectability,Tahsili şüpheli duruma gelme,The likelihood that receivables will not be collected.,Provision is made for uncollectability of receivables.,Alacakların tahsili şüpheli duruma gelmesi için karşılık ayrılır.
U,Unconditional prohibitions,Koşulsuz yasaklamalar,Absolute restrictions that apply without any exceptions or conditions.,The standard imposes unconditional prohibitions on recognising certain internally generated intangibles.,"Standart, belirli işletme içinde yaratılan maddi olmayan duran varlıkların muhasebeleştirilmesine yönelik koşulsuz yasaklamalar getirir."
U,Unconditional right to refuse redemption,Geri satın alımı reddetmeye ilişkin koşulsuz hak,A right to refuse to redeem an instrument.,The unconditional right to refuse redemption supports equity classification.,"Geri satın alımı reddetme hakkı, özkaynak sınıflandırmasını destekler."
U,Underlying asset,İşleme konu varlık,Asset whose price determines the value of a derivative.,The option's value follows the underlying asset's price.,"Opsiyonun değeri, işleme konu varlığın fiyatını izler."
U,Underlying variable,Belirlenmiş değişken,Variable that determines the value of a derivative.,The underlying variable was an interest rate index.,Belirlenmiş değişken bir faiz oranı endeksiydi.
U,Understandability,Anlaşılabilirlik,The qualitative characteristic whereby information is presented clearly and concisely so users can comprehend it.,The notes were written with a focus on understandability for non-specialist users.,"Dipnotlar, uzman olmayan kullanıcılar için anlaşılabilirlik odaklı yazılmıştır."
U,Underwriting year,Poliçe yılı,Year in which an insurance contract was written.,Claims are tracked by underwriting year.,Hasarlar poliçe yılına göre izlenir.
U,Undistributed earnings,Dağıtılmamış kazançlar (kârlar),Profits retained in the entity and not yet distributed.,Undistributed earnings are available for future investment.,"Dağıtılmamış kazançlar, gelecekteki yatırımlar için kullanılabilir."
U,Undrawn loan commitment,Kullanılmamış kredi taahhüdü,A commitment to lend funds not yet drawn down.,Fees on undrawn loan commitments are recognised over time.,"Kullanılmamış kredi taahhüdüne ilişkin ücretler, zaman içinde muhasebeleştirilir."
U,Undue cost or effort,Kesinleşmemiş maliyet veya harcamalar,Cost or effort considered excessive.,The disclosure is required unless it involves undue cost or effort.,"Açıklama, aşırı maliyet veya çaba gerektirmedikçe yapılır."
U,Unearned finance income,Kazanılmamış finansman geliri,Finance income relating to future periods that has not yet been earned and is therefore deferred.,Unearned finance income is allocated to future periods over the lease term.,"Kazanılmamış finansman geliri, kiralama süresi boyunca gelecek dönemlere dağıtılır."
U,Unearned premiums,Kazanılmamış primler,Premiums received for future coverage periods.,Unearned premiums are recognised as a liability.,"Kazanılmamış primler, borç olarak muhasebeleştirilir."
U,Unguaranteed residual value,Garanti edilmemiş kalıntı değer,Portion of residual value not guaranteed by the lessee.,The lessor bears the risk of the unguaranteed residual value.,"Kiraya veren, garanti edilmemiş kalıntı değerin riskini taşır."
U,Uniform accounting policies,Tekdüzen muhasebe politikaları,Same accounting policies applied across all group entities.,Consolidation requires uniform accounting policies throughout the group.,"Konsolidasyon, grup genelinde tekdüzen muhasebe politikaları gerektirir."
U,Unit of account,Hesap birimi,The level at which an asset or liability is aggregated or disaggregated for recognition and measurement.,The unit of account determined how the financial instrument was measured.,"Hesap birimi, finansal aracın nasıl ölçüleceğini belirlemiştir."
U,Unit of production,Üretim birimi,Depreciation method based on output or usage.,The machine is depreciated using the unit of production method.,Makine üretim birimi yöntemiyle amortismana tabi tutulur.
U,Unit trust,Tröst birliği,Investment fund pooling money from many investors.,The unit trust invests in a diversified bond portfolio.,"Tröst birliği, çeşitlendirilmiş bir tahvil portföyüne yatırım yapar."
U,Unit value,Birim değer,The value of one unit in an investment fund.,The unit value of the fund is calculated daily.,Fonun birim değeri günlük olarak hesaplanır.
U,Unit-linking feature,Birim birleştirici özellik,A feature linking value to fund units.,The unit-linking feature ties the benefit to fund units.,"Birim birleştirici özellik, faydayı fon birimlerine bağlar."
U,Uniting of interests,Çıkarların birleştirilmesi,A former method of accounting for business combinations in which entities combined on equal terms without identifying an acquirer.,The uniting of interests method was previously used when two entities of similar size combined.,"Çıkarların birleştirilmesi yöntemi, benzer büyüklükteki iki işletmenin birleşmesi durumunda eskiden kullanılırdı."
U,Unquoted,Borsaya kayıtlı olmayan,Not listed on a stock exchange.,Unquoted instruments are measured using valuation techniques.,"Borsaya kayıtlı olmayan araçlar, değerleme teknikleriyle ölçülür."
U,Unquoted equity instruments,Borsaya kayıtlı olmayan özkaynağa dayalı finansal araç,Equity instruments not traded on an active market.,Unquoted equity instruments are measured at fair value.,Borsaya kayıtlı olmayan özkaynağa dayalı araçlar gerçeğe uygun değerle ölçülür.
U,Unrecognised,Muhasebeleştirilmemiş,Not recorded in the financial statements as an asset or liability.,The deferred tax asset remained unrecognised at year end.,Ertelenmiş vergi varlığı yıl sonunda muhasebeleştirilmemiş olarak kaldı.
U,Unrecognised financial instruments,Muhasebeleştirilmemiş finansal araçlar,Financial instruments that are not recorded in the financial statements but may affect future cash flows.,Unrecognised financial instruments were described in the risk management disclosures.,"Muhasebeleştirilmemiş finansal araçlar, risk yönetimi açıklamalarında tanımlanmıştır."
U,Unsecured commercial loans,Teminata bağlanmamış ticari krediler,Loans without collateral backing the obligation.,Unsecured commercial loans carry higher interest rates.,Teminata bağlanmamış ticari krediler daha yüksek faiz oranı taşır.
U,Upstream transactions,Ortaklarla işlemler,Transactions between an associate and its investor.,Upstream transactions are eliminated to the extent of the interest.,"Ortaklarla işlemler, iştirak oranı ölçüsünde elimine edilir."
U,Useful life,"Faydalı ömür, hizmet süresi",The period an asset is expected to be used by the entity.,The useful life of the equipment is estimated at eight years.,Ekipmanın faydalı ömrü sekiz yıl olarak tahmin edilmektedir.
U,User [of financial statements],Kullanıcı (finansal tabloları kullanan),A person who relies on financial statements.,Users of financial statements make economic decisions.,"Finansal tablo kullanıcıları, ekonomik kararlar alır."
U,Users,Kullanıcılar,"Parties who use financial statements to make economic decisions, including investors, lenders and other creditors.",The financial statements are prepared to meet the common information needs of a wide range of users.,"Finansal tablolar, çok çeşitli kullanıcıların ortak bilgi ihtiyaçlarını karşılamak üzere hazırlanır."
U,Users of financial statements,Finansal tabloların kullanıcıları,Those who rely on financial statements.,Users of financial statements include investors and lenders.,"Finansal tablo kullanıcıları, yatırımcı ve borç verenleri içerir."
V-W,Valid expectation,Geçerli beklenti,Expectation created in employees that a benefit will be provided.,A valid expectation arises when the entity has no realistic alternative.,İşletmenin gerçekçi bir alternatifi olmadığında geçerli bir beklenti doğar.
V-W,Valuation,Değerleme,Process of determining the value of an asset or liability.,The valuation of the investment property used market data.,Yatırım amaçlı gayrimenkulün değerlemesinde piyasa verileri kullanıldı.
V-W,Valuation method,Değerleme yöntemi,The technique used to determine the fair value or carrying amount of an item.,The valuation method used for the unquoted shares was the market approach.,"Kote edilmemiş hisseler için kullanılan değerleme yöntemi, piyasa yaklaşımıydı."
V-W,Valuation technique,Değerleme tekniği,Method used to estimate the fair value of an asset.,The entity applied a market-based valuation technique.,İşletme piyasa temelli bir değerleme tekniği uyguladı.
V-W,Value added statement,Katma değer tablosu,Statement showing value created and distributed by an entity.,The value added statement shows distribution to employees and government.,"Katma değer tablosu, çalışanlara ve devlete yapılan dağıtımı gösterir."
V-W,Value in use,Kullanım değeri,Present value of cash flows expected from an asset.,The recoverable amount is the higher of fair value less costs and value in use.,"Geri kazanılabilir tutar, gerçeğe uygun değerden maliyetler düşülerek bulunan tutar ile kullanım değerinden yüksek olanıdır."
V-W,Value-at-risk,Riske maruz değer,A statistical measure of potential loss.,Value-at-risk estimates losses over a given period.,"Riske maruz değer, belirli bir dönemdeki kayıpları tahmin eder."
V-W,Variable production overheads,Değişken üretim genel giderleri,"Indirect production costs that vary directly with the volume of production, such as indirect materials and energy.",Variable production overheads are allocated to inventory on the basis of actual use of the production facilities.,"Değişken üretim genel giderleri, stoklara üretim tesislerinin fiili kullanımı esas alınarak dağıtılır."
V-W,Venture capital organisation,Girişim sermayesi organizasyonu / şirketi,An entity investing in venture capital.,A venture capital organisation measures investments at fair value.,"Girişim sermayesi şirketi, yatırımlarını gerçeğe uygun değeriyle ölçer."
V-W,Venturer,"Ortak girişimci, risk sermayedarı",Party that participates in a joint venture.,The venturer accounts for its interest using the equity method.,"Ortak girişimci, payını özkaynak yöntemiyle muhasebeleştirir."
V-W,Vest,Hak kazanmak,To become an unconditional entitlement for the employee.,The share options vest after three years of service.,"Pay opsiyonları, üç yıllık hizmetin ardından hak kazanılır."
V-W,Vested benefits,Kazanılmış haklar,Benefits that an employee is entitled to receive even if employment ends before retirement.,Vested benefits are not conditional on continued future service.,"Kazanılmış haklar, gelecekte hizmetin sürdürülmesi koşuluna bağlı değildir."
V-W,Vested employee benefits,Giydirilmiş personel sosyal hakları,Benefits to which employees have an irrevocable right.,Vested employee benefits cannot be forfeited.,Giydirilmiş personel sosyal hakları kaybedilemez.
V-W,Vesting conditions,Hakediş koşulları,Conditions determining when an employee becomes entitled to benefits.,Vesting conditions include service and performance requirements.,"Hakediş koşulları, hizmet ve performans şartlarını içerir."
V-W,Vesting period,Hakediş dönemi,The period over which vesting conditions must be met.,The expense is recognised over the vesting period.,"Gider, hakediş dönemi boyunca muhasebeleştirilir."
V-W,Voting rights,Oy hakları,Rights to vote at shareholder meetings.,Voting rights determine control over the entity.,"Oy hakları, işletme üzerindeki kontrolü belirler."
V-W,Warrant,Hisse senedi alma hakkı veren finansal araç,A financial instrument that gives the holder the right to purchase shares at a specified price within a set period.,The detachable warrant entitled the bondholder to buy ordinary shares at a fixed price.,"Ayrılabilir warrant, tahvil sahibine sabit bir fiyattan adi hisse satın alma hakkı veriyordu."
V-W,Warranty,Garanti,A promise to repair or replace goods.,The warranty obligation is recognised as a provision.,"Garanti yükümlülüğü, karşılık olarak muhasebeleştirilir."
V-W,Warranty obligation,Garanti yükümlülüğü,Obligation to repair or replace goods sold under warranty.,A warranty obligation is recognised when products are sold.,Ürünler satıldığında bir garanti yükümlülüğü muhasebeleştirilir.
V-W,Wash sale,Aynı anda alım satım,Sale and repurchase of the same security.,The wash sale was excluded from revenue for tax purposes.,"Aynı anda alım satım işlemi, vergi amacıyla gelirden hariç tutuldu."
V-W,Waterfall structure,Şelale (kademelendirme) yapısı,A contractual arrangement that specifies the order in which cash flows are distributed to different classes of investors.,"Under the waterfall structure, senior noteholders are paid before equity investors.","Şelale yapısı uyarınca, öncelikli tahvil sahiplerine özkaynak yatırımcılarından önce ödeme yapılır."
V-W,Wear and tear,Aşınma ve yıpranma,Physical deterioration reducing an asset's value.,Depreciation reflects wear and tear of the equipment.,"Amortisman, ekipmanın aşınma ve yıpranmasını yansıtır."
V-W,Weather derivatives,İklime dayalı türev ürünler,Derivatives whose value depends on weather conditions.,The utility uses weather derivatives to hedge revenue risk.,"Elektrik şirketi, hasılat riskinden korunmak için iklime dayalı türev ürünler kullanır."
V-W,Weighted average,Ağırlıklı ortalama,An average giving different weights to different items.,The weighted average cost of inventory is used for valuation.,Stok değerlemesinde ağırlıklı ortalama maliyet kullanılır.
V-W,Weighted average cost formula,Ağırlıklı ortalama maliyet yöntemi,Inventory costing using weighted average cost.,The weighted average cost formula is applied to inventory.,"Ağırlıklı ortalama maliyet yöntemi, stoklara uygulanır."
V-W,Weighted average number of ordinary shares outstanding during the period,Tedavüldeki (mevcut) adi hisse senetlerinin dönem boyu ağırlıklı ortalaması,"The average number of ordinary shares outstanding during a period, weighted by the time each share was outstanding.",Basic earnings per share is calculated using the weighted average number of ordinary shares outstanding during the period.,"Temel hisse başına kazanç, tedavüldeki adi hisse senetlerinin dönem boyu ağırlıklı ortalaması kullanılarak hesaplanır."
V-W,Whole of life infrastructure,Tüm kullanılabilir ömür altyapıları,Infrastructure used over its entire life.,Whole of life infrastructure assets are measured over their useful life.,"Tüm ömür altyapı varlıkları, faydalı ömürleri boyunca ölçülür."
V-W,Wholly-owned subsidiary,Tamamına sahip olunan bağlı ortaklık,Subsidiary in which the parent holds all shares.,The wholly-owned subsidiary has no non-controlling interests.,Tamamına sahip olunan bağlı ortaklığın kontrol gücü olmayan payları yoktur.
V-W,Willing parties,İstekli gruplar,Buyer and seller that are both willing to transact.,Fair value assumes a transaction between willing parties.,"Gerçeğe uygun değer, istekli taraflar arasında bir işlem varsayar."
V-W,Wind-up,Sona erme,The process of terminating an entity or plan and settling its remaining obligations.,"On wind-up of the plan, the remaining assets were distributed to members.","Planın sona ermesi üzerine, kalan varlıklar üyelere dağıtılmıştır."
V-W,Work in progress,Yarı mamul,Partially finished goods still in the production process.,Work in progress is valued at cost.,Yarı mamul maliyet bedeliyle değerlenir.
V-W,Working capital,İşletme sermayesi,Current assets minus current liabilities of an entity.,Working capital decreased due to higher inventory levels.,"İşletme sermayesi, artan stok seviyeleri nedeniyle azaldı."
V-W,Worst-case scenario,En kötü durum senaryosu,The most unfavourable outcome considered in an analysis.,Sensitivity analysis considered the worst-case scenario.,"Duyarlılık analizi, en kötü durum senaryosunu dikkate aldı."
V-W,Write off,İptal etmek,Removing an asset's value as irrecoverable.,The unrecoverable receivable was written off.,Tahsil edilemeyen alacak iptal edildi.
V-W,Write-down,Defter değerini düşürme / azaltma,A reduction in the carrying amount of an asset to reflect a decline in its value or recoverable amount.,The inventory write-down was recognised as an expense in the period the decline occurred.,"Stok değerinin düşürülmesi, değer kaybının oluştuğu dönemde gider olarak muhasebeleştirildi."
V-W,Written option,Yazılı opsiyon,An option sold by its writer.,A written option creates an obligation for the writer.,"Yazılı opsiyon, ihraççı için bir yükümlülük doğurur."
Y-Z,Year-to-date,Yılbaşından bugüne kadar,Period from the start of the year to the current date.,Year-to-date revenue grew by eight percent.,Yılbaşından bugüne kadar gelir yüzde sekiz arttı.
Y-Z,Zero-cost interest rate collar,Sıfır maliyetli faiz oranı koruması,Interest rate collar structured with no net premium.,The entity entered a zero-cost interest rate collar to cap its exposure.,"İşletme, risk maruziyetini sınırlamak için sıfır maliyetli bir faiz oranı koruması yaptı."
Y-Z,Zero-coupon government issues,Kupon ödemesiz ihraç edilen hazine kâğıtları,Government securities issued at a discount that pay no periodic interest and repay face value at maturity.,The portfolio included zero-coupon government issues measured at amortised cost.,"Portföy, itfa edilmiş maliyetinden ölçülen kupon ödemesiz ihraç edilen hazine kâğıtlarını içeriyordu."
